DROP TABLE IF EXISTS `academic_years`;
/*!40101 SET @saved_cs_client     = @@character_set_client */;
/*!50503 SET character_set_client = utf8mb4 */;
CREATE TABLE `academic_years` (
  `id` bigint(20) unsigned NOT NULL AUTO_INCREMENT,
  `label` varchar(255) NOT NULL,
  `starts_at` date NOT NULL,
  `ends_at` date DEFAULT NULL,
  `is_current` tinyint(1) NOT NULL DEFAULT 0,
  `created_at` timestamp NULL DEFAULT NULL,
  `updated_at` timestamp NULL DEFAULT NULL,
  PRIMARY KEY (`id`),
  UNIQUE KEY `academic_years_label_unique` (`label`)
) ENGINE=InnoDB AUTO_INCREMENT=3 DEFAULT CHARSET=utf8mb4 COLLATE=utf8mb4_unicode_ci;
/*!40101 SET character_set_client = @saved_cs_client */;

--
-- Dumping data for table `academic_years`
--

LOCK TABLES `academic_years` WRITE;
/*!40000 ALTER TABLE `academic_years` DISABLE KEYS */;
INSERT INTO `academic_years` VALUES (1,'2024-2025','2024-11-01','2025-11-03',0,'2025-10-29 04:05:00','2025-11-03 06:07:03'),(2,'2025-2026','2025-09-14',NULL,1,'2025-11-03 06:07:43','2025-11-03 06:07:43');
/*!40000 ALTER TABLE `academic_years` ENABLE KEYS */;
UNLOCK TABLES;

--
-- Table structure for table `activity_log`
--

DROP TABLE IF EXISTS `college_grading_scales`;
/*!40101 SET @saved_cs_client     = @@character_set_client */;
/*!50503 SET character_set_client = utf8mb4 */;
CREATE TABLE `college_grading_scales` (
  `id` bigint(20) unsigned NOT NULL AUTO_INCREMENT,
  `college_id` bigint(20) unsigned NOT NULL,
  `grade_name` varchar(255) NOT NULL,
  `letter_grade` varchar(255) NOT NULL,
  `min_score` decimal(5,2) NOT NULL,
  `max_score` decimal(5,2) NOT NULL,
  `is_passing` tinyint(1) NOT NULL DEFAULT 1,
  `order` int(11) NOT NULL DEFAULT 0,
  `created_at` timestamp NULL DEFAULT NULL,
  `updated_at` timestamp NULL DEFAULT NULL,
  PRIMARY KEY (`id`),
  UNIQUE KEY `college_grading_scales_college_id_grade_name_unique` (`college_id`,`grade_name`),
  CONSTRAINT `college_grading_scales_college_id_foreign` FOREIGN KEY (`college_id`) REFERENCES `colleges` (`id`) ON DELETE CASCADE
) ENGINE=InnoDB AUTO_INCREMENT=21 DEFAULT CHARSET=utf8mb4 COLLATE=utf8mb4_unicode_ci;
/*!40101 SET character_set_client = @saved_cs_client */;

--
-- Dumping data for table `college_grading_scales`
--

LOCK TABLES `college_grading_scales` WRITE;
/*!40000 ALTER TABLE `college_grading_scales` DISABLE KEYS */;
INSERT INTO `college_grading_scales` VALUES (1,1,'A','ممتاز',90.00,100.00,1,1,'2025-10-29 04:04:05','2025-10-29 04:04:05'),(2,1,'B','جيد جدا',80.00,89.00,1,2,'2025-10-29 04:04:05','2025-10-29 04:04:05'),(3,1,'C','جيد',70.00,79.00,1,3,'2025-10-29 04:04:05','2025-10-29 04:04:05'),(4,1,'D','مقبول',65.00,69.00,1,4,'2025-10-29 04:04:05','2025-10-29 04:04:05'),(5,1,'F','ضعيف',1.00,64.00,0,5,'2025-10-29 04:04:05','2025-10-29 04:04:05'),(6,2,'A','ممتاز',90.00,100.00,1,1,'2025-10-29 04:04:05','2025-10-29 04:04:05'),(7,2,'B','جيد جدا',80.00,89.00,1,2,'2025-10-29 04:04:05','2025-10-29 04:04:05'),(8,2,'C','جيد',65.00,79.00,1,3,'2025-10-29 04:04:05','2025-10-29 04:04:05'),(9,2,'D','مقبول',50.00,64.00,1,4,'2025-10-29 04:04:05','2025-10-29 04:04:05'),(10,2,'F','ضعيف',1.00,49.00,0,5,'2025-10-29 04:04:05','2025-10-29 04:04:05'),(11,3,'A','ممتاز',90.00,100.00,1,1,'2025-10-29 04:04:05','2025-10-29 04:04:05'),(12,3,'B','جيد جدا',80.00,89.00,1,2,'2025-10-29 04:04:05','2025-10-29 04:04:05'),(13,3,'C','جيد',65.00,79.00,1,3,'2025-10-29 04:04:05','2025-10-29 04:04:05'),(14,3,'D','مقبول',50.00,64.00,1,4,'2025-10-29 04:04:05','2025-10-29 04:04:05'),(15,3,'F','ضعيف',1.00,49.00,0,5,'2025-10-29 04:04:05','2025-10-29 04:04:05'),(16,4,'A','ممتاز',90.00,100.00,1,1,'2025-10-29 04:04:05','2025-10-29 04:04:05'),(17,4,'B','جيد جدا',80.00,89.00,1,2,'2025-10-29 04:04:05','2025-10-29 04:04:05'),(18,4,'C','جيد',65.00,79.00,1,3,'2025-10-29 04:04:05','2025-10-29 04:04:05'),(19,4,'D','مقبول',50.00,64.00,1,4,'2025-10-29 04:04:05','2025-10-29 04:04:05'),(20,4,'F','ضعيف',1.00,49.00,0,5,'2025-10-29 04:04:05','2025-10-29 04:04:05');
/*!40000 ALTER TABLE `college_grading_scales` ENABLE KEYS */;
UNLOCK TABLES;

--
-- Table structure for table `college_histories`
--

--
-- Table structure for table `colleges`
--

DROP TABLE IF EXISTS `colleges`;
/*!40101 SET @saved_cs_client     = @@character_set_client */;
/*!50503 SET character_set_client = utf8mb4 */;
CREATE TABLE `colleges` (
  `id` bigint(20) unsigned NOT NULL AUTO_INCREMENT,
  `code` varchar(255) NOT NULL,
  `name_ar` varchar(255) NOT NULL,
  `name_en` varchar(255) NOT NULL,
  `dean` varchar(255) DEFAULT NULL,
  `created_at` timestamp NULL DEFAULT NULL,
  `updated_at` timestamp NULL DEFAULT NULL,
  PRIMARY KEY (`id`)
) ENGINE=InnoDB AUTO_INCREMENT=5 DEFAULT CHARSET=utf8mb4 COLLATE=utf8mb4_unicode_ci;
/*!40101 SET character_set_client = @saved_cs_client */;

--
-- Dumping data for table `colleges`
--

LOCK TABLES `colleges` WRITE;
/*!40000 ALTER TABLE `colleges` DISABLE KEYS */;
INSERT INTO `colleges` VALUES (1,'1','كلية العلوم الصحية','College of Health Sciences',NULL,NULL,NULL),(2,'2','كلية الهندسة والحاسبات','College of Engineering and Computing',NULL,NULL,NULL),(3,'3','كلية العلوم الإدارية والإنسانية','College of Administrative and Human Sciences',NULL,NULL,NULL),(4,'4','كلية اللغات والترجمة','College of Languages and Translation',NULL,NULL,NULL);
/*!40000 ALTER TABLE `colleges` ENABLE KEYS */;
UNLOCK TABLES;

--
-- Table structure for table `course_types`
--

DROP TABLE IF EXISTS `course_types`;
/*!40101 SET @saved_cs_client     = @@character_set_client */;
/*!50503 SET character_set_client = utf8mb4 */;
CREATE TABLE `course_types` (
  `id` bigint(20) unsigned NOT NULL AUTO_INCREMENT,
  `name_ar` varchar(255) NOT NULL,
  `name_en` varchar(255) DEFAULT NULL,
  `max_gsemester` int(11) NOT NULL,
  `max_gexam` int(11) NOT NULL,
  `created_at` timestamp NULL DEFAULT NULL,
  `updated_at` timestamp NULL DEFAULT NULL,
  PRIMARY KEY (`id`)
) ENGINE=InnoDB AUTO_INCREMENT=3 DEFAULT CHARSET=utf8mb4 COLLATE=utf8mb4_unicode_ci;
/*!40101 SET character_set_client = @saved_cs_client */;

--
-- Dumping data for table `course_types`
--

LOCK TABLES `course_types` WRITE;
/*!40000 ALTER TABLE `course_types` DISABLE KEYS */;
INSERT INTO `course_types` VALUES (1,'نظري',NULL,40,60,NULL,NULL),(2,'نظري وعملي',NULL,50,50,NULL,NULL);
/*!40000 ALTER TABLE `course_types` ENABLE KEYS */;
UNLOCK TABLES;

--
-- Table structure for table `courses`
--

DROP TABLE IF EXISTS `courses`;
/*!40101 SET @saved_cs_client     = @@character_set_client */;
/*!50503 SET character_set_client = utf8mb4 */;
CREATE TABLE `courses` (
  `id` bigint(20) unsigned NOT NULL AUTO_INCREMENT,
  `major_id` bigint(20) unsigned NOT NULL,
  `course_type_id` bigint(20) unsigned NOT NULL,
  `semester_id` bigint(20) unsigned NOT NULL,
  `code` varchar(255) NOT NULL,
  `name_ar` varchar(255) NOT NULL,
  `name_en` varchar(255) DEFAULT NULL,
  `hours` int(11) DEFAULT NULL,
  `created_at` timestamp NULL DEFAULT NULL,
  `updated_at` timestamp NULL DEFAULT NULL,
  PRIMARY KEY (`id`),
  KEY `courses_major_id_foreign` (`major_id`),
  KEY `courses_semester_id_foreign` (`semester_id`),
  KEY `courses_course_type_id_foreign` (`course_type_id`),
  CONSTRAINT `courses_course_type_id_foreign` FOREIGN KEY (`course_type_id`) REFERENCES `course_types` (`id`),
  CONSTRAINT `courses_major_id_foreign` FOREIGN KEY (`major_id`) REFERENCES `majors` (`id`) ON DELETE CASCADE,
  CONSTRAINT `courses_semester_id_foreign` FOREIGN KEY (`semester_id`) REFERENCES `semesters` (`id`) ON DELETE CASCADE
) ENGINE=InnoDB AUTO_INCREMENT=79 DEFAULT CHARSET=utf8mb4 COLLATE=utf8mb4_unicode_ci;
/*!40101 SET character_set_client = @saved_cs_client */;

--
-- Dumping data for table `courses`
--

LOCK TABLES `courses` WRITE;
/*!40000 ALTER TABLE `courses` DISABLE KEYS */;
INSERT INTO `courses` VALUES (1,1,1,1,'ISC101','الثقافة الإسلامية','Islamic Culture',2,NULL,NULL),(2,1,1,1,'ARB101','اللغة العربية 1','Arabic language I',2,NULL,NULL),(3,1,1,1,'ENG101','اللغة الإنجليزية','English Language',2,NULL,NULL),(4,1,2,1,'CS101','مهارات الحاسوب','Computer skills',2,NULL,NULL),(5,1,2,1,'CHM111','الكيمياء العامة','General Chemistry',3,NULL,NULL),(6,1,2,1,'BIO114','علم الأحياء','Human Biology',3,NULL,NULL),(7,1,2,1,'PHYS115','فيزياء طبية','Medical physics',3,NULL,NULL),(8,1,1,2,'ARB102','اللغة العربية 2','Arabic language II',2,NULL,NULL),(9,1,1,2,'EMS118','اللغة الإنجليزية للعلوم الطبية','English For Medical Science',2,NULL,NULL),(10,1,2,2,'ACHM112','الكيمياء التحليلية','Analytical Chemistry',3,NULL,NULL),(11,1,2,2,'OCHM113','الكيمياء العضوية','Organic Chemistry',3,NULL,NULL),(12,1,1,2,'HLTH116','صحة عامة','Public Health',2,NULL,NULL),(13,1,1,2,'ETH117','أخلاقيات طبية','Medical ethics',2,NULL,NULL),(14,1,1,2,'COM101','مهارات التواصل','Communication skills',2,NULL,NULL),(15,4,1,1,'ARB101','اللغة العربية (1)','Arabic Language (1)',3,NULL,NULL),(16,4,1,1,'ENG101','لغة انجليزية','English Language',3,NULL,NULL),(17,4,1,1,'SLM101','ثقافة إسلامية','Islamic Culture',2,NULL,NULL),(18,4,1,1,'MGT114','مبادئ الإدارة (1)','Principles of Management (1)',3,NULL,NULL),(19,4,1,1,'ACC112','مبادى المحاسبة (1)','Principles of Accounting (1)',3,NULL,NULL),(20,4,2,1,'CS101','مهارات الحاسوب','Computer Skills',3,NULL,NULL),(21,4,1,1,'ECO111','الاقتصاد الجزئي','Microeconomics',3,NULL,NULL),(22,4,1,2,'MGT115','مبادئ إدارة (2)','Principles of Management (2)',3,NULL,NULL),(23,4,1,2,'ECO117','الاقتصاد الكلي','Macroeconomics',3,NULL,NULL),(24,4,1,2,'ARB102','لغة عربية (2)','Arabic Language (2)',2,NULL,NULL),(25,4,2,2,'ACC113','مبادى المحاسبة (2)','Principles of Accounting (2)',3,NULL,NULL),(26,4,2,2,'STC118','مبادئ الإحصاء','Principles of Statistics',3,NULL,NULL),(27,4,1,2,'COM101','مهارات التواصل','Communication Skills',2,NULL,NULL),(28,4,1,2,'MATH119','رياضة بحتة','Pure Mathematics',3,NULL,NULL),(29,3,1,1,'ARB101','اللغة العربية (1)','Arabic Language (1)',3,NULL,NULL),(30,3,1,1,'ENG101','لغة انجليزية','English Language',3,NULL,NULL),(31,3,1,1,'SLM101','ثقافة إسلامية','Islamic Culture',2,NULL,NULL),(32,3,1,1,'MGT114','مبادئ الإدارة (1)','Principles of Management (1)',3,NULL,NULL),(33,3,2,1,'ACC112','مبادى المحاسبة (1)','Principles of Accounting (1)',3,NULL,NULL),(34,3,2,1,'CS101','مهارات الحاسوب','Computer Skills',3,NULL,NULL),(35,3,2,1,'ECO111','الاقتصاد الجزئي','Microeconomics',3,NULL,NULL),(36,3,1,2,'MGT115','مبادئ إدارة (2)','Principles of Management (2)',3,NULL,NULL),(37,3,1,2,'ECO117','الاقتصاد الكلي','Macroeconomics',3,NULL,NULL),(38,3,1,2,'ARB102','لغة عربية (2)','Arabic Language (2)',2,NULL,NULL),(39,3,2,2,'ACC113','مبادى المحاسبة (2)','Principles of Accounting (2)',3,NULL,NULL),(40,3,2,2,'STC118','مبادئ الإحصاء','Principles of Statistics',3,NULL,NULL),(41,3,1,2,'COM101','مهارات التواصل','Communication Skills',2,NULL,NULL),(42,3,1,2,'MATH119','رياضة بحتة','Pure Mathematics',3,NULL,NULL),(43,4,1,3,'LAW211','قانون تجاري','Commercial Law',3,'2025-12-24 10:15:06','2025-12-24 10:15:06'),(44,4,1,3,'OPR212','بحوث العمليات','Operations Research',3,'2025-12-24 10:15:06','2025-12-24 10:15:06'),(45,4,1,3,'MGT216','الإدارة المالية','Financial Management',NULL,'2025-12-24 10:15:06','2025-12-24 10:15:06'),(46,4,1,3,'MRK214','إدارة الشراء والامداد','Purchasing and Supply Management',NULL,'2025-12-24 10:15:06','2025-12-24 10:15:06'),(47,4,1,3,'ACC341','محاسبة إدارية (1)','Managerial Accounting I',NULL,'2025-12-24 10:15:06','2025-12-24 10:15:06'),(48,4,1,3,'MRK216','مبادئ التسويق','Principles of Marketing',NULL,'2025-12-24 10:15:06','2025-12-24 10:15:06'),(49,4,1,3,'ACC223','محاسبة مالية متوسطة (1)','Intermediate Financial Accounting I',NULL,'2025-12-24 10:15:06','2025-12-24 10:15:06'),(50,1,2,3,'LAB231','علم التشريح و الأنسجة','Anatomy and Histology',NULL,'2025-12-24 10:15:14','2025-12-24 10:15:14'),(51,1,2,3,'LAB232','علم وظائف الأعضاء','Physiology',NULL,'2025-12-24 10:15:14','2025-12-24 10:15:14'),(52,1,2,3,'LAB221','كيمياء حيوية 1','Biochemistry I',NULL,'2025-12-24 10:15:14','2025-12-24 10:15:14'),(53,1,2,3,'LAB261','علم الأمراض العام','General Pathology',NULL,'2025-12-24 10:15:14','2025-12-24 10:15:14'),(54,1,2,3,'LAB251','علم الدم 1','Hematology I',NULL,'2025-12-24 10:15:14','2025-12-24 10:15:14'),(55,1,1,3,'PSYC219','علم النفس الطبي','Medical Psychology',NULL,'2025-12-24 10:15:14','2025-12-24 10:15:14'),(56,2,1,1,'ENG-101','اللغة الإنجليزية','General English Language',2,'2025-12-24 10:15:34','2025-12-24 10:15:34'),(57,2,1,1,'ARB-101','اللغة العربية (1)','Arabic Language I',2,'2025-12-24 10:15:34','2025-12-24 10:15:34'),(58,2,2,1,'IT-151','(1) برمجة','Problem Solving and Programming',3,'2025-12-24 10:15:34','2025-12-24 10:15:34'),(59,2,1,1,'MATH-102','الجبر الخطي','Linear Algebra',3,'2025-12-24 10:15:34','2025-12-24 10:15:34'),(60,2,2,1,'CS-101','مهارات الحاسوب','Computer Skills',3,'2025-12-24 10:15:34','2025-12-24 10:15:34'),(61,2,1,1,'SLM-101','الثقافة الإسلامية','Islamic Culture',2,'2025-12-24 10:15:34','2025-12-24 10:15:34'),(62,2,1,2,'ECS-118','الإنجليزية للهندسة والحاسبات','English for Computer Science',2,'2025-12-24 10:15:34','2025-12-24 10:15:34'),(63,2,1,2,'ARB-102','اللغة العربية (2)','Arabic Language II',2,'2025-12-24 10:15:34','2025-12-24 10:15:34'),(64,2,1,2,'Cal-113','التفاضل والتكامل (1)','Calculus I',3,'2025-12-24 10:15:34','2025-12-24 10:15:34'),(65,2,2,2,'IT-141','برمجة (2)','Computer Programming',3,'2025-12-24 10:15:34','2025-12-24 10:15:34'),(66,2,1,2,'ELEC-101','مبادئ الإلكترونيات','Principles of Electronics',3,'2025-12-24 10:15:34','2025-12-24 10:15:34'),(67,2,1,2,'COM-101','مهارات الاتصال','Communication Skills',2,'2025-12-24 10:15:34','2025-12-24 10:15:34'),(68,2,1,2,'IT-157','اساسيات تقنية المعلومات','Introduction to Computing and Information Technology',3,'2025-12-24 10:15:34','2025-12-24 10:15:34'),(69,2,1,3,'Cal-119','التفاضل والتكامل (2)','Calculus II',3,'2025-12-24 10:15:34','2025-12-24 10:15:34'),(70,2,2,3,'Logd-211','تصميم المنطق','Logic Design',3,'2025-12-24 10:15:34','2025-12-24 10:15:34'),(71,2,2,3,'IT-254','هياكل البيانات والخوارزميات','Data Structures and Algorithms',3,'2025-12-24 10:15:34','2025-12-24 10:15:34'),(72,2,2,3,'IT-221','معمارية الحاسوب','Computer Architecture',3,'2025-12-24 10:15:34','2025-12-24 10:15:34'),(73,2,1,3,'IT-264','الرياضيات المتقطعة','Discrete mathematics',3,'2025-12-24 10:15:34','2025-12-24 10:15:34'),(74,2,1,4,'prSt113','الإحصاء والاحتمالات','Probability and Statistics',3,'2025-12-24 10:15:34','2025-12-24 10:15:34'),(75,2,2,4,'IT-253','البرمجة كائنية التوجه','Object Oriented Programming',3,'2025-12-24 10:15:34','2025-12-24 10:15:34'),(76,2,2,4,'IT-243','تكنولوجيا الويب (1)','Web Technology I',3,'2025-12-24 10:15:34','2025-12-24 10:15:34'),(77,2,2,4,'IT-222','المعالجات الدقيقة','Microprocessors',3,'2025-12-24 10:15:34','2025-12-24 10:15:34'),(78,2,1,4,'IT-263','تنقيب البيانات','Data Mining',3,'2025-12-24 10:15:34','2025-12-24 10:15:34');
/*!40000 ALTER TABLE `courses` ENABLE KEYS */;
UNLOCK TABLES;

--
-- Table structure for table `grades`
--

DROP TABLE IF EXISTS `grades`;
/*!40101 SET @saved_cs_client     = @@character_set_client */;
/*!50503 SET character_set_client = utf8mb4 */;
CREATE TABLE `grades` (
  `id` bigint(20) unsigned NOT NULL AUTO_INCREMENT,
  `student_id` varchar(255) NOT NULL,
  `course_id` bigint(20) unsigned NOT NULL,
  `semester_id` bigint(20) unsigned NOT NULL,
  `academic_year_id` bigint(20) unsigned NOT NULL,
  `turn` tinyint(4) NOT NULL DEFAULT 1,
  `gsemster` double(8,2) NOT NULL DEFAULT 0.00,
  `gexam` double(8,2) NOT NULL DEFAULT 0.00,
  `gfinal` double(8,2) DEFAULT NULL,
  `gpa` double(8,2) DEFAULT NULL,
  `letter_grade` varchar(255) DEFAULT NULL,
  `result` tinyint(1) DEFAULT NULL,
  `note` text DEFAULT NULL,
  `created_at` timestamp NULL DEFAULT NULL,
  `updated_at` timestamp NULL DEFAULT NULL,
  PRIMARY KEY (`id`),
  KEY `grades_student_id_foreign` (`student_id`),
  KEY `grades_course_id_foreign` (`course_id`),
  KEY `grades_semester_id_foreign` (`semester_id`),
  KEY `grades_academic_year_id_foreign` (`academic_year_id`),
  CONSTRAINT `grades_academic_year_id_foreign` FOREIGN KEY (`academic_year_id`) REFERENCES `academic_years` (`id`) ON DELETE CASCADE,
  CONSTRAINT `grades_course_id_foreign` FOREIGN KEY (`course_id`) REFERENCES `courses` (`id`) ON DELETE CASCADE,
  CONSTRAINT `grades_semester_id_foreign` FOREIGN KEY (`semester_id`) REFERENCES `semesters` (`id`) ON DELETE CASCADE,
  CONSTRAINT `grades_student_id_foreign` FOREIGN KEY (`student_id`) REFERENCES `students` (`student_id`) ON DELETE CASCADE
) ENGINE=InnoDB AUTO_INCREMENT=943 DEFAULT CHARSET=utf8mb4 COLLATE=utf8mb4_unicode_ci;
/*!40101 SET character_set_client = @saved_cs_client */;

--
-- Dumping data for table `grades`
--

LOCK TABLES `grades` WRITE;
/*!40000 ALTER TABLE `grades` DISABLE KEYS */;
INSERT INTO `grades` VALUES (1,'2511101',1,1,1,1,0.00,0.00,0.00,0.00,'محروم',0,'محروم',NULL,NULL),(2,'2511101',2,1,1,1,0.00,0.00,0.00,0.00,'محروم',0,'محروم',NULL,NULL),(3,'2511101',3,1,1,1,0.00,0.00,0.00,0.00,'محروم',0,'محروم',NULL,NULL),(4,'2511101',4,1,1,1,0.00,0.00,0.00,0.00,'محروم',0,'محروم',NULL,NULL),(5,'2511101',5,1,1,1,0.00,0.00,0.00,0.00,'محروم',0,'محروم',NULL,NULL),(6,'2511101',6,1,1,1,0.00,0.00,0.00,0.00,'محروم',0,'محروم',NULL,NULL),(7,'2511101',7,1,1,1,0.00,0.00,0.00,0.00,'محروم',0,'محروم',NULL,NULL),(8,'2511202',1,1,1,1,40.00,57.00,97.00,4.85,'ممتاز',1,NULL,NULL,NULL),(9,'2511202',2,1,1,1,40.00,48.00,88.00,4.40,'جيد جدا',1,NULL,NULL,NULL),(10,'2511202',3,1,1,1,32.00,48.00,80.00,4.00,'جيد جدا',1,NULL,NULL,NULL),(11,'2511202',4,1,1,1,49.00,42.00,91.00,4.55,'ممتاز',1,NULL,NULL,NULL),(12,'2511202',5,1,1,1,44.00,40.00,84.00,4.20,'جيد جدا',1,NULL,NULL,NULL),(13,'2511202',6,1,1,1,44.00,33.00,77.00,3.85,'جيد',1,NULL,NULL,NULL),(14,'2511202',7,1,1,1,46.00,45.00,91.00,4.55,'ممتاز',1,NULL,NULL,NULL),(15,'2511203',1,1,1,1,39.00,53.00,92.00,4.60,'ممتاز',1,NULL,NULL,NULL),(16,'2511203',2,1,1,1,39.00,53.00,92.00,4.60,'ممتاز',1,NULL,NULL,NULL),(17,'2511203',3,1,1,1,32.00,36.00,68.00,3.40,'مقبول',1,NULL,NULL,NULL),(18,'2511203',4,1,1,1,33.00,37.00,70.00,3.50,'جيد',1,NULL,NULL,NULL),(19,'2511203',5,1,1,1,42.00,32.00,74.00,3.70,'جيد',1,NULL,NULL,NULL),(20,'2511203',6,1,1,1,35.00,33.00,68.00,3.40,'مقبول',1,NULL,NULL,NULL),(21,'2511203',7,1,1,1,44.00,37.00,81.00,4.05,'جيد جدا',1,NULL,NULL,NULL),(22,'2511204',1,1,1,1,0.00,65.00,65.00,3.25,'مقبول',1,NULL,NULL,NULL),(23,'2511204',2,1,1,1,39.00,51.00,90.00,4.50,'ممتاز',1,NULL,NULL,NULL),(24,'2511204',3,1,1,1,34.00,47.00,81.00,4.05,'جيد جدا',1,NULL,NULL,NULL),(25,'2511204',4,1,1,1,46.00,35.00,81.00,4.05,'جيد جدا',1,NULL,NULL,NULL),(26,'2511204',5,1,1,1,45.00,26.00,71.00,3.55,'جيد',1,NULL,NULL,NULL),(27,'2511204',6,1,1,1,0.00,65.00,65.00,3.25,'مقبول',1,NULL,NULL,NULL),(28,'2511204',7,1,1,1,45.00,40.00,85.00,4.25,'جيد جدا',1,NULL,NULL,NULL),(29,'2511205',1,1,1,1,28.00,50.00,78.00,3.90,'جيد',1,NULL,NULL,NULL),(30,'2511205',2,1,1,1,33.00,32.00,65.00,3.00,'مقبول',1,NULL,NULL,NULL),(31,'2511205',3,1,1,1,0.00,65.00,65.00,3.25,'مقبول',1,NULL,NULL,NULL),(32,'2511205',4,1,1,1,40.00,25.00,65.00,3.15,'مقبول',1,NULL,NULL,NULL),(33,'2511205',5,1,1,1,0.00,65.00,65.00,3.25,'مقبول',1,NULL,NULL,NULL),(34,'2511205',6,1,1,1,33.00,33.00,66.00,3.30,'مقبول',1,NULL,NULL,NULL),(35,'2511205',7,1,1,1,42.00,28.00,70.00,3.50,'جيد',1,NULL,NULL,NULL),(36,'2511106',1,1,1,1,40.00,60.00,100.00,5.00,'ممتاز',1,NULL,NULL,NULL),(37,'2511106',2,1,1,1,40.00,60.00,100.00,5.00,'ممتاز',1,NULL,NULL,NULL),(38,'2511106',3,1,1,1,35.00,57.00,92.00,4.60,'ممتاز',1,NULL,NULL,NULL),(39,'2511106',4,1,1,1,45.00,46.00,91.00,4.55,'ممتاز',1,NULL,NULL,NULL),(40,'2511106',5,1,1,1,42.00,44.00,86.00,4.30,'جيد جدا',1,NULL,NULL,NULL),(41,'2511106',6,1,1,1,40.00,35.00,75.00,3.75,'جيد',1,NULL,NULL,NULL),(42,'2511106',7,1,1,1,46.00,41.00,87.00,4.35,'جيد جدا',1,NULL,NULL,NULL),(43,'2511207',1,1,1,1,40.00,57.00,97.00,4.85,'ممتاز',1,NULL,NULL,NULL),(44,'2511207',2,1,1,1,39.00,58.00,97.00,4.85,'ممتاز',1,NULL,NULL,NULL),(45,'2511207',3,1,1,1,35.00,45.00,80.00,4.00,'جيد جدا',1,NULL,NULL,NULL),(46,'2511207',4,1,1,1,50.00,47.00,97.00,4.85,'ممتاز',1,NULL,NULL,NULL),(47,'2511207',5,1,1,1,44.00,50.00,94.00,4.70,'ممتاز',1,NULL,NULL,NULL),(48,'2511207',6,1,1,1,44.00,36.00,80.00,4.00,'جيد جدا',1,NULL,NULL,NULL),(49,'2511207',7,1,1,1,45.00,42.00,87.00,4.35,'جيد جدا',1,NULL,NULL,NULL),(50,'2511108',1,1,1,1,39.00,54.00,93.00,4.65,'ممتاز',1,NULL,NULL,NULL),(51,'2511108',2,1,1,1,38.00,52.00,90.00,4.50,'ممتاز',1,NULL,NULL,NULL),(52,'2511108',3,1,1,1,38.00,55.00,93.00,4.65,'ممتاز',1,NULL,NULL,NULL),(53,'2511108',4,1,1,1,49.00,47.00,96.00,4.80,'ممتاز',1,NULL,NULL,NULL),(54,'2511108',5,1,1,1,48.00,46.00,94.00,4.70,'ممتاز',1,NULL,NULL,NULL),(55,'2511108',6,1,1,1,36.00,34.00,70.00,3.50,'جيد',1,NULL,NULL,NULL),(56,'2511108',7,1,1,1,46.00,45.00,91.00,4.55,'ممتاز',1,NULL,NULL,NULL),(57,'2511109',1,1,1,1,34.00,54.00,88.00,4.40,'جيد جدا',1,NULL,NULL,NULL),(58,'2511109',2,1,1,1,32.00,38.00,70.00,3.50,'جيد',1,NULL,NULL,NULL),(59,'2511109',3,1,1,1,24.00,39.00,63.00,3.15,'مقبول',1,NULL,NULL,NULL),(60,'2511109',4,1,1,1,45.00,40.00,85.00,4.25,'جيد جدا',1,NULL,NULL,NULL),(61,'2511109',5,1,1,1,33.00,40.00,73.00,3.65,'جيد',1,NULL,NULL,NULL),(62,'2511109',6,1,1,1,33.00,33.00,66.00,3.30,'مقبول',1,NULL,NULL,NULL),(63,'2511109',7,1,1,1,43.00,30.00,73.00,3.65,'جيد',1,NULL,NULL,NULL),(64,'2511210',1,1,1,1,40.00,57.00,97.00,4.85,'ممتاز',1,NULL,NULL,NULL),(65,'2511210',2,1,1,1,40.00,48.00,88.00,4.40,'جيد جدا',1,NULL,NULL,NULL),(66,'2511210',3,1,1,1,40.00,58.00,98.00,4.90,'ممتاز',1,NULL,NULL,NULL),(67,'2511210',4,1,1,1,50.00,49.00,99.00,4.95,'ممتاز',1,NULL,NULL,NULL),(68,'2511210',5,1,1,1,45.00,48.00,93.00,4.65,'ممتاز',1,NULL,NULL,NULL),(69,'2511210',6,1,1,1,48.00,42.00,90.00,4.50,'ممتاز',1,NULL,NULL,NULL),(70,'2511210',7,1,1,1,50.00,50.00,100.00,5.00,'ممتاز',1,NULL,NULL,NULL),(71,'2511211',1,1,1,1,39.00,60.00,99.00,4.95,'ممتاز',1,NULL,NULL,NULL),(72,'2511211',2,1,1,1,40.00,53.00,93.00,4.65,'ممتاز',1,NULL,NULL,NULL),(73,'2511211',3,1,1,1,32.00,50.00,82.00,4.10,'جيد جدا',1,NULL,NULL,NULL),(74,'2511211',4,1,1,1,50.00,48.00,98.00,4.90,'ممتاز',1,NULL,NULL,NULL),(75,'2511211',5,1,1,1,47.00,46.00,93.00,4.65,'ممتاز',1,NULL,NULL,NULL),(76,'2511211',6,1,1,1,46.00,35.00,81.00,4.05,'جيد جدا',1,NULL,NULL,NULL),(77,'2511211',7,1,1,1,49.00,44.00,93.00,4.65,'ممتاز',1,NULL,NULL,NULL),(78,'2511212',1,1,1,1,40.00,59.00,99.00,4.95,'ممتاز',1,NULL,NULL,NULL),(79,'2511212',2,1,1,1,40.00,54.00,94.00,4.70,'ممتاز',1,NULL,NULL,NULL),(80,'2511212',3,1,1,1,35.00,48.00,83.00,4.15,'جيد جدا',1,NULL,NULL,NULL),(81,'2511212',4,1,1,1,46.00,39.00,85.00,4.25,'جيد جدا',1,NULL,NULL,NULL),(82,'2511212',5,1,1,1,39.00,42.00,81.00,4.05,'جيد جدا',1,NULL,NULL,NULL),(83,'2511212',6,1,1,1,41.00,33.00,74.00,3.70,'جيد',1,NULL,NULL,NULL),(84,'2511212',7,1,1,1,46.00,40.00,86.00,4.30,'جيد جدا',1,NULL,NULL,NULL),(85,'2511213',1,1,1,1,39.00,51.00,90.00,4.50,'ممتاز',1,NULL,NULL,NULL),(86,'2511213',2,1,1,1,38.00,30.00,68.00,3.40,'مقبول',1,NULL,NULL,NULL),(87,'2511213',3,1,1,1,36.00,49.00,85.00,4.25,'جيد جدا',1,NULL,NULL,NULL),(88,'2511213',4,1,1,1,44.00,47.00,91.00,4.55,'ممتاز',1,NULL,NULL,NULL),(89,'2511213',5,1,1,1,37.00,28.00,65.00,3.10,'مقبول',1,NULL,NULL,NULL),(90,'2511213',6,1,1,1,33.00,35.00,68.00,3.40,'مقبول',1,NULL,NULL,NULL),(91,'2511213',7,1,1,1,45.00,42.00,87.00,4.35,'جيد جدا',1,NULL,NULL,NULL),(92,'2511214',1,1,1,1,32.00,39.00,71.00,3.55,'جيد',1,NULL,NULL,NULL),(93,'2511214',2,1,1,1,35.00,30.00,65.00,3.00,'مقبول',1,NULL,NULL,NULL),(94,'2511214',3,1,1,1,30.00,40.00,70.00,3.50,'جيد',1,NULL,NULL,NULL),(95,'2511214',4,1,1,1,43.00,34.00,77.00,3.85,'جيد',1,NULL,NULL,NULL),(96,'2511214',5,1,1,1,0.00,65.00,65.00,3.25,'مقبول',1,NULL,NULL,NULL),(97,'2511214',6,1,1,1,33.00,33.00,66.00,3.30,'مقبول',1,NULL,NULL,NULL),(98,'2511214',7,1,1,1,46.00,26.00,72.00,3.60,'جيد',1,NULL,NULL,NULL),(99,'2511215',1,1,1,1,40.00,56.00,96.00,4.80,'ممتاز',1,NULL,NULL,NULL),(100,'2511215',2,1,1,1,35.00,36.00,71.00,3.55,'جيد',1,NULL,NULL,NULL),(101,'2511215',3,1,1,1,38.00,57.00,95.00,4.75,'ممتاز',1,NULL,NULL,NULL),(102,'2511215',4,1,1,1,47.00,44.00,91.00,4.55,'ممتاز',1,NULL,NULL,NULL),(103,'2511215',5,1,1,1,35.00,30.00,65.00,3.20,'مقبول',1,NULL,NULL,NULL),(104,'2511215',6,1,1,1,35.00,16.00,0.00,0.00,'ضعيف',0,NULL,NULL,NULL),(105,'2511215',7,1,1,1,46.00,32.00,78.00,3.90,'جيد',1,NULL,NULL,NULL),(106,'2511216',1,1,1,1,39.00,53.00,92.00,4.60,'ممتاز',1,NULL,NULL,NULL),(107,'2511216',2,1,1,1,40.00,52.00,92.00,4.60,'ممتاز',1,NULL,NULL,NULL),(108,'2511216',3,1,1,1,36.00,41.00,77.00,3.85,'جيد',1,NULL,NULL,NULL),(109,'2511216',4,1,1,1,44.00,37.00,81.00,4.05,'جيد جدا',1,NULL,NULL,NULL),(110,'2511216',5,1,1,1,41.00,42.00,83.00,4.15,'جيد جدا',1,NULL,NULL,NULL),(111,'2511216',6,1,1,1,33.00,33.00,66.00,3.30,'مقبول',1,NULL,NULL,NULL),(112,'2511216',7,1,1,1,45.00,33.00,78.00,3.90,'جيد',1,NULL,NULL,NULL),(113,'2511217',1,1,1,1,28.00,0.00,0.00,0.00,'غائب',0,'غائب',NULL,NULL),(114,'2511217',2,1,1,1,29.00,0.00,0.00,0.00,'غائب',0,'غائب',NULL,NULL),(115,'2511217',3,1,1,1,30.00,0.00,0.00,0.00,'غائب',0,'غائب',NULL,NULL),(116,'2511217',4,1,1,1,40.00,0.00,0.00,0.00,'غائب',0,'غائب',NULL,NULL),(117,'2511217',5,1,1,1,12.00,0.00,0.00,0.00,'غائب',0,'غائب',NULL,NULL),(118,'2511217',6,1,1,1,30.00,0.00,0.00,0.00,'غائب',0,'غائب',NULL,NULL),(119,'2511217',7,1,1,1,5.00,0.00,0.00,0.00,'غائب',0,'غائب',NULL,NULL),(120,'2511218',1,1,1,1,40.00,52.00,92.00,4.60,'ممتاز',1,NULL,NULL,NULL),(121,'2511218',2,1,1,1,38.00,40.00,78.00,3.90,'جيد',1,NULL,NULL,NULL),(122,'2511218',3,1,1,1,38.00,57.00,95.00,4.75,'ممتاز',1,NULL,NULL,NULL),(123,'2511218',4,1,1,1,47.00,50.00,97.00,4.85,'ممتاز',1,NULL,NULL,NULL),(124,'2511218',5,1,1,1,45.00,46.00,91.00,4.55,'ممتاز',1,NULL,NULL,NULL),(125,'2511218',6,1,1,1,36.00,34.00,70.00,3.50,'جيد',1,NULL,NULL,NULL),(126,'2511218',7,1,1,1,49.00,43.00,92.00,4.60,'ممتاز',1,NULL,NULL,NULL),(127,'2511219',1,1,1,1,40.00,53.00,93.00,4.65,'ممتاز',1,NULL,NULL,NULL),(128,'2511219',2,1,1,1,39.00,48.00,87.00,4.35,'جيد جدا',1,NULL,NULL,NULL),(129,'2511219',3,1,1,1,36.00,42.00,78.00,3.90,'جيد',1,NULL,NULL,NULL),(130,'2511219',4,1,1,1,48.00,43.00,91.00,4.55,'ممتاز',1,NULL,NULL,NULL),(131,'2511219',5,1,1,1,42.00,32.00,74.00,3.70,'جيد',1,NULL,NULL,NULL),(132,'2511219',6,1,1,1,33.00,33.00,66.00,3.30,'مقبول',1,NULL,NULL,NULL),(133,'2511219',7,1,1,1,43.00,32.00,75.00,3.75,'جيد',1,NULL,NULL,NULL),(134,'2511220',1,1,1,1,39.00,51.00,90.00,4.50,'ممتاز',1,NULL,NULL,NULL),(135,'2511220',2,1,1,1,36.00,44.00,80.00,4.00,'جيد جدا',1,NULL,NULL,NULL),(136,'2511220',3,1,1,1,32.00,35.00,67.00,3.35,'مقبول',1,NULL,NULL,NULL),(137,'2511220',4,1,1,1,44.00,42.00,86.00,4.30,'جيد جدا',1,NULL,NULL,NULL),(138,'2511220',5,1,1,1,37.00,28.00,65.00,3.00,'مقبول',1,NULL,NULL,NULL),(139,'2511220',6,1,1,1,33.00,33.00,66.00,3.30,'مقبول',1,NULL,NULL,NULL),(140,'2511220',7,1,1,1,46.00,37.00,83.00,4.15,'جيد جدا',1,NULL,NULL,NULL),(141,'2511221',1,1,1,1,39.00,45.00,84.00,4.20,'جيد جدا',1,NULL,NULL,NULL),(142,'2511221',2,1,1,1,35.00,41.00,76.00,3.80,'جيد',1,NULL,NULL,NULL),(143,'2511221',3,1,1,1,29.00,36.00,65.00,3.00,'مقبول',1,NULL,NULL,NULL),(144,'2511221',4,1,1,1,46.00,36.00,82.00,4.10,'جيد جدا',1,NULL,NULL,NULL),(145,'2511221',5,1,1,1,37.00,28.00,65.00,3.20,'مقبول',1,NULL,NULL,NULL),(146,'2511221',6,1,1,1,33.00,33.00,66.00,3.30,'مقبول',1,NULL,NULL,NULL),(147,'2511221',7,1,1,1,41.00,34.00,75.00,3.75,'جيد',1,NULL,NULL,NULL),(148,'2511122',1,1,1,1,35.00,30.00,65.00,3.15,'مقبول',1,NULL,NULL,NULL),(149,'2511122',2,1,1,1,33.00,32.00,65.00,3.10,'مقبول',1,NULL,NULL,NULL),(150,'2511122',3,1,1,1,30.00,42.00,72.00,3.60,'جيد',1,NULL,NULL,NULL),(151,'2511122',4,1,1,1,39.00,15.00,0.00,0.00,'ضعيف',0,NULL,NULL,NULL),(152,'2511122',5,1,1,1,34.00,10.00,0.00,0.00,'ضعيف',0,NULL,NULL,NULL),(153,'2511122',6,1,1,1,33.00,33.00,66.00,3.30,'مقبول',1,NULL,NULL,NULL),(154,'2511122',7,1,1,1,44.00,28.00,72.00,3.60,'جيد',1,NULL,NULL,NULL),(155,'2511123',1,1,1,1,29.00,43.00,72.00,3.60,'جيد',1,NULL,NULL,NULL),(156,'2511123',2,1,1,1,34.00,32.00,66.00,3.30,'مقبول',1,NULL,NULL,NULL),(157,'2511123',3,1,1,1,36.00,52.00,88.00,4.40,'جيد جدا',1,NULL,NULL,NULL),(158,'2511123',4,1,1,1,40.00,25.00,65.00,3.15,'مقبول',1,NULL,NULL,NULL),(159,'2511123',5,1,1,1,33.00,32.00,65.00,3.00,'مقبول',1,NULL,NULL,NULL),(160,'2511123',6,1,1,1,33.00,35.00,68.00,3.40,'مقبول',1,NULL,NULL,NULL),(161,'2511123',7,1,1,1,46.00,35.00,81.00,4.05,'جيد جدا',1,NULL,NULL,NULL),(162,'2511224',1,1,1,1,40.00,57.00,97.00,4.85,'ممتاز',1,NULL,NULL,NULL),(163,'2511224',2,1,1,1,34.00,46.00,80.00,4.00,'جيد جدا',1,NULL,NULL,NULL),(164,'2511224',3,1,1,1,33.00,54.00,87.00,4.35,'جيد جدا',1,NULL,NULL,NULL),(165,'2511224',4,1,1,1,45.00,45.00,90.00,4.50,'ممتاز',1,NULL,NULL,NULL),(166,'2511224',5,1,1,1,44.00,46.00,90.00,4.50,'ممتاز',1,NULL,NULL,NULL),(167,'2511224',6,1,1,1,50.00,40.00,90.00,4.50,'ممتاز',1,NULL,NULL,NULL),(168,'2511224',7,1,1,1,47.00,41.00,88.00,4.40,'جيد جدا',1,NULL,NULL,NULL),(169,'2521101',48,1,1,1,23.00,51.00,74.00,3.70,'جيد',1,NULL,NULL,NULL),(170,'2521101',43,1,1,1,0.00,50.00,50.00,2.50,'مقبول',1,NULL,NULL,NULL),(171,'2521101',44,1,1,1,34.00,32.00,66.00,3.30,'جيد',1,NULL,NULL,NULL),(172,'2521101',47,1,1,1,42.00,25.00,67.00,3.35,'جيد',1,NULL,NULL,NULL),(173,'2521101',45,1,1,1,0.00,50.00,50.00,2.50,'مقبول',1,NULL,NULL,NULL),(174,'2521101',46,1,1,1,26.00,12.00,0.00,0.00,'ضعيف',0,NULL,NULL,NULL),(175,'2521102',48,1,1,1,30.00,44.00,74.00,3.70,'جيد',1,NULL,NULL,NULL),(176,'2521102',43,1,1,1,33.00,34.00,67.00,3.35,'جيد',1,NULL,NULL,NULL),(177,'2521102',44,1,1,1,25.00,35.00,60.00,3.00,'مقبول',1,NULL,NULL,NULL),(178,'2521102',47,1,1,1,42.00,33.00,71.00,3.55,'جيد',1,NULL,NULL,NULL),(179,'2521102',45,1,1,1,0.00,50.00,50.00,2.50,'مقبول',1,NULL,NULL,NULL),(180,'2521102',46,1,1,1,26.00,10.00,0.00,0.00,'ضعيف',0,NULL,NULL,NULL),(181,'2521103',48,1,1,1,27.00,45.00,72.00,3.60,'جيد',1,NULL,NULL,NULL),(182,'2521103',43,1,1,1,27.00,31.00,58.00,2.90,'مقبول',1,NULL,NULL,NULL),(183,'2521103',44,1,1,1,25.00,20.00,0.00,0.00,'ضعيف',0,NULL,NULL,NULL),(184,'2521103',47,1,1,1,42.00,27.00,70.00,3.50,'جيد',1,NULL,NULL,NULL),(185,'2521103',45,1,1,1,0.00,50.00,50.00,2.50,'مقبول',1,NULL,NULL,NULL),(186,'2521103',46,1,1,1,35.00,8.00,0.00,0.00,'ضعيف',0,NULL,NULL,NULL),(187,'2521104',48,1,1,1,24.00,47.00,71.00,3.55,'جيد',1,NULL,NULL,NULL),(188,'2521104',43,1,1,1,28.00,30.00,58.00,2.90,'مقبول',1,NULL,NULL,NULL),(189,'2521104',44,1,1,1,25.00,34.00,59.00,2.95,'مقبول',1,NULL,NULL,NULL),(190,'2521104',47,1,1,1,42.00,30.00,72.00,3.60,'جيد',1,NULL,NULL,NULL),(191,'2521104',45,1,1,1,46.00,44.00,90.00,4.50,'ممتاز',1,NULL,NULL,NULL),(192,'2521104',46,1,1,1,26.00,10.00,0.00,0.00,'ضعيف',0,NULL,NULL,NULL),(193,'2521105',48,1,1,1,40.00,37.00,77.00,3.85,'جيد',1,NULL,NULL,NULL),(194,'2521105',43,1,1,1,24.00,41.00,65.00,3.25,'جيد',1,NULL,NULL,NULL),(195,'2521105',44,1,1,1,36.00,30.00,66.00,3.30,'جيد',1,NULL,NULL,NULL),(196,'2521105',47,1,1,1,42.00,31.00,76.00,3.80,'جيد',1,NULL,NULL,NULL),(197,'2521105',45,1,1,1,48.00,27.00,75.00,3.75,'جيد',1,NULL,NULL,NULL),(198,'2521105',46,1,1,1,34.00,31.00,65.00,3.25,'جيد',1,NULL,NULL,NULL),(199,'2521106',48,1,1,1,23.00,30.00,53.00,2.65,'مقبول',1,NULL,NULL,NULL),(200,'2521106',43,1,1,1,21.00,30.00,51.00,2.55,'مقبول',1,NULL,NULL,NULL),(201,'2521106',44,1,1,1,36.00,20.00,0.00,0.00,'ضعيف',0,NULL,NULL,NULL),(202,'2521106',47,1,1,1,42.00,25.00,63.00,3.15,'مقبول',1,NULL,NULL,NULL),(203,'2521106',45,1,1,1,47.00,30.00,77.00,3.85,'جيد',1,NULL,NULL,NULL),(204,'2521106',46,1,1,1,31.00,4.00,0.00,0.00,'ضعيف',0,NULL,NULL,NULL),(205,'2521107',48,1,1,1,27.00,51.00,78.00,3.90,'جيد',1,NULL,NULL,NULL),(206,'2521107',43,1,1,1,37.00,43.00,80.00,4.00,'جيد جدا',1,NULL,NULL,NULL),(207,'2521107',44,1,1,1,37.00,50.00,87.00,4.35,'جيد جدا',1,NULL,NULL,NULL),(208,'2521107',47,1,1,1,42.00,46.00,93.00,4.65,'ممتاز',1,NULL,NULL,NULL),(209,'2521107',45,1,1,1,48.00,46.00,94.00,4.70,'ممتاز',1,NULL,NULL,NULL),(210,'2521107',46,1,1,1,34.00,31.00,65.00,3.25,'جيد',1,NULL,NULL,NULL),(211,'2521108',48,1,1,1,26.00,49.00,75.00,3.75,'جيد',1,NULL,NULL,NULL),(212,'2521108',43,1,1,1,0.00,50.00,50.00,2.50,'مقبول',1,NULL,NULL,NULL),(213,'2521108',44,1,1,1,39.00,41.00,80.00,4.00,'جيد جدا',1,NULL,NULL,NULL),(214,'2521108',47,1,1,1,42.00,41.00,85.00,4.25,'جيد جدا',1,NULL,NULL,NULL),(215,'2521108',45,1,1,1,41.00,43.00,84.00,4.20,'جيد جدا',1,NULL,NULL,NULL),(216,'2521108',46,1,1,1,34.00,31.00,65.00,3.25,'جيد',1,NULL,NULL,NULL),(217,'2521109',48,1,1,1,36.00,57.00,93.00,4.65,'ممتاز',1,NULL,NULL,NULL),(218,'2521109',43,1,1,1,38.00,48.00,86.00,4.30,'جيد جدا',1,NULL,NULL,NULL),(219,'2521109',44,1,1,1,40.00,48.00,88.00,4.40,'جيد جدا',1,NULL,NULL,NULL),(220,'2521109',47,1,1,1,42.00,48.00,97.00,4.85,'ممتاز',1,NULL,NULL,NULL),(221,'2521109',45,1,1,1,50.00,45.00,95.00,4.75,'ممتاز',1,NULL,NULL,NULL),(222,'2521109',46,1,1,1,26.00,16.00,0.00,0.00,'ضعيف',0,NULL,NULL,NULL),(223,'2521110',48,1,1,1,32.00,51.00,83.00,4.15,'جيد جدا',1,NULL,NULL,NULL),(224,'2521110',43,1,1,1,38.00,57.00,95.00,4.75,'ممتاز',1,NULL,NULL,NULL),(225,'2521110',44,1,1,1,39.00,41.00,80.00,4.00,'جيد جدا',1,NULL,NULL,NULL),(226,'2521110',47,1,1,1,42.00,43.00,90.00,4.50,'ممتاز',1,NULL,NULL,NULL),(227,'2521110',45,1,1,1,50.00,47.00,97.00,4.85,'ممتاز',1,NULL,NULL,NULL),(228,'2521110',46,1,1,1,34.00,33.00,67.00,3.35,'جيد',1,NULL,NULL,NULL),(229,'2521111',48,1,1,1,31.00,45.00,76.00,3.80,'جيد',1,NULL,NULL,NULL),(230,'2521111',43,1,1,1,31.00,30.00,61.00,3.05,'مقبول',1,NULL,NULL,NULL),(231,'2521111',44,1,1,1,26.00,36.00,62.00,3.10,'مقبول',1,NULL,NULL,NULL),(232,'2521111',47,1,1,1,42.00,25.00,69.00,3.45,'جيد',1,NULL,NULL,NULL),(233,'2521111',45,1,1,1,49.00,42.00,91.00,4.55,'ممتاز',1,NULL,NULL,NULL),(234,'2521111',46,1,1,1,35.00,30.00,65.00,3.25,'جيد',1,NULL,NULL,NULL),(235,'2521112',48,1,1,1,35.00,36.00,71.00,3.55,'جيد',1,NULL,NULL,NULL),(236,'2521112',43,1,1,1,26.00,30.00,56.00,2.80,'مقبول',1,NULL,NULL,NULL),(237,'2521112',44,1,1,1,35.00,37.00,72.00,3.60,'جيد',1,NULL,NULL,NULL),(238,'2521112',47,1,1,1,42.00,35.00,81.00,4.05,'جيد جدا',1,NULL,NULL,NULL),(239,'2521112',45,1,1,1,44.00,25.00,69.00,3.45,'جيد',1,NULL,NULL,NULL),(240,'2521112',46,1,1,1,29.00,30.00,59.00,2.95,'مقبول',1,NULL,NULL,NULL),(241,'2521113',48,1,1,1,38.00,51.00,89.00,4.45,'جيد جدا',1,NULL,NULL,NULL),(242,'2521113',43,1,1,1,24.00,36.00,60.00,3.00,'مقبول',1,NULL,NULL,NULL),(243,'2521113',44,1,1,1,39.00,51.00,90.00,4.50,'ممتاز',1,NULL,NULL,NULL),(244,'2521113',47,1,1,1,42.00,40.00,73.00,3.65,'جيد',1,NULL,NULL,NULL),(245,'2521113',45,1,1,1,49.00,49.00,98.00,4.90,'ممتاز',1,NULL,NULL,NULL),(246,'2521113',46,1,1,1,36.00,31.00,67.00,3.35,'جيد',1,NULL,NULL,NULL),(247,'2521114',48,1,1,1,39.00,59.00,98.00,4.90,'ممتاز',1,NULL,NULL,NULL),(248,'2521114',43,1,1,1,39.00,51.00,90.00,4.50,'ممتاز',1,NULL,NULL,NULL),(249,'2521114',44,1,1,1,39.00,51.00,90.00,4.50,'ممتاز',1,NULL,NULL,NULL),(250,'2521114',47,1,1,1,42.00,33.00,83.00,4.15,'جيد جدا',1,NULL,NULL,NULL),(251,'2521114',45,1,1,1,50.00,49.00,99.00,4.95,'ممتاز',1,NULL,NULL,NULL),(252,'2521114',46,1,1,1,39.00,32.00,71.00,3.55,'جيد',1,NULL,NULL,NULL),(253,'2521215',48,1,1,1,38.00,59.00,97.00,4.85,'ممتاز',1,NULL,NULL,NULL),(254,'2521215',43,1,1,1,28.00,32.00,60.00,3.00,'مقبول',1,NULL,NULL,NULL),(255,'2521215',44,1,1,1,35.00,30.00,65.00,3.25,'جيد',1,NULL,NULL,NULL),(256,'2521215',47,1,1,1,42.00,30.00,76.00,3.80,'جيد',1,NULL,NULL,NULL),(257,'2521215',45,1,1,1,41.00,25.00,66.00,3.30,'جيد',1,NULL,NULL,NULL),(258,'2521215',46,1,1,1,0.00,50.00,50.00,2.50,'مقبول',1,NULL,NULL,NULL),(259,'2521216',48,1,1,1,40.00,60.00,100.00,5.00,'ممتاز',1,NULL,NULL,NULL),(260,'2521216',43,1,1,1,40.00,59.00,99.00,4.95,'ممتاز',1,NULL,NULL,NULL),(261,'2521216',44,1,1,1,40.00,56.00,96.00,4.80,'ممتاز',1,NULL,NULL,NULL),(262,'2521216',47,1,1,1,42.00,50.00,100.00,5.00,'ممتاز',1,NULL,NULL,NULL),(263,'2521216',45,1,1,1,50.00,50.00,100.00,5.00,'ممتاز',1,NULL,NULL,NULL),(264,'2521216',46,1,1,1,40.00,50.00,90.00,4.50,'ممتاز',1,NULL,NULL,NULL),(265,'2521217',48,1,1,1,36.00,56.00,92.00,4.60,'ممتاز',1,NULL,NULL,NULL),(266,'2521217',43,1,1,1,32.00,52.00,84.00,4.20,'جيد جدا',1,NULL,NULL,NULL),(267,'2521217',44,1,1,1,35.00,32.00,67.00,3.35,'جيد',1,NULL,NULL,NULL),(268,'2521217',47,1,1,1,42.00,38.00,82.00,4.10,'جيد جدا',1,NULL,NULL,NULL),(269,'2521217',45,1,1,1,50.00,47.00,97.00,4.85,'ممتاز',1,NULL,NULL,NULL),(270,'2521217',46,1,1,1,30.00,30.00,60.00,3.00,'مقبول',1,NULL,NULL,NULL),(271,'2521118',48,1,1,1,34.00,33.00,67.00,3.35,'جيد',1,NULL,NULL,NULL),(272,'2521118',43,1,1,1,34.00,33.00,67.00,3.35,'جيد',1,NULL,NULL,NULL),(273,'2521118',44,1,1,1,38.00,30.00,68.00,3.40,'جيد',1,NULL,NULL,NULL),(274,'2521118',47,1,1,1,42.00,34.00,80.00,4.00,'جيد جدا',1,NULL,NULL,NULL),(275,'2521118',45,1,1,1,49.00,48.00,97.00,4.85,'ممتاز',1,NULL,NULL,NULL),(276,'2521118',46,1,1,1,31.00,12.00,0.00,0.00,'ضعيف',0,NULL,NULL,NULL),(277,'2521119',48,1,1,1,27.00,31.00,58.00,2.90,'مقبول',1,NULL,NULL,NULL),(278,'2521119',43,1,1,1,34.00,37.00,71.00,3.55,'جيد',1,NULL,NULL,NULL),(279,'2521119',44,1,1,1,28.00,12.00,0.00,0.00,'ضعيف',0,NULL,NULL,NULL),(280,'2521119',47,1,1,1,42.00,42.00,86.00,4.30,'جيد جدا',1,NULL,NULL,NULL),(281,'2521119',45,1,1,1,48.00,38.00,86.00,4.30,'جيد جدا',1,NULL,NULL,NULL),(282,'2521119',46,1,1,1,0.00,50.00,50.00,2.50,'مقبول',1,NULL,NULL,NULL),(283,'2521220',48,1,1,1,40.00,60.00,100.00,5.00,'ممتاز',1,NULL,NULL,NULL),(284,'2521220',43,1,1,1,37.00,59.00,96.00,4.80,'ممتاز',1,NULL,NULL,NULL),(285,'2521220',44,1,1,1,40.00,57.00,97.00,4.85,'ممتاز',1,NULL,NULL,NULL),(286,'2521220',47,1,1,1,42.00,50.00,99.00,4.95,'ممتاز',1,NULL,NULL,NULL),(287,'2521220',45,1,1,1,50.00,49.00,99.00,4.95,'ممتاز',1,NULL,NULL,NULL),(288,'2521220',46,1,1,1,40.00,60.00,100.00,5.00,'ممتاز',1,NULL,NULL,NULL),(289,'2521221',48,1,1,1,33.00,37.00,70.00,3.50,'جيد',1,NULL,NULL,NULL),(290,'2521221',43,1,1,1,27.00,30.00,57.00,2.85,'مقبول',1,NULL,NULL,NULL),(291,'2521221',44,1,1,1,33.00,30.00,63.00,3.15,'مقبول',1,NULL,NULL,NULL),(292,'2521221',47,1,1,1,0.00,50.00,50.00,2.50,'مقبول',1,NULL,NULL,NULL),(293,'2521221',45,1,1,1,48.00,40.00,88.00,4.40,'جيد جدا',1,NULL,NULL,NULL),(294,'2521221',46,1,1,1,0.00,50.00,50.00,2.50,'مقبول',1,NULL,NULL,NULL),(295,'2521122',48,1,1,1,0.00,0.00,0.00,0.00,'محروم',0,'محروم',NULL,NULL),(296,'2521122',43,1,1,1,0.00,0.00,0.00,0.00,'محروم',0,'محروم',NULL,NULL),(297,'2521122',44,1,1,1,0.00,0.00,0.00,0.00,'محروم',0,'محروم',NULL,NULL),(298,'2521122',47,1,1,1,42.00,0.00,0.00,0.00,'محروم',0,'محروم',NULL,NULL),(299,'2521122',45,1,1,1,0.00,0.00,0.00,0.00,'محروم',0,'محروم',NULL,NULL),(300,'2521122',46,1,1,1,0.00,0.00,0.00,0.00,'محروم',0,'محروم',NULL,NULL),(301,'2521123',48,1,1,1,31.00,18.00,0.00,0.00,'ضعيف',0,NULL,NULL,NULL),(302,'2521123',43,1,1,1,24.00,30.00,54.00,2.70,'مقبول',1,NULL,NULL,NULL),(303,'2521123',44,1,1,1,28.00,8.00,0.00,0.00,'ضعيف',0,NULL,NULL,NULL),(304,'2521123',47,1,1,1,42.00,12.00,0.00,0.00,'ضعيف',0,NULL,NULL,NULL),(305,'2521123',45,1,1,1,37.00,4.00,0.00,0.00,'ضعيف',0,NULL,NULL,NULL),(306,'2521123',46,1,1,1,22.00,4.00,0.00,0.00,'ضعيف',0,NULL,NULL,NULL),(307,'2521124',48,1,1,1,31.00,55.00,86.00,4.30,'جيد جدا',1,NULL,NULL,NULL),(308,'2521124',43,1,1,1,35.00,46.00,81.00,4.05,'جيد جدا',1,NULL,NULL,NULL),(309,'2521124',44,1,1,1,0.00,50.00,50.00,2.50,'مقبول',1,NULL,NULL,NULL),(310,'2521124',47,1,1,1,42.00,29.00,63.00,3.15,'مقبول',1,NULL,NULL,NULL),(311,'2521124',45,1,1,1,48.00,32.00,80.00,4.00,'جيد جدا',1,NULL,NULL,NULL),(312,'2521124',46,1,1,1,0.00,50.00,50.00,2.50,'مقبول',1,NULL,NULL,NULL),(313,'2532101',17,1,1,1,35.00,38.00,73.00,3.65,'جيد',1,NULL,NULL,NULL),(314,'2532101',16,1,1,1,35.00,38.00,73.00,3.65,'جيد',1,NULL,NULL,NULL),(315,'2532101',15,1,1,1,0.00,50.00,50.00,2.50,'مقبول',1,NULL,NULL,NULL),(316,'2532101',20,1,1,1,46.00,40.00,86.00,4.30,'جيد جدا',1,NULL,NULL,NULL),(317,'2532101',18,1,1,1,30.00,30.00,60.00,3.00,'مقبول',1,NULL,NULL,NULL),(318,'2532101',21,1,1,1,39.00,51.00,90.00,4.50,'ممتاز',1,NULL,NULL,NULL),(319,'2532101',19,1,1,1,33.00,38.00,71.00,3.55,'جيد',1,NULL,NULL,NULL),(320,'2532102',17,1,1,1,39.00,51.00,90.00,4.50,'ممتاز',1,NULL,NULL,NULL),(321,'2532102',16,1,1,1,38.00,35.00,73.00,3.65,'جيد',1,NULL,NULL,NULL),(322,'2532102',15,1,1,1,36.00,36.00,72.00,3.60,'جيد',1,NULL,NULL,NULL),(323,'2532102',20,1,1,1,48.00,45.00,93.00,4.65,'ممتاز',1,NULL,NULL,NULL),(324,'2532102',18,1,1,1,33.00,44.00,77.00,3.85,'جيد',1,NULL,NULL,NULL),(325,'2532102',21,1,1,1,40.00,56.00,96.00,4.80,'ممتاز',1,NULL,NULL,NULL),(326,'2532102',19,1,1,1,40.00,50.00,90.00,4.50,'ممتاز',1,NULL,NULL,NULL),(327,'2532104',17,1,1,1,30.00,39.00,69.00,3.45,'جيد',1,NULL,NULL,NULL),(328,'2532104',16,1,1,1,30.00,30.00,60.00,3.00,'مقبول',1,NULL,NULL,NULL),(329,'2532104',15,1,1,1,0.00,50.00,50.00,2.50,'مقبول',1,NULL,NULL,NULL),(330,'2532104',20,1,1,1,39.00,32.00,71.00,3.55,'جيد',1,NULL,NULL,NULL),(331,'2532104',18,1,1,1,24.00,30.00,54.00,2.70,'مقبول',1,NULL,NULL,NULL),(332,'2532104',21,1,1,1,38.00,39.00,77.00,3.85,'جيد',1,NULL,NULL,NULL),(333,'2532104',19,1,1,1,0.00,50.00,50.00,2.50,'مقبول',1,NULL,NULL,NULL),(334,'2532105',17,1,1,1,40.00,52.00,92.00,4.60,'ممتاز',1,NULL,NULL,NULL),(335,'2532105',16,1,1,1,35.00,35.00,70.00,3.50,'جيد',1,NULL,NULL,NULL),(336,'2532105',15,1,1,1,36.00,42.00,78.00,3.90,'جيد',1,NULL,NULL,NULL),(337,'2532105',20,1,1,1,49.00,43.00,92.00,4.60,'ممتاز',1,NULL,NULL,NULL),(338,'2532105',18,1,1,1,31.00,49.00,80.00,4.00,'جيد جدا',1,NULL,NULL,NULL),(339,'2532105',21,1,1,1,40.00,60.00,100.00,5.00,'ممتاز',1,NULL,NULL,NULL),(340,'2532105',19,1,1,1,40.00,50.00,90.00,4.50,'ممتاز',1,NULL,NULL,NULL),(341,'2532106',17,1,1,1,30.00,39.00,69.00,3.45,'جيد',1,NULL,NULL,NULL),(342,'2532106',16,1,1,1,36.00,40.00,76.00,3.80,'جيد',1,NULL,NULL,NULL),(343,'2532106',15,1,1,1,30.00,20.00,0.00,0.00,'ضعيف',0,NULL,NULL,NULL),(344,'2532106',20,1,1,1,46.00,45.00,91.00,4.55,'ممتاز',1,NULL,NULL,NULL),(345,'2532106',18,1,1,1,31.00,46.00,77.00,3.85,'جيد',1,NULL,NULL,NULL),(346,'2532106',21,1,1,1,38.00,52.00,90.00,4.50,'ممتاز',1,NULL,NULL,NULL),(347,'2532106',19,1,1,1,30.00,31.00,61.00,3.05,'مقبول',1,NULL,NULL,NULL),(348,'2532107',17,1,1,1,36.00,50.00,86.00,4.30,'جيد جدا',1,NULL,NULL,NULL),(349,'2532107',16,1,1,1,37.00,40.00,77.00,3.85,'جيد',1,NULL,NULL,NULL),(350,'2532107',15,1,1,1,30.00,40.00,70.00,3.50,'جيد',1,NULL,NULL,NULL),(351,'2532107',20,1,1,1,46.00,47.00,93.00,4.65,'ممتاز',1,NULL,NULL,NULL),(352,'2532107',18,1,1,1,29.00,39.00,68.00,3.40,'جيد',1,NULL,NULL,NULL),(353,'2532107',21,1,1,1,40.00,55.00,95.00,4.75,'ممتاز',1,NULL,NULL,NULL),(354,'2532107',19,1,1,1,40.00,53.00,93.00,4.65,'ممتاز',1,NULL,NULL,NULL),(355,'2532108',17,1,1,1,0.00,0.00,0.00,0.00,'محروم',0,'محروم',NULL,NULL),(356,'2532108',16,1,1,1,0.00,0.00,0.00,0.00,'محروم',0,'محروم',NULL,NULL),(357,'2532108',15,1,1,1,0.00,0.00,0.00,0.00,'محروم',0,'محروم',NULL,NULL),(358,'2532108',20,1,1,1,0.00,0.00,0.00,0.00,'محروم',0,'محروم',NULL,NULL),(359,'2532108',18,1,1,1,0.00,0.00,0.00,0.00,'محروم',0,'محروم',NULL,NULL),(360,'2532108',21,1,1,1,0.00,0.00,0.00,0.00,'محروم',0,'محروم',NULL,NULL),(361,'2532108',19,1,1,1,0.00,0.00,0.00,0.00,'محروم',0,'محروم',NULL,NULL),(362,'2532110',17,1,1,1,29.00,48.00,77.00,3.85,'جيد',1,NULL,NULL,NULL),(363,'2532110',16,1,1,1,30.00,30.00,60.00,3.00,'مقبول',1,NULL,NULL,NULL),(364,'2532110',15,1,1,1,26.00,32.00,58.00,2.90,'مقبول',1,NULL,NULL,NULL),(365,'2532110',20,1,1,1,40.00,43.00,83.00,4.15,'جيد جدا',1,NULL,NULL,NULL),(366,'2532110',18,1,1,1,31.00,36.00,67.00,3.35,'جيد',1,NULL,NULL,NULL),(367,'2532110',21,1,1,1,37.00,53.00,90.00,4.50,'ممتاز',1,NULL,NULL,NULL),(368,'2532110',19,1,1,1,38.00,38.00,76.00,3.80,'جيد',1,NULL,NULL,NULL),(369,'2532211',17,1,1,1,40.00,53.00,93.00,4.65,'ممتاز',1,NULL,NULL,NULL),(370,'2532211',16,1,1,1,0.00,50.00,50.00,2.50,'مقبول',1,NULL,NULL,NULL),(371,'2532211',15,1,1,1,32.00,30.00,62.00,3.10,'مقبول',1,NULL,NULL,NULL),(372,'2532211',20,1,1,1,44.00,41.00,85.00,4.25,'جيد جدا',1,NULL,NULL,NULL),(373,'2532211',18,1,1,1,39.00,41.00,80.00,4.00,'جيد جدا',1,NULL,NULL,NULL),(374,'2532211',21,1,1,1,40.00,53.00,93.00,4.65,'ممتاز',1,NULL,NULL,NULL),(375,'2532211',19,1,1,1,30.00,36.00,66.00,3.30,'جيد',1,NULL,NULL,NULL),(376,'2532212',17,1,1,1,40.00,48.00,88.00,4.40,'جيد جدا',1,NULL,NULL,NULL),(377,'2532212',16,1,1,1,38.00,53.00,91.00,4.55,'ممتاز',1,NULL,NULL,NULL),(378,'2532212',15,1,1,1,38.00,50.00,88.00,4.40,'جيد جدا',1,NULL,NULL,NULL),(379,'2532212',20,1,1,1,49.00,47.00,96.00,4.80,'ممتاز',1,NULL,NULL,NULL),(380,'2532212',18,1,1,1,37.00,56.00,93.00,4.65,'ممتاز',1,NULL,NULL,NULL),(381,'2532212',21,1,1,1,40.00,58.00,98.00,4.90,'ممتاز',1,NULL,NULL,NULL),(382,'2532212',19,1,1,1,40.00,51.00,91.00,4.55,'ممتاز',1,NULL,NULL,NULL),(383,'2532113',17,1,1,1,39.00,52.00,91.00,4.55,'ممتاز',1,NULL,NULL,NULL),(384,'2532113',16,1,1,1,34.00,38.00,72.00,3.60,'جيد',1,NULL,NULL,NULL),(385,'2532113',15,1,1,1,38.00,30.00,68.00,3.40,'جيد',1,NULL,NULL,NULL),(386,'2532113',20,1,1,1,49.00,44.00,93.00,4.65,'ممتاز',1,NULL,NULL,NULL),(387,'2532113',18,1,1,1,34.00,36.00,70.00,3.50,'جيد',1,NULL,NULL,NULL),(388,'2532113',21,1,1,1,40.00,57.00,97.00,4.85,'ممتاز',1,NULL,NULL,NULL),(389,'2532113',19,1,1,1,38.00,31.00,69.00,3.45,'جيد',1,NULL,NULL,NULL),(390,'2532115',17,1,1,1,26.00,34.00,60.00,3.00,'مقبول',1,NULL,NULL,NULL),(391,'2532115',16,1,1,1,0.00,50.00,50.00,2.50,'مقبول',1,NULL,NULL,NULL),(392,'2532115',15,1,1,1,0.00,50.00,50.00,2.50,'مقبول',1,NULL,NULL,NULL),(393,'2532115',20,1,1,1,39.00,26.00,65.00,3.25,'جيد',1,NULL,NULL,NULL),(394,'2532115',18,1,1,1,0.00,50.00,50.00,2.50,'مقبول',1,NULL,NULL,NULL),(395,'2532115',21,1,1,1,36.00,31.00,67.00,3.35,'جيد',1,NULL,NULL,NULL),(396,'2532115',19,1,1,1,0.00,50.00,50.00,2.50,'مقبول',1,NULL,NULL,NULL),(397,'2532117',17,1,1,1,32.00,41.00,73.00,3.65,'جيد',1,NULL,NULL,NULL),(398,'2532117',16,1,1,1,0.00,50.00,50.00,2.50,'مقبول',1,NULL,NULL,NULL),(399,'2532117',15,1,1,1,0.00,50.00,50.00,2.50,'مقبول',1,NULL,NULL,NULL),(400,'2532117',20,1,1,1,39.00,29.00,68.00,3.40,'جيد',1,NULL,NULL,NULL),(401,'2532117',18,1,1,1,23.00,30.00,53.00,2.65,'مقبول',1,NULL,NULL,NULL),(402,'2532117',21,1,1,1,36.00,36.00,72.00,3.60,'جيد',1,NULL,NULL,NULL),(403,'2532117',19,1,1,1,31.00,30.00,61.00,3.05,'مقبول',1,NULL,NULL,NULL),(404,'2532218',17,1,1,1,39.00,54.00,93.00,4.65,'ممتاز',1,NULL,NULL,NULL),(405,'2532218',16,1,1,1,40.00,55.00,95.00,4.75,'ممتاز',1,NULL,NULL,NULL),(406,'2532218',15,1,1,1,40.00,57.00,97.00,4.85,'ممتاز',1,NULL,NULL,NULL),(407,'2532218',20,1,1,1,50.00,50.00,100.00,5.00,'ممتاز',1,NULL,NULL,NULL),(408,'2532218',18,1,1,1,37.00,59.00,96.00,4.80,'ممتاز',1,NULL,NULL,NULL),(409,'2532218',21,1,1,1,40.00,60.00,100.00,5.00,'ممتاز',1,NULL,NULL,NULL),(410,'2532218',19,1,1,1,40.00,50.00,90.00,4.50,'ممتاز',1,NULL,NULL,NULL),(411,'2532119',17,1,1,1,40.00,50.00,90.00,4.50,'ممتاز',1,NULL,NULL,NULL),(412,'2532119',16,1,1,1,37.00,44.00,81.00,4.05,'جيد جدا',1,NULL,NULL,NULL),(413,'2532119',15,1,1,1,33.00,52.00,85.00,4.25,'جيد جدا',1,NULL,NULL,NULL),(414,'2532119',20,1,1,1,49.00,45.00,94.00,4.70,'ممتاز',1,NULL,NULL,NULL),(415,'2532119',18,1,1,1,34.00,56.00,90.00,4.50,'ممتاز',1,NULL,NULL,NULL),(416,'2532119',21,1,1,1,39.00,41.00,80.00,4.00,'جيد جدا',1,NULL,NULL,NULL),(417,'2532119',19,1,1,1,40.00,50.00,90.00,4.50,'ممتاز',1,NULL,NULL,NULL),(418,'2532220',17,1,1,1,40.00,46.00,86.00,4.30,'جيد جدا',1,NULL,NULL,NULL),(419,'2532220',16,1,1,1,37.00,47.00,84.00,4.20,'جيد جدا',1,NULL,NULL,NULL),(420,'2532220',15,1,1,1,30.00,47.00,77.00,3.85,'جيد',1,NULL,NULL,NULL),(421,'2532220',20,1,1,1,45.00,44.00,90.00,4.50,'ممتاز',1,NULL,NULL,NULL),(422,'2532220',18,1,1,1,30.00,31.00,61.00,3.05,'مقبول',1,NULL,NULL,NULL),(423,'2532220',21,1,1,1,40.00,58.00,98.00,4.90,'ممتاز',1,NULL,NULL,NULL),(424,'2532220',19,1,1,1,0.00,50.00,50.00,2.50,'مقبول',1,NULL,NULL,NULL),(425,'2531203',31,1,1,1,40.00,55.00,95.00,4.75,'ممتاز',1,NULL,NULL,NULL),(426,'2531203',30,1,1,1,39.00,54.00,93.00,4.65,'ممتاز',1,NULL,NULL,NULL),(427,'2531203',29,1,1,1,37.00,46.00,83.00,4.15,'جيد جدا',1,NULL,NULL,NULL),(428,'2531203',34,1,1,1,49.00,47.00,96.00,4.80,'ممتاز',1,NULL,NULL,NULL),(429,'2531203',32,1,1,1,35.00,47.00,82.00,4.10,'جيد جدا',1,NULL,NULL,NULL),(430,'2531203',35,1,1,1,40.00,56.00,96.00,4.80,'ممتاز',1,NULL,NULL,NULL),(431,'2531203',33,1,1,1,40.00,41.00,81.00,4.05,'جيد جدا',1,NULL,NULL,NULL),(432,'2531109',31,1,1,1,39.00,56.00,95.00,4.75,'ممتاز',1,NULL,NULL,NULL),(433,'2531109',30,1,1,1,36.00,54.00,90.00,4.50,'ممتاز',1,NULL,NULL,NULL),(434,'2531109',29,1,1,1,37.00,53.00,90.00,4.50,'ممتاز',1,NULL,NULL,NULL),(435,'2531109',34,1,1,1,44.00,48.00,92.00,4.60,'ممتاز',1,NULL,NULL,NULL),(436,'2531109',32,1,1,1,31.00,43.00,74.00,3.70,'جيد',1,NULL,NULL,NULL),(437,'2531109',35,1,1,1,38.00,51.00,90.00,4.50,'ممتاز',1,NULL,NULL,NULL),(438,'2531109',33,1,1,1,40.00,44.00,84.00,4.20,'جيد جدا',1,NULL,NULL,NULL),(439,'2531114',31,1,1,1,33.00,39.00,72.00,3.60,'جيد',1,NULL,NULL,NULL),(440,'2531114',30,1,1,1,22.00,30.00,52.00,2.60,'مقبول',1,NULL,NULL,NULL),(441,'2531114',29,1,1,1,27.00,19.00,0.00,0.00,'ضعيف',0,NULL,NULL,NULL),(442,'2531114',34,1,1,1,43.00,15.00,0.00,0.00,'ضعيف',0,NULL,NULL,NULL),(443,'2531114',32,1,1,1,25.00,35.00,60.00,3.00,'مقبول',1,NULL,NULL,NULL),(444,'2531114',35,1,1,1,36.00,0.00,0.00,0.00,'غائب',0,NULL,NULL,NULL),(445,'2531114',33,1,1,1,26.00,14.00,0.00,0.00,'ضعيف',0,NULL,NULL,NULL),(446,'2531116',31,1,1,1,0.00,0.00,0.00,0.00,'محروم',0,'محروم',NULL,NULL),(447,'2531116',30,1,1,1,0.00,0.00,0.00,0.00,'محروم',0,'محروم',NULL,NULL),(448,'2531116',29,1,1,1,0.00,0.00,0.00,0.00,'محروم',0,'محروم',NULL,NULL),(449,'2531116',34,1,1,1,0.00,0.00,0.00,0.00,'محروم',0,'محروم',NULL,NULL),(450,'2531116',32,1,1,1,0.00,0.00,0.00,0.00,'محروم',0,'محروم',NULL,NULL),(451,'2531116',35,1,1,1,0.00,0.00,0.00,0.00,'محروم',0,'محروم',NULL,NULL),(452,'2531116',33,1,1,1,0.00,0.00,0.00,0.00,'محروم',0,'محروم',NULL,NULL),(453,'2531121',31,1,1,1,21.00,34.00,55.00,2.75,'مقبول',1,NULL,NULL,NULL),(454,'2531121',30,1,1,1,25.00,30.00,55.00,2.75,'مقبول',1,NULL,NULL,NULL),(455,'2531121',29,1,1,1,24.00,17.00,0.00,0.00,'ضعيف',0,NULL,NULL,NULL),(456,'2531121',34,1,1,1,27.00,16.00,0.00,0.00,'ضعيف',0,NULL,NULL,NULL),(457,'2531121',32,1,1,1,20.00,13.00,0.00,0.00,'ضعيف',0,NULL,NULL,NULL),(458,'2531121',35,1,1,1,38.00,30.00,68.00,3.40,'جيد',1,NULL,NULL,NULL),(459,'2531121',33,1,1,1,27.00,16.00,0.00,0.00,'ضعيف',0,NULL,NULL,NULL),(460,'2532101',25,2,1,1,30.00,30.00,60.00,3.00,'مقبول',1,NULL,NULL,NULL),(461,'2532101',23,2,1,1,35.00,43.00,78.00,3.90,'جيد',1,NULL,NULL,NULL),(462,'2532101',24,2,1,1,30.00,39.00,69.00,3.45,'جيد',1,NULL,NULL,NULL),(463,'2532101',28,2,1,1,24.00,43.00,67.00,3.35,'جيد',1,NULL,NULL,NULL),(464,'2532101',22,2,1,1,34.00,34.00,68.00,3.40,'جيد',1,NULL,NULL,NULL),(465,'2532101',26,2,1,1,34.00,41.00,75.00,3.75,'جيد',1,NULL,NULL,NULL),(466,'2532101',27,2,1,1,28.00,37.00,65.00,3.25,'جيد',1,NULL,NULL,NULL),(467,'2532102',25,2,1,1,40.00,35.00,75.00,3.75,'جيد',1,NULL,NULL,NULL),(468,'2532102',23,2,1,1,39.00,51.00,90.00,4.50,'ممتاز',1,NULL,NULL,NULL),(469,'2532102',24,2,1,1,32.00,48.00,80.00,4.00,'جيد جدا',1,NULL,NULL,NULL),(470,'2532102',28,2,1,1,30.00,44.00,74.00,3.70,'جيد',1,NULL,NULL,NULL),(471,'2532102',22,2,1,1,34.00,46.00,80.00,4.00,'جيد جدا',1,NULL,NULL,NULL),(472,'2532102',26,2,1,1,34.00,53.00,87.00,4.35,'جيد جدا',1,NULL,NULL,NULL),(473,'2532102',27,2,1,1,36.00,44.00,80.00,4.00,'جيد جدا',1,NULL,NULL,NULL),(474,'2532104',25,2,1,1,34.00,38.00,72.00,3.60,'جيد',1,NULL,NULL,NULL),(475,'2532104',23,2,1,1,39.00,48.00,87.00,4.35,'جيد جدا',1,NULL,NULL,NULL),(476,'2532104',24,2,1,1,34.00,36.00,70.00,3.50,'جيد',1,NULL,NULL,NULL),(477,'2532104',28,2,1,1,33.00,36.00,69.00,3.45,'جيد',1,NULL,NULL,NULL),(478,'2532104',22,2,1,1,30.00,30.00,60.00,3.00,'مقبول',1,NULL,NULL,NULL),(479,'2532104',26,2,1,1,34.00,34.00,68.00,3.40,'جيد',1,NULL,NULL,NULL),(480,'2532104',27,2,1,1,30.00,32.00,62.00,3.10,'مقبول',1,NULL,NULL,NULL),(481,'2532105',25,2,1,1,40.00,60.00,100.00,5.00,'ممتاز',1,NULL,NULL,NULL),(482,'2532105',23,2,1,1,40.00,52.00,92.00,4.60,'ممتاز',1,NULL,NULL,NULL),(483,'2532105',24,2,1,1,40.00,58.00,98.00,4.90,'ممتاز',1,NULL,NULL,NULL),(484,'2532105',28,2,1,1,40.00,52.00,92.00,4.60,'ممتاز',1,NULL,NULL,NULL),(485,'2532105',22,2,1,1,34.00,56.00,90.00,4.50,'ممتاز',1,NULL,NULL,NULL),(486,'2532105',26,2,1,1,39.00,54.00,93.00,4.65,'ممتاز',1,NULL,NULL,NULL),(487,'2532105',27,2,1,1,38.00,57.00,95.00,4.75,'ممتاز',1,NULL,NULL,NULL),(488,'2532106',25,2,1,1,27.00,33.00,60.00,3.00,'مقبول',1,NULL,NULL,NULL),(489,'2532106',23,2,1,1,30.00,15.00,45.00,2.25,'ضعيف',0,NULL,NULL,NULL),(490,'2532106',24,2,1,1,30.00,35.00,65.00,3.25,'جيد',1,NULL,NULL,NULL),(491,'2532106',28,2,1,1,23.00,41.00,64.00,3.20,'مقبول',1,NULL,NULL,NULL),(492,'2532106',22,2,1,1,30.00,18.00,48.00,2.40,'ضعيف',0,NULL,NULL,NULL),(493,'2532106',26,2,1,1,28.00,1.00,29.00,1.45,'ضعيف',0,NULL,NULL,NULL),(494,'2532106',27,2,1,1,29.00,38.00,67.00,3.35,'جيد',1,NULL,NULL,NULL),(495,'2532107',25,2,1,1,39.00,58.00,97.00,4.85,'ممتاز',1,NULL,NULL,NULL),(496,'2532107',23,2,1,1,40.00,53.00,93.00,4.65,'ممتاز',1,NULL,NULL,NULL),(497,'2532107',24,2,1,1,40.00,58.00,98.00,4.90,'ممتاز',1,NULL,NULL,NULL),(498,'2532107',28,2,1,1,33.00,48.00,81.00,4.05,'جيد جدا',1,NULL,NULL,NULL),(499,'2532107',22,2,1,1,36.00,50.00,86.00,4.30,'جيد جدا',1,NULL,NULL,NULL),(500,'2532107',26,2,1,1,36.00,54.00,90.00,4.50,'ممتاز',1,NULL,NULL,NULL),(501,'2532107',27,2,1,1,38.00,55.00,93.00,4.65,'ممتاز',1,NULL,NULL,NULL),(502,'2532108',25,2,1,1,0.00,0.00,0.00,0.00,'محروم',0,'محروم',NULL,NULL),(503,'2532108',23,2,1,1,0.00,0.00,0.00,0.00,'محروم',0,'محروم',NULL,NULL),(504,'2532108',24,2,1,1,0.00,0.00,0.00,0.00,'محروم',0,'محروم',NULL,NULL),(505,'2532108',28,2,1,1,0.00,0.00,0.00,0.00,'محروم',0,'محروم',NULL,NULL),(506,'2532108',22,2,1,1,0.00,0.00,0.00,0.00,'محروم',0,'محروم',NULL,NULL),(507,'2532108',26,2,1,1,0.00,0.00,0.00,0.00,'محروم',0,'محروم',NULL,NULL),(508,'2532108',27,2,1,1,0.00,0.00,0.00,0.00,'محروم',0,'محروم',NULL,NULL),(509,'2532110',25,2,1,1,34.00,35.00,69.00,3.45,'جيد',1,NULL,NULL,NULL),(510,'2532110',23,2,1,1,27.00,48.00,75.00,3.75,'جيد',1,NULL,NULL,NULL),(511,'2532110',24,2,1,1,28.00,50.00,78.00,3.90,'جيد',1,NULL,NULL,NULL),(512,'2532110',28,2,1,1,20.00,47.00,67.00,3.35,'جيد',1,NULL,NULL,NULL),(513,'2532110',22,2,1,1,25.00,47.00,72.00,3.60,'جيد',1,NULL,NULL,NULL),(514,'2532110',26,2,1,1,20.00,12.00,32.00,1.60,'ضعيف',0,NULL,NULL,NULL),(515,'2532110',27,2,1,1,27.00,48.00,75.00,3.75,'جيد',1,NULL,NULL,NULL),(516,'2532211',25,2,1,1,27.00,32.00,59.00,2.95,'مقبول',1,NULL,NULL,NULL),(517,'2532211',23,2,1,1,38.00,49.00,87.00,4.35,'جيد جدا',1,NULL,NULL,NULL),(518,'2532211',24,2,1,1,36.00,50.00,86.00,4.30,'جيد جدا',1,NULL,NULL,NULL),(519,'2532211',28,2,1,1,30.00,35.00,65.00,3.25,'جيد',1,NULL,NULL,NULL),(520,'2532211',22,2,1,1,36.00,40.00,76.00,3.80,'جيد',1,NULL,NULL,NULL),(521,'2532211',26,2,1,1,35.00,30.00,65.00,3.25,'جيد',1,NULL,NULL,NULL),(522,'2532211',27,2,1,1,39.00,45.00,84.00,4.20,'جيد جدا',1,NULL,NULL,NULL),(523,'2532212',25,2,1,1,34.00,58.00,92.00,4.60,'ممتاز',1,NULL,NULL,NULL),(524,'2532212',23,2,1,1,38.00,53.00,91.00,4.55,'ممتاز',1,NULL,NULL,NULL),(525,'2532212',24,2,1,1,37.00,57.00,94.00,4.70,'ممتاز',1,NULL,NULL,NULL),(526,'2532212',28,2,1,1,30.00,45.00,75.00,3.75,'جيد',1,NULL,NULL,NULL),(527,'2532212',22,2,1,1,39.00,43.00,82.00,4.10,'جيد جدا',1,NULL,NULL,NULL),(528,'2532212',26,2,1,1,36.00,49.00,85.00,4.25,'جيد جدا',1,NULL,NULL,NULL),(529,'2532212',27,2,1,1,35.00,53.00,88.00,4.40,'جيد جدا',1,NULL,NULL,NULL),(530,'2532113',25,2,1,1,34.00,41.00,75.00,3.75,'جيد',1,NULL,NULL,NULL),(531,'2532113',23,2,1,1,37.00,56.00,93.00,4.65,'ممتاز',1,NULL,NULL,NULL),(532,'2532113',24,2,1,1,39.00,56.00,95.00,4.75,'ممتاز',1,NULL,NULL,NULL),(533,'2532113',28,2,1,1,30.00,46.00,76.00,3.80,'جيد',1,NULL,NULL,NULL),(534,'2532113',22,2,1,1,38.00,52.00,90.00,4.50,'ممتاز',1,NULL,NULL,NULL),(535,'2532113',26,2,1,1,37.00,47.00,84.00,4.20,'جيد جدا',1,NULL,NULL,NULL),(536,'2532113',27,2,1,1,40.00,50.00,90.00,4.50,'ممتاز',1,NULL,NULL,NULL),(537,'2532115',25,2,1,1,0.00,50.00,50.00,2.50,'مقبول',1,NULL,NULL,NULL),(538,'2532115',23,2,1,1,0.00,50.00,50.00,2.50,'مقبول',1,NULL,NULL,NULL),(539,'2532115',24,2,1,1,30.00,30.00,60.00,3.00,'مقبول',1,NULL,NULL,NULL),(540,'2532115',28,2,1,1,30.00,41.00,71.00,3.55,'جيد',1,NULL,NULL,NULL),(541,'2532115',22,2,1,1,30.00,30.00,60.00,3.00,'مقبول',1,NULL,NULL,NULL),(542,'2532115',26,2,1,1,25.00,30.00,55.00,2.75,'مقبول',1,NULL,NULL,NULL),(543,'2532115',27,2,1,1,0.00,50.00,50.00,2.50,'مقبول',1,NULL,NULL,NULL),(544,'2532117',25,2,1,1,23.00,30.00,53.00,2.65,'مقبول',1,NULL,NULL,NULL),(545,'2532117',23,2,1,1,34.00,31.00,65.00,3.25,'جيد',1,NULL,NULL,NULL),(546,'2532117',24,2,1,1,0.00,50.00,50.00,2.50,'مقبول',1,NULL,NULL,NULL),(547,'2532117',28,2,1,1,27.00,35.00,62.00,3.10,'مقبول',1,NULL,NULL,NULL),(548,'2532117',22,2,1,1,28.00,30.00,58.00,2.90,'مقبول',1,NULL,NULL,NULL),(549,'2532117',26,2,1,1,0.00,50.00,50.00,2.50,'مقبول',1,NULL,NULL,NULL),(550,'2532117',27,2,1,1,0.00,50.00,50.00,2.50,'مقبول',1,NULL,NULL,NULL),(551,'2532218',25,2,1,1,39.00,58.00,97.00,4.85,'ممتاز',1,NULL,NULL,NULL),(552,'2532218',23,2,1,1,39.00,56.00,95.00,4.75,'ممتاز',1,NULL,NULL,NULL),(553,'2532218',24,2,1,1,38.00,57.00,95.00,4.75,'ممتاز',1,NULL,NULL,NULL),(554,'2532218',28,2,1,1,40.00,58.00,98.00,4.90,'ممتاز',1,NULL,NULL,NULL),(555,'2532218',22,2,1,1,37.00,59.00,96.00,4.80,'ممتاز',1,NULL,NULL,NULL),(556,'2532218',26,2,1,1,38.00,55.00,93.00,4.65,'ممتاز',1,NULL,NULL,NULL),(557,'2532218',27,2,1,1,40.00,59.00,99.00,4.95,'ممتاز',1,NULL,NULL,NULL),(558,'2532119',25,2,1,1,36.00,38.00,74.00,3.70,'جيد',1,NULL,NULL,NULL),(559,'2532119',23,2,1,1,34.00,31.00,65.00,3.25,'جيد',1,NULL,NULL,NULL),(560,'2532119',24,2,1,1,39.00,58.00,97.00,4.85,'ممتاز',1,NULL,NULL,NULL),(561,'2532119',28,2,1,1,40.00,58.00,98.00,4.90,'ممتاز',1,NULL,NULL,NULL),(562,'2532119',22,2,1,1,39.00,48.00,87.00,4.35,'جيد جدا',1,NULL,NULL,NULL),(563,'2532119',26,2,1,1,33.00,47.00,80.00,4.00,'جيد جدا',1,NULL,NULL,NULL),(564,'2532119',27,2,1,1,40.00,54.00,94.00,4.70,'ممتاز',1,NULL,NULL,NULL),(565,'2532220',25,2,1,1,29.00,44.00,73.00,3.65,'جيد',1,NULL,NULL,NULL),(566,'2532220',23,2,1,1,38.00,50.00,88.00,4.40,'جيد جدا',1,NULL,NULL,NULL),(567,'2532220',24,2,1,1,34.00,46.00,80.00,4.00,'جيد جدا',1,NULL,NULL,NULL),(568,'2532220',28,2,1,1,32.00,43.00,75.00,3.75,'جيد',1,NULL,NULL,NULL),(569,'2532220',22,2,1,1,35.00,31.00,66.00,3.30,'جيد',1,NULL,NULL,NULL),(570,'2532220',26,2,1,1,36.00,44.00,80.00,4.00,'جيد جدا',1,NULL,NULL,NULL),(571,'2532220',27,2,1,1,35.00,45.00,80.00,4.00,'جيد جدا',1,NULL,NULL,NULL),(572,'2531203',39,2,1,1,37.00,50.00,87.00,4.35,'جيد جدا',1,NULL,NULL,NULL),(573,'2531203',37,2,1,1,39.00,55.00,94.00,4.70,'ممتاز',1,NULL,NULL,NULL),(574,'2531203',38,2,1,1,40.00,58.00,98.00,4.90,'ممتاز',1,NULL,NULL,NULL),(575,'2531203',42,2,1,1,40.00,52.00,92.00,4.60,'ممتاز',1,NULL,NULL,NULL),(576,'2531203',36,2,1,1,35.00,59.00,94.00,4.70,'ممتاز',1,NULL,NULL,NULL),(577,'2531203',40,2,1,1,34.00,56.00,90.00,4.50,'ممتاز',1,NULL,NULL,NULL),(578,'2531203',41,2,1,1,36.00,59.00,95.00,4.75,'ممتاز',1,NULL,NULL,NULL),(579,'2531109',39,2,1,1,25.00,34.00,59.00,2.95,'مقبول',1,NULL,NULL,NULL),(580,'2531109',37,2,1,1,28.00,46.00,74.00,3.70,'جيد',1,NULL,NULL,NULL),(581,'2531109',38,2,1,1,36.00,51.00,87.00,4.35,'جيد جدا',1,NULL,NULL,NULL),(582,'2531109',42,2,1,1,25.00,41.00,66.00,3.30,'جيد',1,NULL,NULL,NULL),(583,'2531109',36,2,1,1,30.00,30.00,60.00,3.00,'مقبول',1,NULL,NULL,NULL),(584,'2531109',40,2,1,1,29.00,30.00,59.00,2.95,'مقبول',1,NULL,NULL,NULL),(585,'2531109',41,2,1,1,33.00,48.00,81.00,4.05,'جيد جدا',1,NULL,NULL,NULL),(586,'2531114',39,2,1,1,26.00,16.00,42.00,2.10,'ضعيف',0,NULL,NULL,NULL),(587,'2531114',37,2,1,1,30.00,16.00,46.00,2.30,'ضعيف',0,NULL,NULL,NULL),(588,'2531114',38,2,1,1,32.00,26.00,58.00,2.90,'ضعيف',0,NULL,NULL,NULL),(589,'2531114',42,2,1,1,28.00,40.00,68.00,3.40,'جيد',1,NULL,NULL,NULL),(590,'2531114',36,2,1,1,30.00,19.00,49.00,2.45,'ضعيف',0,NULL,NULL,NULL),(591,'2531114',40,2,1,1,38.00,12.00,50.00,2.50,'ضعيف',0,NULL,NULL,NULL),(592,'2531114',41,2,1,1,31.00,20.00,51.00,2.55,'ضعيف',0,NULL,NULL,NULL),(593,'2531116',39,2,1,1,0.00,0.00,0.00,0.00,'محروم',0,'محروم',NULL,NULL),(594,'2531116',37,2,1,1,0.00,0.00,0.00,0.00,'محروم',0,'محروم',NULL,NULL),(595,'2531116',38,2,1,1,0.00,0.00,0.00,0.00,'محروم',0,'محروم',NULL,NULL),(596,'2531116',42,2,1,1,0.00,0.00,0.00,0.00,'محروم',0,'محروم',NULL,NULL),(597,'2531116',36,2,1,1,0.00,0.00,0.00,0.00,'محروم',0,'محروم',NULL,NULL),(598,'2531116',40,2,1,1,0.00,0.00,0.00,0.00,'محروم',0,'محروم',NULL,NULL),(599,'2531116',41,2,1,1,0.00,0.00,0.00,0.00,'محروم',0,'محروم',NULL,NULL),(600,'2531121',39,2,1,1,0.00,0.00,0.00,0.00,'محروم',0,'محروم',NULL,NULL),(601,'2531121',37,2,1,1,0.00,0.00,0.00,0.00,'محروم',0,'محروم',NULL,NULL),(602,'2531121',38,2,1,1,0.00,0.00,0.00,0.00,'محروم',0,'محروم',NULL,NULL),(603,'2531121',42,2,1,1,0.00,0.00,0.00,0.00,'محروم',0,'محروم',NULL,NULL),(604,'2531121',36,2,1,1,0.00,0.00,0.00,0.00,'محروم',0,'محروم',NULL,NULL),(605,'2531121',40,2,1,1,0.00,0.00,0.00,0.00,'محروم',0,'محروم',NULL,NULL),(606,'2531121',41,2,1,1,0.00,0.00,0.00,0.00,'محروم',0,'محروم',NULL,NULL),(607,'2511101',10,2,1,1,0.00,0.00,0.00,0.00,'محروم',0,'محروم',NULL,NULL),(608,'2511101',9,2,1,1,0.00,0.00,0.00,0.00,'محروم',0,'محروم',NULL,NULL),(609,'2511101',8,2,1,1,0.00,0.00,0.00,0.00,'محروم',0,'محروم',NULL,NULL),(610,'2511101',11,2,1,1,0.00,0.00,0.00,0.00,'محروم',0,'محروم',NULL,NULL),(611,'2511101',13,2,1,1,0.00,0.00,0.00,0.00,'محروم',0,'محروم',NULL,NULL),(612,'2511101',12,2,1,1,0.00,0.00,0.00,0.00,'محروم',0,'محروم',NULL,NULL),(613,'2511101',14,2,1,1,0.00,0.00,0.00,0.00,'محروم',0,'محروم',NULL,NULL),(614,'2511202',10,2,1,1,43.00,34.00,77.00,3.85,'جيد',1,NULL,NULL,NULL),(615,'2511202',9,2,1,1,35.00,45.00,80.00,4.00,'جيد جدا',1,NULL,NULL,NULL),(616,'2511202',8,2,1,1,36.00,56.00,92.00,4.60,'ممتاز',1,NULL,NULL,NULL),(617,'2511202',11,2,1,1,47.00,36.00,83.00,4.15,'جيد جدا',1,NULL,NULL,NULL),(618,'2511202',13,2,1,1,40.00,50.00,90.00,4.50,'ممتاز',1,NULL,NULL,NULL),(619,'2511202',12,2,1,1,34.00,49.00,83.00,4.15,'جيد جدا',1,NULL,NULL,NULL),(620,'2511202',14,2,1,1,40.00,58.00,98.00,4.90,'ممتاز',1,NULL,NULL,NULL),(621,'2511203',10,2,1,1,37.00,25.00,62.00,3.10,'مقبول',1,NULL,NULL,NULL),(622,'2511203',9,2,1,1,31.00,30.00,61.00,3.05,'مقبول',1,NULL,NULL,NULL),(623,'2511203',8,2,1,1,36.00,54.00,90.00,4.50,'ممتاز',1,NULL,NULL,NULL),(624,'2511203',11,2,1,1,46.00,34.00,80.00,4.00,'جيد جدا',1,NULL,NULL,NULL),(625,'2511203',13,2,1,1,39.00,39.00,78.00,3.90,'جيد',1,NULL,NULL,NULL),(626,'2511203',12,2,1,1,34.00,44.00,78.00,3.90,'جيد',1,NULL,NULL,NULL),(627,'2511203',14,2,1,1,38.00,57.00,95.00,4.75,'ممتاز',1,NULL,NULL,NULL),(628,'2511204',10,2,1,1,36.00,34.00,70.00,3.50,'جيد',1,NULL,NULL,NULL),(629,'2511204',9,2,1,1,36.00,50.00,86.00,4.30,'جيد جدا',1,NULL,NULL,NULL),(630,'2511204',8,2,1,1,38.00,49.00,87.00,4.35,'جيد جدا',1,NULL,NULL,NULL),(631,'2511204',11,2,1,1,41.00,42.00,83.00,4.15,'جيد جدا',1,NULL,NULL,NULL),(632,'2511204',13,2,1,1,39.00,33.00,72.00,3.60,'جيد',1,NULL,NULL,NULL),(633,'2511204',12,2,1,1,38.00,46.00,84.00,4.20,'جيد جدا',1,NULL,NULL,NULL),(634,'2511204',14,2,1,1,38.00,57.00,95.00,4.75,'ممتاز',1,NULL,NULL,NULL),(635,'2511205',10,2,1,1,0.00,65.00,65.00,3.25,'مقبول',1,NULL,NULL,NULL),(636,'2511205',9,2,1,1,35.00,30.00,65.00,3.25,'مقبول',1,NULL,NULL,NULL),(637,'2511205',8,2,1,1,0.00,65.00,65.00,3.25,'مقبول',1,NULL,NULL,NULL),(638,'2511205',11,2,1,1,32.00,29.00,61.00,3.05,'مقبول',1,NULL,NULL,NULL),(639,'2511205',13,2,1,1,37.00,33.00,70.00,3.50,'جيد',1,NULL,NULL,NULL),(640,'2511205',12,2,1,1,32.00,44.00,76.00,3.80,'جيد',1,NULL,NULL,NULL),(641,'2511205',14,2,1,1,30.00,50.00,80.00,4.00,'جيد جدا',1,NULL,NULL,NULL),(642,'2511106',10,2,1,1,43.00,35.00,78.00,3.90,'جيد',1,NULL,NULL,NULL),(643,'2511106',9,2,1,1,40.00,60.00,100.00,5.00,'ممتاز',1,NULL,NULL,NULL),(644,'2511106',8,2,1,1,40.00,57.00,97.00,4.85,'ممتاز',1,NULL,NULL,NULL),(645,'2511106',11,2,1,1,47.00,46.00,93.00,4.65,'ممتاز',1,NULL,NULL,NULL),(646,'2511106',13,2,1,1,40.00,55.00,95.00,4.75,'ممتاز',1,NULL,NULL,NULL),(647,'2511106',12,2,1,1,38.00,59.00,97.00,4.85,'ممتاز',1,NULL,NULL,NULL),(648,'2511106',14,2,1,1,40.00,58.00,98.00,4.90,'ممتاز',1,NULL,NULL,NULL),(649,'2511207',10,2,1,1,38.00,36.00,74.00,3.70,'جيد',1,NULL,NULL,NULL),(650,'2511207',9,2,1,1,38.00,42.00,80.00,4.00,'جيد جدا',1,NULL,NULL,NULL),(651,'2511207',8,2,1,1,38.00,56.00,94.00,4.70,'ممتاز',1,NULL,NULL,NULL),(652,'2511207',11,2,1,1,45.00,46.00,91.00,4.55,'ممتاز',1,NULL,NULL,NULL),(653,'2511207',13,2,1,1,39.00,47.00,86.00,4.30,'جيد جدا',1,NULL,NULL,NULL),(654,'2511207',12,2,1,1,37.00,50.00,87.00,4.35,'جيد جدا',1,NULL,NULL,NULL),(655,'2511207',14,2,1,1,40.00,60.00,100.00,5.00,'ممتاز',1,NULL,NULL,NULL),(656,'2511108',10,2,1,1,42.00,36.00,78.00,3.90,'جيد',1,NULL,NULL,NULL),(657,'2511108',9,2,1,1,38.00,56.00,94.00,4.70,'ممتاز',1,NULL,NULL,NULL),(658,'2511108',8,2,1,1,40.00,56.00,96.00,4.80,'ممتاز',1,NULL,NULL,NULL),(659,'2511108',11,2,1,1,46.00,48.00,94.00,4.70,'ممتاز',1,NULL,NULL,NULL),(660,'2511108',13,2,1,1,40.00,48.00,88.00,4.40,'جيد جدا',1,NULL,NULL,NULL),(661,'2511108',12,2,1,1,35.00,53.00,88.00,4.40,'جيد جدا',1,NULL,NULL,NULL),(662,'2511108',14,2,1,1,40.00,58.00,98.00,4.90,'ممتاز',1,NULL,NULL,NULL),(663,'2511109',10,2,1,1,37.00,35.00,72.00,3.60,'جيد',1,NULL,NULL,NULL),(664,'2511109',9,2,1,1,28.00,46.00,74.00,3.70,'جيد',1,NULL,NULL,NULL),(665,'2511109',8,2,1,1,37.00,50.00,87.00,4.35,'جيد جدا',1,NULL,NULL,NULL),(666,'2511109',11,2,1,1,41.00,36.00,77.00,3.85,'جيد',1,NULL,NULL,NULL),(667,'2511109',13,2,1,1,37.00,39.00,76.00,3.80,'جيد',1,NULL,NULL,NULL),(668,'2511109',12,2,1,1,35.00,41.00,76.00,3.80,'جيد',1,NULL,NULL,NULL),(669,'2511109',14,2,1,1,38.00,52.00,90.00,4.50,'ممتاز',1,NULL,NULL,NULL),(670,'2511210',10,2,1,1,44.00,44.00,88.00,4.40,'جيد جدا',1,NULL,NULL,NULL),(671,'2511210',9,2,1,1,39.00,58.00,97.00,4.85,'ممتاز',1,NULL,NULL,NULL),(672,'2511210',8,2,1,1,38.00,55.00,93.00,4.65,'ممتاز',1,NULL,NULL,NULL),(673,'2511210',11,2,1,1,48.00,48.00,96.00,4.80,'ممتاز',1,NULL,NULL,NULL),(674,'2511210',13,2,1,1,40.00,51.00,91.00,4.55,'ممتاز',1,NULL,NULL,NULL),(675,'2511210',12,2,1,1,38.00,54.00,92.00,4.60,'ممتاز',1,NULL,NULL,NULL),(676,'2511210',14,2,1,1,40.00,58.00,98.00,4.90,'ممتاز',1,NULL,NULL,NULL),(677,'2511211',10,2,1,1,46.00,44.00,90.00,4.50,'ممتاز',1,NULL,NULL,NULL),(678,'2511211',9,2,1,1,38.00,56.00,94.00,4.70,'ممتاز',1,NULL,NULL,NULL),(679,'2511211',8,2,1,1,40.00,58.00,98.00,4.90,'ممتاز',1,NULL,NULL,NULL),(680,'2511211',11,2,1,1,45.00,49.00,94.00,4.70,'ممتاز',1,NULL,NULL,NULL),(681,'2511211',13,2,1,1,40.00,43.00,83.00,4.15,'جيد جدا',1,NULL,NULL,NULL),(682,'2511211',12,2,1,1,39.00,52.00,91.00,4.55,'ممتاز',1,NULL,NULL,NULL),(683,'2511211',14,2,1,1,40.00,59.00,99.00,4.95,'ممتاز',1,NULL,NULL,NULL),(684,'2511212',10,2,1,1,38.00,39.00,77.00,3.85,'جيد',1,NULL,NULL,NULL),(685,'2511212',9,2,1,1,38.00,52.00,90.00,4.50,'ممتاز',1,NULL,NULL,NULL),(686,'2511212',8,2,1,1,36.00,58.00,94.00,4.70,'ممتاز',1,NULL,NULL,NULL),(687,'2511212',11,2,1,1,38.00,42.00,80.00,4.00,'جيد جدا',1,NULL,NULL,NULL),(688,'2511212',13,2,1,1,38.00,46.00,84.00,4.20,'جيد جدا',1,NULL,NULL,NULL),(689,'2511212',12,2,1,1,37.00,55.00,92.00,4.60,'ممتاز',1,NULL,NULL,NULL),(690,'2511212',14,2,1,1,38.00,59.00,97.00,4.85,'ممتاز',1,NULL,NULL,NULL),(691,'2511213',10,2,1,1,38.00,33.00,71.00,3.55,'جيد',1,NULL,NULL,NULL),(692,'2511213',9,2,1,1,30.00,30.00,60.00,3.00,'مقبول',1,NULL,NULL,NULL),(693,'2511213',8,2,1,1,31.00,41.00,72.00,3.60,'جيد',1,NULL,NULL,NULL),(694,'2511213',11,2,1,1,32.00,29.00,61.00,3.05,'مقبول',1,NULL,NULL,NULL),(695,'2511213',13,2,1,1,38.00,39.00,77.00,3.85,'جيد',1,NULL,NULL,NULL),(696,'2511213',12,2,1,1,27.00,45.00,72.00,3.60,'جيد',1,NULL,NULL,NULL),(697,'2511213',14,2,1,1,34.00,33.00,67.00,3.35,'مقبول',1,NULL,NULL,NULL),(698,'2511214',10,2,1,1,0.00,65.00,65.00,3.25,'مقبول',1,NULL,NULL,NULL),(699,'2511214',9,2,1,1,30.00,30.00,60.00,3.00,'مقبول',1,NULL,NULL,NULL),(700,'2511214',8,2,1,1,28.00,34.00,62.00,3.10,'مقبول',1,NULL,NULL,NULL),(701,'2511214',11,2,1,1,0.00,65.00,65.00,3.25,'مقبول',1,NULL,NULL,NULL),(702,'2511214',13,2,1,1,31.00,32.00,63.00,3.15,'مقبول',1,NULL,NULL,NULL),(703,'2511214',12,2,1,1,31.00,40.00,71.00,3.55,'جيد',1,NULL,NULL,NULL),(704,'2511214',14,2,1,1,26.00,34.00,60.00,3.00,'مقبول',1,NULL,NULL,NULL),(705,'2511215',10,2,1,1,37.00,25.00,62.00,3.10,'مقبول',1,NULL,NULL,NULL),(706,'2511215',9,2,1,1,35.00,42.00,77.00,3.85,'جيد',1,NULL,NULL,NULL),(707,'2511215',8,2,1,1,36.00,52.00,88.00,4.40,'جيد جدا',1,NULL,NULL,NULL),(708,'2511215',11,2,1,1,30.00,14.00,44.00,2.20,'ضعيف',0,NULL,NULL,NULL),(709,'2511215',13,2,1,1,38.00,42.00,80.00,4.00,'جيد جدا',1,NULL,NULL,NULL),(710,'2511215',12,2,1,1,34.00,43.00,77.00,3.85,'جيد',1,NULL,NULL,NULL),(711,'2511215',14,2,1,1,40.00,50.00,90.00,4.50,'ممتاز',1,NULL,NULL,NULL),(712,'2511216',10,2,1,1,36.00,34.00,70.00,3.50,'جيد',1,NULL,NULL,NULL),(713,'2511216',9,2,1,1,35.00,50.00,85.00,4.25,'جيد جدا',1,NULL,NULL,NULL),(714,'2511216',8,2,1,1,36.00,60.00,96.00,4.80,'ممتاز',1,NULL,NULL,NULL),(715,'2511216',11,2,1,1,42.00,42.00,84.00,4.20,'جيد جدا',1,NULL,NULL,NULL),(716,'2511216',13,2,1,1,40.00,47.00,87.00,4.35,'جيد جدا',1,NULL,NULL,NULL),(717,'2511216',12,2,1,1,38.00,49.00,87.00,4.35,'جيد جدا',1,NULL,NULL,NULL),(718,'2511216',14,2,1,1,40.00,59.00,99.00,4.95,'ممتاز',1,NULL,NULL,NULL),(719,'2511217',10,2,1,1,0.00,0.00,0.00,0.00,'محروم',0,'محروم',NULL,NULL),(720,'2511217',9,2,1,1,0.00,0.00,0.00,0.00,'محروم',0,'محروم',NULL,NULL),(721,'2511217',8,2,1,1,0.00,0.00,0.00,0.00,'محروم',0,'محروم',NULL,NULL),(722,'2511217',11,2,1,1,0.00,0.00,0.00,0.00,'محروم',0,'محروم',NULL,NULL),(723,'2511217',13,2,1,1,0.00,0.00,0.00,0.00,'محروم',0,'محروم',NULL,NULL),(724,'2511217',12,2,1,1,0.00,0.00,0.00,0.00,'محروم',0,'محروم',NULL,NULL),(725,'2511217',14,2,1,1,0.00,0.00,0.00,0.00,'محروم',0,'محروم',NULL,NULL),(726,'2511218',10,2,1,1,41.00,33.00,74.00,3.70,'جيد',1,NULL,NULL,NULL),(727,'2511218',9,2,1,1,39.00,52.00,91.00,4.55,'ممتاز',1,NULL,NULL,NULL),(728,'2511218',8,2,1,1,34.00,56.00,90.00,4.50,'ممتاز',1,NULL,NULL,NULL),(729,'2511218',11,2,1,1,44.00,38.00,82.00,4.10,'جيد جدا',1,NULL,NULL,NULL),(730,'2511218',13,2,1,1,39.00,44.00,83.00,4.15,'جيد جدا',1,NULL,NULL,NULL),(731,'2511218',12,2,1,1,35.00,46.00,81.00,4.05,'جيد جدا',1,NULL,NULL,NULL),(732,'2511218',14,2,1,1,40.00,59.00,99.00,4.95,'ممتاز',1,NULL,NULL,NULL),(733,'2511219',10,2,1,1,39.00,33.00,72.00,3.60,'جيد',1,NULL,NULL,NULL),(734,'2511219',9,2,1,1,37.00,34.00,71.00,3.55,'جيد',1,NULL,NULL,NULL),(735,'2511219',8,2,1,1,34.00,57.00,91.00,4.55,'ممتاز',1,NULL,NULL,NULL),(736,'2511219',11,2,1,1,39.00,34.00,73.00,3.65,'جيد',1,NULL,NULL,NULL),(737,'2511219',13,2,1,1,40.00,40.00,80.00,4.00,'جيد جدا',1,NULL,NULL,NULL),(738,'2511219',12,2,1,1,36.00,44.00,80.00,4.00,'جيد جدا',1,NULL,NULL,NULL),(739,'2511219',14,2,1,1,40.00,53.00,93.00,4.65,'ممتاز',1,NULL,NULL,NULL),(740,'2511220',10,2,1,1,37.00,33.00,70.00,3.50,'جيد',1,NULL,NULL,NULL),(741,'2511220',9,2,1,1,36.00,44.00,80.00,4.00,'جيد جدا',1,NULL,NULL,NULL),(742,'2511220',8,2,1,1,40.00,56.00,96.00,4.80,'ممتاز',1,NULL,NULL,NULL),(743,'2511220',11,2,1,1,40.00,32.00,72.00,3.60,'جيد',1,NULL,NULL,NULL),(744,'2511220',13,2,1,1,36.00,39.00,75.00,3.75,'جيد',1,NULL,NULL,NULL),(745,'2511220',12,2,1,1,31.00,43.00,74.00,3.70,'جيد',1,NULL,NULL,NULL),(746,'2511220',14,2,1,1,40.00,55.00,95.00,4.75,'ممتاز',1,NULL,NULL,NULL),(747,'2511221',10,2,1,1,35.00,33.00,68.00,3.40,'مقبول',1,NULL,NULL,NULL),(748,'2511221',9,2,1,1,37.00,36.00,73.00,3.65,'جيد',1,NULL,NULL,NULL),(749,'2511221',8,2,1,1,35.00,43.00,78.00,3.90,'جيد',1,NULL,NULL,NULL),(750,'2511221',11,2,1,1,39.00,26.00,65.00,3.25,'مقبول',1,NULL,NULL,NULL),(751,'2511221',13,2,1,1,38.00,39.00,77.00,3.85,'جيد',1,NULL,NULL,NULL),(752,'2511221',12,2,1,1,33.00,42.00,75.00,3.75,'جيد',1,NULL,NULL,NULL),(753,'2511221',14,2,1,1,38.00,45.00,83.00,4.15,'جيد جدا',1,NULL,NULL,NULL),(754,'2511122',10,2,1,1,0.00,0.00,0.00,0.00,'محروم',0,'محروم',NULL,NULL),(755,'2511122',9,2,1,1,0.00,0.00,0.00,0.00,'محروم',0,'محروم',NULL,NULL),(756,'2511122',8,2,1,1,0.00,0.00,0.00,0.00,'محروم',0,'محروم',NULL,NULL),(757,'2511122',11,2,1,1,0.00,0.00,0.00,0.00,'محروم',0,'محروم',NULL,NULL),(758,'2511122',13,2,1,1,0.00,0.00,0.00,0.00,'محروم',0,'محروم',NULL,NULL),(759,'2511122',12,2,1,1,0.00,0.00,0.00,0.00,'محروم',0,'محروم',NULL,NULL),(760,'2511122',14,2,1,1,0.00,0.00,0.00,0.00,'محروم',0,'محروم',NULL,NULL),(761,'2511123',10,2,1,1,0.00,65.00,65.00,3.25,'مقبول',1,NULL,NULL,NULL),(762,'2511123',9,2,1,1,32.00,42.00,74.00,3.70,'جيد',1,NULL,NULL,NULL),(763,'2511123',8,2,1,1,32.00,46.00,78.00,3.90,'جيد',1,NULL,NULL,NULL),(764,'2511123',11,2,1,1,32.00,28.00,60.00,3.00,'مقبول',1,NULL,NULL,NULL),(765,'2511123',13,2,1,1,30.00,32.00,62.00,3.10,'مقبول',1,NULL,NULL,NULL),(766,'2511123',12,2,1,1,26.00,47.00,73.00,3.65,'جيد',1,NULL,NULL,NULL),(767,'2511123',14,2,1,1,33.00,30.00,63.00,3.15,'مقبول',1,NULL,NULL,NULL),(768,'2511224',10,2,1,1,44.00,43.00,87.00,4.35,'جيد جدا',1,NULL,NULL,NULL),(769,'2511224',9,2,1,1,38.00,54.00,92.00,4.60,'ممتاز',1,NULL,NULL,NULL),(770,'2511224',8,2,1,1,38.00,53.00,91.00,4.55,'ممتاز',1,NULL,NULL,NULL),(771,'2511224',11,2,1,1,44.00,46.00,90.00,4.50,'ممتاز',1,NULL,NULL,NULL),(772,'2511224',13,2,1,1,40.00,40.00,80.00,4.00,'جيد جدا',1,NULL,NULL,NULL),(773,'2511224',12,2,1,1,38.00,48.00,86.00,4.30,'جيد جدا',1,NULL,NULL,NULL),(774,'2511224',14,2,1,1,40.00,54.00,94.00,4.70,'ممتاز',1,NULL,NULL,NULL),(775,'2521101',51,2,1,1,25.00,1.00,26.00,1.30,'ضعيف',0,NULL,NULL,NULL),(776,'2521101',49,2,1,1,27.00,30.00,57.00,2.85,'مقبول',1,NULL,NULL,NULL),(777,'2521101',50,2,1,1,20.00,51.00,71.00,3.55,'جيد',1,NULL,NULL,NULL),(778,'2521101',53,2,1,1,25.00,0.00,25.00,1.25,'غائب',0,NULL,NULL,NULL),(779,'2521101',55,2,1,1,45.00,27.00,72.00,3.60,'جيد',1,NULL,NULL,NULL),(780,'2521101',52,2,1,1,0.00,50.00,50.00,2.50,'مقبول',1,NULL,NULL,NULL),(781,'2521101',54,2,1,1,20.00,55.00,75.00,3.75,'جيد',1,NULL,NULL,NULL),(782,'2521102',51,2,1,1,25.00,1.00,26.00,1.30,'ضعيف',0,NULL,NULL,NULL),(783,'2521102',49,2,1,1,0.00,50.00,50.00,2.50,'مقبول',1,NULL,NULL,NULL),(784,'2521102',50,2,1,1,26.00,46.00,72.00,3.60,'جيد',1,NULL,NULL,NULL),(785,'2521102',53,2,1,1,0.00,12.00,12.00,0.60,'ضعيف',0,NULL,NULL,NULL),(786,'2521102',55,2,1,1,41.00,28.00,69.00,3.45,'جيد',1,NULL,NULL,NULL),(787,'2521102',52,2,1,1,35.00,28.00,63.00,3.15,'مقبول',1,NULL,NULL,NULL),(788,'2521102',54,2,1,1,24.00,44.00,68.00,3.40,'جيد',1,NULL,NULL,NULL),(789,'2521103',51,2,1,1,35.00,1.00,36.00,1.80,'ضعيف',0,NULL,NULL,NULL),(790,'2521103',49,2,1,1,0.00,50.00,50.00,2.50,'مقبول',1,NULL,NULL,NULL),(791,'2521103',50,2,1,1,28.00,41.00,69.00,3.45,'جيد',1,NULL,NULL,NULL),(792,'2521103',53,2,1,1,25.00,0.00,25.00,1.25,'غائب',0,NULL,NULL,NULL),(793,'2521103',55,2,1,1,44.00,25.00,69.00,3.45,'جيد',1,NULL,NULL,NULL),(794,'2521103',52,2,1,1,0.00,50.00,50.00,2.50,'مقبول',1,NULL,NULL,NULL),(795,'2521103',54,2,1,1,27.00,43.00,70.00,3.50,'جيد',1,NULL,NULL,NULL),(796,'2521104',51,2,1,1,30.00,0.00,30.00,1.50,'غائب',0,NULL,NULL,NULL),(797,'2521104',49,2,1,1,0.00,50.00,50.00,2.50,'مقبول',1,NULL,NULL,NULL),(798,'2521104',50,2,1,1,25.00,35.00,60.00,3.00,'مقبول',1,NULL,NULL,NULL),(799,'2521104',53,2,1,1,0.00,12.00,12.00,0.60,'ضعيف',0,NULL,NULL,NULL),(800,'2521104',55,2,1,1,0.00,50.00,50.00,2.50,'مقبول',1,NULL,NULL,NULL),(801,'2521104',52,2,1,1,36.00,37.00,73.00,3.65,'جيد',1,NULL,NULL,NULL),(802,'2521104',54,2,1,1,30.00,32.00,62.00,3.10,'مقبول',1,NULL,NULL,NULL),(803,'2521105',51,2,1,1,40.00,1.00,41.00,2.05,'ضعيف',0,NULL,NULL,NULL),(804,'2521105',49,2,1,1,35.00,30.00,65.00,3.25,'جيد',1,NULL,NULL,NULL),(805,'2521105',50,2,1,1,34.00,42.00,76.00,3.80,'جيد',1,NULL,NULL,NULL),(806,'2521105',53,2,1,1,0.00,50.00,50.00,2.50,'مقبول',1,NULL,NULL,NULL),(807,'2521105',55,2,1,1,47.00,35.00,82.00,4.10,'جيد جدا',1,NULL,NULL,NULL),(808,'2521105',52,2,1,1,0.00,50.00,50.00,2.50,'مقبول',1,NULL,NULL,NULL),(809,'2521105',54,2,1,1,30.00,46.00,76.00,3.80,'جيد',1,NULL,NULL,NULL),(810,'2521106',51,2,1,1,0.00,0.00,0.00,0.00,'محروم',0,'محروم',NULL,NULL),(811,'2521106',49,2,1,1,0.00,0.00,0.00,0.00,'محروم',0,'محروم',NULL,NULL),(812,'2521106',50,2,1,1,0.00,0.00,0.00,0.00,'محروم',0,'محروم',NULL,NULL),(813,'2521106',53,2,1,1,0.00,0.00,0.00,0.00,'محروم',0,'محروم',NULL,NULL),(814,'2521106',55,2,1,1,0.00,0.00,0.00,0.00,'محروم',0,'محروم',NULL,NULL),(815,'2521106',52,2,1,1,0.00,0.00,0.00,0.00,'محروم',0,'محروم',NULL,NULL),(816,'2521106',54,2,1,1,0.00,0.00,0.00,0.00,'محروم',0,'محروم',NULL,NULL),(817,'2521107',51,2,1,1,0.00,50.00,50.00,2.50,'مقبول',1,NULL,NULL,NULL),(818,'2521107',49,2,1,1,27.00,40.00,67.00,3.35,'جيد',1,NULL,NULL,NULL),(819,'2521107',50,2,1,1,33.00,52.00,85.00,4.25,'جيد جدا',1,NULL,NULL,NULL),(820,'2521107',53,2,1,1,25.00,21.00,46.00,2.30,'ضعيف',0,NULL,NULL,NULL),(821,'2521107',55,2,1,1,47.00,28.00,75.00,3.75,'جيد',1,NULL,NULL,NULL),(822,'2521107',52,2,1,1,41.00,34.00,75.00,3.75,'جيد',1,NULL,NULL,NULL),(823,'2521107',54,2,1,1,23.00,30.00,53.00,2.65,'مقبول',1,NULL,NULL,NULL),(824,'2521108',51,2,1,1,0.00,50.00,50.00,2.50,'مقبول',1,NULL,NULL,NULL),(825,'2521108',49,2,1,1,35.00,30.00,65.00,3.25,'جيد',1,NULL,NULL,NULL),(826,'2521108',50,2,1,1,26.00,37.00,63.00,3.15,'مقبول',1,NULL,NULL,NULL),(827,'2521108',53,2,1,1,25.00,25.00,50.00,2.50,'مقبول',1,NULL,NULL,NULL),(828,'2521108',55,2,1,1,44.00,31.00,75.00,3.75,'جيد',1,NULL,NULL,NULL),(829,'2521108',52,2,1,1,38.00,32.00,70.00,3.50,'جيد',1,NULL,NULL,NULL),(830,'2521108',54,2,1,1,20.00,36.00,56.00,2.80,'مقبول',1,NULL,NULL,NULL),(831,'2521109',51,2,1,1,0.00,0.00,0.00,0.00,'محروم',0,'محروم',NULL,NULL),(832,'2521109',49,2,1,1,0.00,0.00,0.00,0.00,'محروم',0,'محروم',NULL,NULL),(833,'2521109',50,2,1,1,0.00,0.00,0.00,0.00,'محروم',0,'محروم',NULL,NULL),(834,'2521109',53,2,1,1,0.00,0.00,0.00,0.00,'محروم',0,'محروم',NULL,NULL),(835,'2521109',55,2,1,1,0.00,0.00,0.00,0.00,'محروم',0,'محروم',NULL,NULL),(836,'2521109',52,2,1,1,0.00,0.00,0.00,0.00,'محروم',0,'محروم',NULL,NULL),(837,'2521109',54,2,1,1,23.00,0.00,23.00,1.15,'غائب',0,NULL,NULL,NULL),(838,'2521110',51,2,1,1,35.00,35.00,70.00,3.50,'جيد',1,NULL,NULL,NULL),(839,'2521110',49,2,1,1,36.00,48.00,84.00,4.20,'جيد جدا',1,NULL,NULL,NULL),(840,'2521110',50,2,1,1,34.00,46.00,80.00,4.00,'جيد جدا',1,NULL,NULL,NULL),(841,'2521110',53,2,1,1,32.00,30.00,62.00,3.10,'مقبول',1,NULL,NULL,NULL),(842,'2521110',55,2,1,1,47.00,36.00,83.00,4.15,'جيد جدا',1,NULL,NULL,NULL),(843,'2521110',52,2,1,1,50.00,46.00,96.00,4.80,'ممتاز',1,NULL,NULL,NULL),(844,'2521110',54,2,1,1,36.00,54.00,90.00,4.50,'ممتاز',1,NULL,NULL,NULL),(845,'2521111',51,2,1,1,40.00,30.00,70.00,3.50,'جيد',1,NULL,NULL,NULL),(846,'2521111',49,2,1,1,32.00,38.00,70.00,3.50,'جيد',1,NULL,NULL,NULL),(847,'2521111',50,2,1,1,35.00,41.00,76.00,3.80,'جيد',1,NULL,NULL,NULL),(848,'2521111',53,2,1,1,26.00,25.00,51.00,2.55,'مقبول',1,NULL,NULL,NULL),(849,'2521111',55,2,1,1,45.00,32.00,77.00,3.85,'جيد',1,NULL,NULL,NULL),(850,'2521111',52,2,1,1,41.00,29.00,70.00,3.50,'جيد',1,NULL,NULL,NULL),(851,'2521111',54,2,1,1,21.00,30.00,51.00,2.55,'مقبول',1,NULL,NULL,NULL),(852,'2521112',51,2,1,1,39.00,1.00,40.00,2.00,'ضعيف',0,NULL,NULL,NULL),(853,'2521112',49,2,1,1,31.00,34.00,65.00,3.25,'جيد',1,NULL,NULL,NULL),(854,'2521112',50,2,1,1,0.00,50.00,50.00,2.50,'مقبول',1,NULL,NULL,NULL),(855,'2521112',53,2,1,1,39.00,17.00,56.00,2.80,'ضعيف',0,NULL,NULL,NULL),(856,'2521112',55,2,1,1,48.00,42.00,90.00,4.50,'ممتاز',1,NULL,NULL,NULL),(857,'2521112',52,2,1,1,0.00,50.00,50.00,2.50,'مقبول',1,NULL,NULL,NULL),(858,'2521112',54,2,1,1,30.00,30.00,60.00,3.00,'مقبول',1,NULL,NULL,NULL),(859,'2521113',51,2,1,1,38.00,46.00,84.00,4.20,'جيد جدا',1,NULL,NULL,NULL),(860,'2521113',49,2,1,1,30.00,40.00,70.00,3.50,'جيد',1,NULL,NULL,NULL),(861,'2521113',50,2,1,1,34.00,53.00,87.00,4.35,'جيد جدا',1,NULL,NULL,NULL),(862,'2521113',53,2,1,1,35.00,25.00,60.00,3.00,'مقبول',1,NULL,NULL,NULL),(863,'2521113',55,2,1,1,46.00,42.00,88.00,4.40,'جيد جدا',1,NULL,NULL,NULL),(864,'2521113',52,2,1,1,50.00,43.00,93.00,4.65,'ممتاز',1,NULL,NULL,NULL),(865,'2521113',54,2,1,1,38.00,43.00,81.00,4.05,'جيد جدا',1,NULL,NULL,NULL),(866,'2521114',51,2,1,1,39.00,35.00,74.00,3.70,'جيد',1,NULL,NULL,NULL),(867,'2521114',49,2,1,1,39.00,42.00,81.00,4.05,'جيد جدا',1,NULL,NULL,NULL),(868,'2521114',50,2,1,1,34.00,53.00,87.00,4.35,'جيد جدا',1,NULL,NULL,NULL),(869,'2521114',53,2,1,1,34.00,31.00,65.00,3.25,'جيد',1,NULL,NULL,NULL),(870,'2521114',55,2,1,1,49.00,38.00,87.00,4.35,'جيد جدا',1,NULL,NULL,NULL),(871,'2521114',52,2,1,1,47.00,41.00,88.00,4.40,'جيد جدا',1,NULL,NULL,NULL),(872,'2521114',54,2,1,1,40.00,53.00,93.00,4.65,'ممتاز',1,NULL,NULL,NULL),(873,'2521215',51,2,1,1,25.00,1.00,26.00,1.30,'ضعيف',0,NULL,NULL,NULL),(874,'2521215',49,2,1,1,35.00,45.00,80.00,4.00,'جيد جدا',1,NULL,NULL,NULL),(875,'2521215',50,2,1,1,29.00,46.00,75.00,3.75,'جيد',1,NULL,NULL,NULL),(876,'2521215',53,2,1,1,25.00,12.00,37.00,1.85,'ضعيف',0,NULL,NULL,NULL),(877,'2521215',55,2,1,1,49.00,35.00,84.00,4.20,'جيد جدا',1,NULL,NULL,NULL),(878,'2521215',52,2,1,1,41.00,35.00,76.00,3.80,'جيد',1,NULL,NULL,NULL),(879,'2521215',54,2,1,1,0.00,50.00,50.00,2.50,'مقبول',1,NULL,NULL,NULL),(880,'2521216',51,2,1,1,38.00,60.00,98.00,4.90,'ممتاز',1,NULL,NULL,NULL),(881,'2521216',49,2,1,1,40.00,60.00,100.00,5.00,'ممتاز',1,NULL,NULL,NULL),(882,'2521216',50,2,1,1,40.00,58.00,98.00,4.90,'ممتاز',1,NULL,NULL,NULL),(883,'2521216',53,2,1,1,49.00,50.00,99.00,4.95,'ممتاز',1,NULL,NULL,NULL),(884,'2521216',55,2,1,1,50.00,48.00,98.00,4.90,'ممتاز',1,NULL,NULL,NULL),(885,'2521216',52,2,1,1,50.00,50.00,100.00,5.00,'ممتاز',1,NULL,NULL,NULL),(886,'2521216',54,2,1,1,40.00,59.00,99.00,4.95,'ممتاز',1,NULL,NULL,NULL),(887,'2521217',51,2,1,1,38.00,3.00,41.00,2.05,'ضعيف',0,NULL,NULL,NULL),(888,'2521217',49,2,1,1,34.00,32.00,66.00,3.30,'جيد',1,NULL,NULL,NULL),(889,'2521217',50,2,1,1,27.00,47.00,74.00,3.70,'جيد',1,NULL,NULL,NULL),(890,'2521217',53,2,1,1,0.00,50.00,50.00,2.50,'مقبول',1,NULL,NULL,NULL),(891,'2521217',55,2,1,1,50.00,48.00,98.00,4.90,'ممتاز',1,NULL,NULL,NULL),(892,'2521217',52,2,1,1,49.00,37.00,86.00,4.30,'جيد جدا',1,NULL,NULL,NULL),(893,'2521217',54,2,1,1,40.00,47.00,87.00,4.35,'جيد جدا',1,NULL,NULL,NULL),(894,'2521118',51,2,1,1,30.00,7.00,37.00,1.85,'ضعيف',0,NULL,NULL,NULL),(895,'2521118',49,2,1,1,0.00,50.00,50.00,2.50,'مقبول',1,NULL,NULL,NULL),(896,'2521118',50,2,1,1,30.00,41.00,71.00,3.55,'جيد',1,NULL,NULL,NULL),(897,'2521118',53,2,1,1,34.00,18.00,52.00,2.60,'ضعيف',0,NULL,NULL,NULL),(898,'2521118',55,2,1,1,45.00,31.00,76.00,3.80,'جيد',1,NULL,NULL,NULL),(899,'2521118',52,2,1,1,38.00,33.00,71.00,3.55,'جيد',1,NULL,NULL,NULL),(900,'2521118',54,2,1,1,30.00,30.00,60.00,3.00,'مقبول',1,NULL,NULL,NULL),(901,'2521119',51,2,1,1,25.00,1.00,26.00,1.30,'ضعيف',0,NULL,NULL,NULL),(902,'2521119',49,2,1,1,0.00,50.00,50.00,2.50,'مقبول',1,NULL,NULL,NULL),(903,'2521119',50,2,1,1,0.00,50.00,50.00,2.50,'مقبول',1,NULL,NULL,NULL),(904,'2521119',53,2,1,1,32.00,17.00,49.00,2.45,'ضعيف',0,NULL,NULL,NULL),(905,'2521119',55,2,1,1,43.00,25.00,68.00,3.40,'جيد',1,NULL,NULL,NULL),(906,'2521119',52,2,1,1,38.00,34.00,72.00,3.60,'جيد',1,NULL,NULL,NULL),(907,'2521119',54,2,1,1,25.00,30.00,55.00,2.75,'مقبول',1,NULL,NULL,NULL),(908,'2521220',51,2,1,1,40.00,60.00,100.00,5.00,'ممتاز',1,NULL,NULL,NULL),(909,'2521220',49,2,1,1,40.00,60.00,100.00,5.00,'ممتاز',1,NULL,NULL,NULL),(910,'2521220',50,2,1,1,40.00,59.00,99.00,4.95,'ممتاز',1,NULL,NULL,NULL),(911,'2521220',53,2,1,1,49.00,50.00,99.00,4.95,'ممتاز',1,NULL,NULL,NULL),(912,'2521220',55,2,1,1,50.00,50.00,100.00,5.00,'ممتاز',1,NULL,NULL,NULL),(913,'2521220',52,2,1,1,50.00,50.00,100.00,5.00,'ممتاز',1,NULL,NULL,NULL),(914,'2521220',54,2,1,1,40.00,60.00,100.00,5.00,'ممتاز',1,NULL,NULL,NULL),(915,'2521221',51,2,1,1,30.00,13.00,43.00,2.15,'ضعيف',0,NULL,NULL,NULL),(916,'2521221',49,2,1,1,0.00,50.00,50.00,2.50,'مقبول',1,NULL,NULL,NULL),(917,'2521221',50,2,1,1,34.00,35.00,69.00,3.45,'جيد',1,NULL,NULL,NULL),(918,'2521221',53,2,1,1,0.00,50.00,50.00,2.50,'مقبول',1,NULL,NULL,NULL),(919,'2521221',55,2,1,1,48.00,46.00,94.00,4.70,'ممتاز',1,NULL,NULL,NULL),(920,'2521221',52,2,1,1,0.00,50.00,50.00,2.50,'مقبول',1,NULL,NULL,NULL),(921,'2521221',54,2,1,1,28.00,33.00,61.00,3.05,'مقبول',1,NULL,NULL,NULL),(922,'2521122',51,2,1,1,0.00,0.00,0.00,0.00,'محروم',0,'محروم',NULL,NULL),(923,'2521122',49,2,1,1,0.00,0.00,0.00,0.00,'محروم',0,'محروم',NULL,NULL),(924,'2521122',50,2,1,1,0.00,0.00,0.00,0.00,'محروم',0,'محروم',NULL,NULL),(925,'2521122',53,2,1,1,0.00,0.00,0.00,0.00,'محروم',0,'محروم',NULL,NULL),(926,'2521122',55,2,1,1,0.00,0.00,0.00,0.00,'محروم',0,'محروم',NULL,NULL),(927,'2521122',52,2,1,1,0.00,0.00,0.00,0.00,'محروم',0,'محروم',NULL,NULL),(928,'2521122',54,2,1,1,0.00,0.00,0.00,0.00,'محروم',0,'محروم',NULL,NULL),(929,'2521123',51,2,1,1,0.00,0.00,0.00,0.00,'محروم',0,'محروم',NULL,NULL),(930,'2521123',49,2,1,1,0.00,0.00,0.00,0.00,'محروم',0,'محروم',NULL,NULL),(931,'2521123',50,2,1,1,0.00,0.00,0.00,0.00,'محروم',0,'محروم',NULL,NULL),(932,'2521123',53,2,1,1,0.00,0.00,0.00,0.00,'محروم',0,'محروم',NULL,NULL),(933,'2521123',55,2,1,1,0.00,0.00,0.00,0.00,'محروم',0,'محروم',NULL,NULL),(934,'2521123',52,2,1,1,0.00,0.00,0.00,0.00,'محروم',0,'محروم',NULL,NULL),(935,'2521123',54,2,1,1,0.00,0.00,0.00,0.00,'محروم',0,'محروم',NULL,NULL),(936,'2521124',51,2,1,1,25.00,1.00,26.00,1.30,'ضعيف',0,NULL,NULL,NULL),(937,'2521124',49,2,1,1,23.00,34.00,57.00,2.85,'مقبول',1,NULL,NULL,NULL),(938,'2521124',50,2,1,1,20.00,45.00,65.00,3.25,'جيد',1,NULL,NULL,NULL),(939,'2521124',53,2,1,1,25.00,0.00,25.00,1.25,'غائب',0,NULL,NULL,NULL),(940,'2521124',55,2,1,1,45.00,32.00,77.00,3.85,'جيد',1,NULL,NULL,NULL),(941,'2521124',52,2,1,1,38.00,25.00,63.00,3.15,'مقبول',1,NULL,NULL,NULL),(942,'2521124',54,2,1,1,25.00,30.00,55.00,2.75,'مقبول',1,NULL,NULL,NULL);
/*!40000 ALTER TABLE `grades` ENABLE KEYS */;
UNLOCK TABLES;

--
-- Table structure for table `levels`
--

DROP TABLE IF EXISTS `levels`;
/*!40101 SET @saved_cs_client     = @@character_set_client */;
/*!50503 SET character_set_client = utf8mb4 */;
CREATE TABLE `levels` (
  `id` bigint(20) unsigned NOT NULL AUTO_INCREMENT,
  `name_ar` varchar(255) NOT NULL,
  `name_en` varchar(255) NOT NULL,
  `description` text DEFAULT NULL,
  `order` int(11) NOT NULL DEFAULT 0,
  `created_at` timestamp NULL DEFAULT NULL,
  `updated_at` timestamp NULL DEFAULT NULL,
  PRIMARY KEY (`id`),
  UNIQUE KEY `levels_name_ar_unique` (`name_ar`),
  UNIQUE KEY `levels_name_en_unique` (`name_en`)
) ENGINE=InnoDB AUTO_INCREMENT=5 DEFAULT CHARSET=utf8mb4 COLLATE=utf8mb4_unicode_ci;
/*!40101 SET character_set_client = @saved_cs_client */;

--
-- Dumping data for table `levels`
--

LOCK TABLES `levels` WRITE;
/*!40000 ALTER TABLE `levels` DISABLE KEYS */;
INSERT INTO `levels` VALUES (1,'الاول','first',NULL,1,NULL,NULL),(2,'الثاني','second',NULL,2,NULL,NULL),(3,'الثالث','third',NULL,3,NULL,NULL),(4,'الرابع','Fourth',NULL,4,NULL,NULL);
/*!40000 ALTER TABLE `levels` ENABLE KEYS */;
UNLOCK TABLES;

--
-- Table structure for table `majors`
--

DROP TABLE IF EXISTS `majors`;
/*!40101 SET @saved_cs_client     = @@character_set_client */;
/*!50503 SET character_set_client = utf8mb4 */;
CREATE TABLE `majors` (
  `id` bigint(20) unsigned NOT NULL AUTO_INCREMENT,
  `college_id` bigint(20) unsigned NOT NULL,
  `code` varchar(255) NOT NULL,
  `name_ar` varchar(255) NOT NULL,
  `name_en` varchar(255) NOT NULL,
  `created_at` timestamp NULL DEFAULT NULL,
  `updated_at` timestamp NULL DEFAULT NULL,
  PRIMARY KEY (`id`),
  KEY `majors_college_id_foreign` (`college_id`),
  CONSTRAINT `majors_college_id_foreign` FOREIGN KEY (`college_id`) REFERENCES `colleges` (`id`) ON DELETE CASCADE
) ENGINE=InnoDB AUTO_INCREMENT=7 DEFAULT CHARSET=utf8mb4 COLLATE=utf8mb4_unicode_ci;
/*!40101 SET character_set_client = @saved_cs_client */;

--
-- Dumping data for table `majors`
--

LOCK TABLES `majors` WRITE;
/*!40000 ALTER TABLE `majors` DISABLE KEYS */;
INSERT INTO `majors` VALUES (1,1,'1','المختبرات','Laboratories',NULL,NULL),(2,2,'1','تقنية المعلومات','Information Technology',NULL,NULL),(3,3,'1','إدارة أعمال','Business Administration',NULL,NULL),(4,3,'2','محاسبة','Accounting',NULL,NULL),(5,4,'1','اللغات','Languages',NULL,NULL),(6,4,'2','الترجمة','Translation',NULL,NULL);
/*!40000 ALTER TABLE `majors` ENABLE KEYS */;
UNLOCK TABLES;


--
-- Table structure for table `semesters`
--

DROP TABLE IF EXISTS `semesters`;
/*!40101 SET @saved_cs_client     = @@character_set_client */;
/*!50503 SET character_set_client = utf8mb4 */;
CREATE TABLE `semesters` (
  `id` bigint(20) unsigned NOT NULL AUTO_INCREMENT,
  `name_ar` varchar(255) NOT NULL,
  `name_en` varchar(255) NOT NULL,
  `level_id` bigint(20) unsigned NOT NULL,
  `created_at` timestamp NULL DEFAULT NULL,
  `updated_at` timestamp NULL DEFAULT NULL,
  PRIMARY KEY (`id`),
  UNIQUE KEY `semesters_name_ar_unique` (`name_ar`),
  UNIQUE KEY `semesters_name_en_unique` (`name_en`),
  KEY `semesters_level_id_foreign` (`level_id`),
  CONSTRAINT `semesters_level_id_foreign` FOREIGN KEY (`level_id`) REFERENCES `levels` (`id`) ON DELETE CASCADE
) ENGINE=InnoDB AUTO_INCREMENT=9 DEFAULT CHARSET=utf8mb4 COLLATE=utf8mb4_unicode_ci;
/*!40101 SET character_set_client = @saved_cs_client */;

--
-- Dumping data for table `semesters`
--

LOCK TABLES `semesters` WRITE;
/*!40000 ALTER TABLE `semesters` DISABLE KEYS */;
INSERT INTO `semesters` VALUES (1,'الاول','First',1,NULL,NULL),(2,'الثاني','Second',1,NULL,NULL),(3,'الثالث','Third',2,NULL,NULL),(4,'الرابع','Fourth',2,NULL,NULL),(5,'الخامس','Fifth',3,NULL,NULL),(6,'السادس','Sixth',3,NULL,NULL),(7,'السابع','Seventh',4,NULL,NULL),(8,'الثامن','Eighth',4,NULL,NULL);
/*!40000 ALTER TABLE `semesters` ENABLE KEYS */;
UNLOCK TABLES;

--
-- Table structure for table `students`
--

DROP TABLE IF EXISTS `students`;
/*!40101 SET @saved_cs_client     = @@character_set_client */;
/*!50503 SET character_set_client = utf8mb4 */;
CREATE TABLE `students` (
  `id` bigint(20) unsigned NOT NULL AUTO_INCREMENT,
  `student_id` varchar(255) NOT NULL,
  `password` varchar(255) NOT NULL,
  `student_status_id` bigint(20) unsigned NOT NULL DEFAULT 1,
  `level_id` bigint(20) unsigned NOT NULL DEFAULT 1,
  `major_id` bigint(20) unsigned NOT NULL,
  `college_id` bigint(20) unsigned NOT NULL,
  `academic_year_id` bigint(20) unsigned NOT NULL,
  `name_ar` varchar(255) NOT NULL,
  `name_en` varchar(255) DEFAULT NULL,
  `gender` tinyint(4) NOT NULL,
  `phone` varchar(255) DEFAULT NULL,
  `email` varchar(255) DEFAULT NULL,
  `nationality` varchar(255) DEFAULT NULL,
  `birth_date` date DEFAULT NULL,
  `birth_place` varchar(255) DEFAULT NULL,
  `marital_status` varchar(255) DEFAULT NULL,
  `blood_type` varchar(255) DEFAULT NULL,
  `current_governorate` varchar(255) DEFAULT NULL,
  `current_directorate` varchar(255) DEFAULT NULL,
  `current_district_village` varchar(255) DEFAULT NULL,
  `id_type` varchar(255) DEFAULT NULL,
  `national_id_number` varchar(255) DEFAULT NULL,
  `national_id_issue_date` date DEFAULT NULL,
  `national_id_issuing_authority` varchar(255) DEFAULT NULL,
  `student_landline_phone` varchar(255) DEFAULT NULL,
  `hs_certificate_section` enum('علمي','أدبي') DEFAULT NULL,
  `hs_graduation_year_text` varchar(255) DEFAULT NULL,
  `hs_seat_number` varchar(255) DEFAULT NULL,
  `hs_total_marks` double(8,2) DEFAULT NULL,
  `hs_max_marks` double(8,2) DEFAULT NULL,
  `hs_certificate_gpa` double(8,2) DEFAULT NULL,
  `hs_certificate_issue_date` date DEFAULT NULL,
  `hs_certificate_school_name` varchar(255) DEFAULT NULL,
  `hs_certificate_governorate` varchar(255) DEFAULT NULL,
  `hs_certificate_directorate` varchar(255) DEFAULT NULL,
  `high_school_branch` varchar(255) DEFAULT NULL,
  `photo_student` varchar(255) DEFAULT NULL,
  `photo_identity` varchar(255) DEFAULT NULL,
  `photo_certificate_high_school` varchar(255) DEFAULT NULL,
  `photo_registration_fee` varchar(255) DEFAULT NULL,
  `created_at` timestamp NULL DEFAULT NULL,
  `updated_at` timestamp NULL DEFAULT NULL,
  PRIMARY KEY (`id`),
  UNIQUE KEY `students_student_id_unique` (`student_id`),
  KEY `students_student_status_id_foreign` (`student_status_id`),
  KEY `students_level_id_foreign` (`level_id`),
  KEY `students_major_id_foreign` (`major_id`),
  KEY `students_college_id_foreign` (`college_id`),
  KEY `students_academic_year_id_foreign` (`academic_year_id`),
  CONSTRAINT `students_academic_year_id_foreign` FOREIGN KEY (`academic_year_id`) REFERENCES `academic_years` (`id`) ON DELETE CASCADE,
  CONSTRAINT `students_college_id_foreign` FOREIGN KEY (`college_id`) REFERENCES `colleges` (`id`) ON DELETE CASCADE,
  CONSTRAINT `students_level_id_foreign` FOREIGN KEY (`level_id`) REFERENCES `levels` (`id`) ON DELETE CASCADE,
  CONSTRAINT `students_major_id_foreign` FOREIGN KEY (`major_id`) REFERENCES `majors` (`id`) ON DELETE CASCADE,
  CONSTRAINT `students_student_status_id_foreign` FOREIGN KEY (`student_status_id`) REFERENCES `student_statuses` (`id`) ON DELETE CASCADE
) ENGINE=InnoDB AUTO_INCREMENT=124 DEFAULT CHARSET=utf8mb4 COLLATE=utf8mb4_unicode_ci;
/*!40101 SET character_set_client = @saved_cs_client */;

--
-- Dumping data for table `students`
--

LOCK TABLES `students` WRITE;
/*!40000 ALTER TABLE `students` DISABLE KEYS */;
INSERT INTO `students` VALUES (1,'2511101','3125',4,1,1,1,1,'محمد سالم سعيد سالم الطيري',NULL,1,'778486075-772629557',NULL,NULL,'2005-12-13','لحج',NULL,NULL,'لحج','الحوطه',NULL,NULL,NULL,NULL,NULL,NULL,'علمي','2023/2024','41110158',NULL,NULL,89.63,NULL,'عباس الحبيشي','لحج','تبن',NULL,'Arabian Gulf University for Science and Technology/College of Health Sciences/2024-2025/Laboratories/first/2511101/photo_student_2511101.jpg',NULL,NULL,NULL,'2025-10-29 04:11:57','2025-10-30 06:49:32'),(2,'2511202','3226',2,2,1,1,1,'غيداء غازي أحمد علي باغازي',NULL,2,'783488067-774915108',NULL,NULL,'2005-11-06','لحج',NULL,NULL,'لحج','تبن',NULL,NULL,NULL,NULL,NULL,NULL,'علمي','2022/2023','31113864',NULL,NULL,96.88,NULL,'مجمع السعيد التربوية','لحج','لحج',NULL,'Arabian Gulf University for Science and Technology/College of Health Sciences/2024-2025/Laboratories/first/2511202/photo_student_2511202.png',NULL,NULL,NULL,'2025-10-29 04:11:57','2025-11-03 06:07:43'),(3,'2511203','3227',2,2,1,1,1,'لول نجيب عبدالله سالم',NULL,2,'777240854-782441039',NULL,NULL,'2006-10-26','لحج',NULL,NULL,'لحج','تبن',NULL,NULL,NULL,NULL,NULL,NULL,'علمي','2023/2024','41110472',NULL,NULL,95.63,NULL,'محمد علي حامد','لحج','تبن',NULL,'Arabian Gulf University for Science and Technology/College of Health Sciences/2024-2025/Laboratories/first/2511203/photo_student_2511203.png',NULL,NULL,NULL,'2025-10-29 04:11:57','2025-11-03 06:07:43'),(4,'2511204','3228',2,2,1,1,1,'ياسمين سمير صالح عبدالله',NULL,2,'781163791-773273605',NULL,NULL,'2002-01-01','لحج',NULL,NULL,'لحج','تبن',NULL,NULL,NULL,NULL,NULL,NULL,'علمي','2020/2021','21110172',NULL,NULL,93.00,NULL,'مجمع السعيد التربوية','لحج','تبن',NULL,'Arabian Gulf University for Science and Technology/College of Health Sciences/2024-2025/Laboratories/first/2511204/photo_student_2511204.png',NULL,NULL,NULL,'2025-10-29 04:11:57','2025-11-03 06:07:43'),(5,'2511205','3229',2,2,1,1,1,'رقية أحمد محمد صويلح',NULL,2,'778302781-778302781',NULL,NULL,'2002-03-04','لحج',NULL,NULL,'لحج','تبن',NULL,NULL,NULL,NULL,NULL,NULL,'علمي','2021/2022','21114393',NULL,NULL,83.00,NULL,'علي بن أبي طالب','لحج','المسيمير',NULL,'Arabian Gulf University for Science and Technology/College of Health Sciences/2024-2025/Laboratories/first/2511205/photo_student_2511205.jpg',NULL,NULL,NULL,'2025-10-29 04:11:57','2025-11-03 06:07:43'),(6,'2511106','3130',2,2,1,1,1,'عبدالقادر آفاق عبدالقادر أحمد',NULL,1,'777139847-775683589',NULL,NULL,'2005-12-24','لحج',NULL,NULL,'لحج','الحوطه',NULL,NULL,NULL,NULL,NULL,NULL,'علمي','2023/2024','41110134',NULL,NULL,98.38,NULL,'عباس الحسيني','لحج','الحوطه',NULL,'Arabian Gulf University for Science and Technology/College of Health Sciences/2024-2025/Laboratories/first/2511106/photo_student_2511106.jpg',NULL,NULL,NULL,'2025-10-29 04:11:57','2025-11-03 06:07:43'),(7,'2511207','3231',2,2,1,1,1,'مسك سامي محمد عبدالله حسن',NULL,2,'775691927',NULL,NULL,'2005-10-21','لحج',NULL,NULL,'لحج','تبن',NULL,NULL,NULL,NULL,NULL,NULL,'علمي','2023/2024','41110704',NULL,NULL,97.75,NULL,'مجمع السعيد التربوية','لحج','تبن',NULL,'Arabian Gulf University for Science and Technology/College of Health Sciences/2024-2025/Laboratories/first/2511207/photo_student_2511207.png',NULL,NULL,NULL,'2025-10-29 04:11:57','2025-11-03 06:07:43'),(8,'2511108','3132',2,2,1,1,1,'حسين طلال أحمد علي',NULL,1,'773873613-773960643',NULL,NULL,'2005-11-19','لحج',NULL,NULL,'لحج','الحوطه',NULL,NULL,NULL,NULL,NULL,NULL,'علمي','2022/2023','31111854',NULL,NULL,98.13,NULL,'الفاروق','لحج','الحوطه',NULL,'Arabian Gulf University for Science and Technology/College of Health Sciences/2024-2025/Laboratories/first/2511108/photo_student_2511108.png',NULL,NULL,NULL,'2025-10-29 04:11:57','2025-11-03 06:07:43'),(9,'2511109','3133',2,2,1,1,1,'همام عصام سيل صالح',NULL,1,'772607019-771478523',NULL,NULL,'2004-11-29','لحج',NULL,NULL,'لحج','تبن',NULL,NULL,NULL,NULL,NULL,NULL,'علمي','2022/2023','31112685',NULL,NULL,95.75,NULL,'معاذ بن جبل','لحج','تبن',NULL,'Arabian Gulf University for Science and Technology/College of Health Sciences/2024-2025/Laboratories/first/2511109/photo_student_2511109.png',NULL,NULL,NULL,'2025-10-29 04:11:57','2025-11-03 06:07:43'),(10,'2511210','3234',2,2,1,1,1,'فاطمة علي محسن العبد المنتصر',NULL,2,'779046146-771083994',NULL,NULL,'2005-11-15','لحج',NULL,NULL,'لحج','تبن',NULL,NULL,NULL,NULL,NULL,NULL,'علمي','2022/2023','31111767',NULL,NULL,96.63,NULL,'الزهراء','لحج','الحوطه',NULL,'Arabian Gulf University for Science and Technology/College of Health Sciences/2024-2025/Laboratories/first/2511210/photo_student_2511210.png',NULL,NULL,NULL,'2025-10-29 04:11:57','2025-11-03 06:07:43'),(11,'2511211','3235',2,2,1,1,1,'جواهر عبدالحكيم عبدالله عبدالحبيب',NULL,2,'775635904-770761748',NULL,NULL,'2006-09-09','لحج',NULL,NULL,'لحج','تبن',NULL,NULL,NULL,NULL,NULL,NULL,'علمي','2023/2024','41109373',NULL,NULL,97.13,NULL,'الشهيدة أقبال/ الوهط','لحج','تبن',NULL,'Arabian Gulf University for Science and Technology/College of Health Sciences/2024-2025/Laboratories/first/2511211/photo_student_2511211.png',NULL,NULL,NULL,'2025-10-29 04:11:57','2025-11-03 06:07:43'),(12,'2511212','3236',2,2,1,1,1,'إيلاف شوقي محمد عبدالله صلاح',NULL,2,'773060129-779351269',NULL,NULL,'2006-03-28','لحج',NULL,NULL,'لحج','تبن',NULL,NULL,NULL,NULL,NULL,NULL,'علمي','2023/2024','41110353',NULL,NULL,98.88,NULL,'عمر بن عبدالعزيز','لحج','تبن',NULL,'Arabian Gulf University for Science and Technology/College of Health Sciences/2025-2026/Laboratories/second/2511212/photo_student_2511212.png',NULL,NULL,NULL,'2025-10-29 04:11:57','2025-11-18 03:45:25'),(13,'2511213','3237',2,2,1,1,1,'آيه أبو بكر عيدروس محمد',NULL,2,'779527121-773610855',NULL,NULL,'2005-03-16','لحج',NULL,NULL,'لحج','تبن',NULL,NULL,NULL,NULL,NULL,NULL,'علمي','2021/2022','21108559',NULL,NULL,83.88,NULL,'الشهيدة أقبال/ الوهط','لحج','تبن',NULL,'Arabian Gulf University for Science and Technology/College of Health Sciences/2024-2025/Laboratories/first/2511213/photo_student_2511213.png',NULL,NULL,NULL,'2025-10-29 04:11:57','2025-11-03 06:07:43'),(14,'2511214','3238',2,2,1,1,1,'روان ناصر صالح ناصرأحمد',NULL,2,'738199804-778288918',NULL,NULL,'2004-01-19','لحج',NULL,NULL,'لحج','تبن',NULL,NULL,NULL,NULL,NULL,NULL,'علمي','2022/2023','31111717',NULL,NULL,86.00,NULL,'الزهراء','لحج','تبن',NULL,'Arabian Gulf University for Science and Technology/College of Health Sciences/2024-2025/Laboratories/first/2511214/photo_student_2511214.png',NULL,NULL,NULL,'2025-10-29 04:11:57','2025-11-03 06:07:43'),(15,'2511215','3239',2,2,1,1,1,'غدير عبدالحكيم صالح مقبل',NULL,2,'738227820-770447854',NULL,NULL,'2004-05-23','لحج',NULL,NULL,'لحج','تبن',NULL,NULL,NULL,NULL,NULL,NULL,'علمي','2021/2022','21110188',NULL,NULL,93.13,NULL,'الامل الااهليه','لحج','تبن',NULL,'Arabian Gulf University for Science and Technology/College of Health Sciences/2024-2025/Laboratories/first/2511215/photo_student_2511215.png',NULL,NULL,NULL,'2025-10-29 04:11:57','2025-11-03 06:07:43'),(16,'2511216','3240',2,2,1,1,1,'سلى باجل قاسم مهيوب',NULL,2,'772946855/778857090',NULL,NULL,'2003-01-01','لحج',NULL,NULL,'لحج','تبن',NULL,NULL,NULL,NULL,NULL,NULL,'علمي','2022/2023','31113829',NULL,NULL,96.88,NULL,'مجمع السعيد التربوية','لحج','تبن',NULL,'Arabian Gulf University for Science and Technology/College of Health Sciences/2024-2025/Laboratories/first/2511216/photo_student_2511216.png',NULL,NULL,NULL,'2025-10-29 04:11:57','2025-11-03 06:07:43'),(17,'2511217','3241',4,1,1,1,1,'سمر علي أحمد يحيى',NULL,2,'783178425/775741364',NULL,NULL,'2005-07-19','لحج',NULL,NULL,'لحج','تبن',NULL,NULL,NULL,NULL,NULL,NULL,'علمي','2022/2023','31112510',NULL,NULL,81.38,NULL,'الخنساء','لحج','تبن',NULL,'Arabian Gulf University for Science and Technology/College of Health Sciences/2024-2025/Laboratories/first/2511217/photo_student_2511217.png',NULL,NULL,NULL,'2025-10-29 04:11:57','2025-10-30 06:49:32'),(18,'2511218','3242',2,2,1,1,1,'اقدار عادل عبده أمين',NULL,2,'770821625',NULL,NULL,'2007-07-06','لحج',NULL,NULL,'لحج','تبن',NULL,NULL,NULL,NULL,NULL,NULL,'علمي','2023/2024','4111505',NULL,NULL,92.00,NULL,'السعيد','لحج','تبن',NULL,'Arabian Gulf University for Science and Technology/College of Health Sciences/2024-2025/Laboratories/first/2511218/photo_student_2511218.png',NULL,NULL,NULL,'2025-10-29 04:11:57','2025-11-03 06:07:43'),(19,'2511219','3243',2,2,1,1,1,'قدرية محمد فضل محمد التيح',NULL,2,'778599719-505332',NULL,NULL,'2006-10-04','لحج',NULL,NULL,'لحج','تبن',NULL,NULL,NULL,NULL,NULL,NULL,'علمي','2023/2024','41108817',NULL,NULL,93.88,NULL,'الزهراء','لحج','الحوطه',NULL,'Arabian Gulf University for Science and Technology/College of Health Sciences/2024-2025/Laboratories/first/2511219/photo_student_2511219.jpg',NULL,NULL,NULL,'2025-10-29 04:11:57','2025-11-03 06:07:43'),(20,'2511220','3244',2,2,1,1,1,'اماني باجل قاسم مهيوب',NULL,2,'772946855/778857090',NULL,NULL,'2004-01-01','لحج',NULL,NULL,'لحج','تبن',NULL,NULL,NULL,NULL,NULL,NULL,'علمي','2023/2024','41110510',NULL,NULL,90.13,NULL,'مجمع السعيد التربوية','لحج','تبن',NULL,'Arabian Gulf University for Science and Technology/College of Health Sciences/2024-2025/Laboratories/first/2511220/photo_student_2511220.png',NULL,NULL,NULL,'2025-10-29 04:11:57','2025-11-03 06:07:43'),(21,'2511221','3245',2,2,1,1,1,'مريم فضل سالم علي عبيد',NULL,2,'772113871-780721935',NULL,NULL,'2000-06-08','لحج',NULL,NULL,'لحج','الحوطه',NULL,NULL,NULL,NULL,NULL,NULL,'علمي','2023/2024','41108835',NULL,NULL,82.25,NULL,'الزهراء للبنات','لحج','الحوطه',NULL,'Arabian Gulf University for Science and Technology/College of Health Sciences/2024-2025/Laboratories/first/2511221/photo_student_2511221.jpg',NULL,NULL,NULL,'2025-10-29 04:11:57','2025-11-03 06:07:43'),(22,'2511122','3146',4,1,1,1,1,'عبدالباري وجدي محمد علي',NULL,1,'733831399-770109956',NULL,NULL,'2006-12-04','لحج',NULL,NULL,'لحج','الحوطه',NULL,NULL,NULL,NULL,NULL,NULL,'علمي','2023/2024','41108946',NULL,NULL,77.00,NULL,'الفاروق','لحج','الحوطه',NULL,'Arabian Gulf University for Science and Technology/College of Health Sciences/2024-2025/Laboratories/first/2511122/photo_student_2511122.png',NULL,NULL,NULL,'2025-10-29 04:11:57','2025-10-30 06:49:32'),(23,'2511123','3147',2,2,1,1,1,'صالح محمد قاسم محمد فتاح',NULL,1,'776971511/780271765',NULL,NULL,'2003-07-01','لحج',NULL,NULL,'لحج','الحوطه',NULL,NULL,NULL,NULL,NULL,NULL,'علمي','2023/2024','41108935',NULL,NULL,82.13,NULL,'الفاروق','لحج','الحوطه',NULL,'Arabian Gulf University for Science and Technology/College of Health Sciences/2024-2025/Laboratories/first/2511123/photo_student_2511123.png',NULL,NULL,NULL,'2025-10-29 04:11:57','2025-11-03 06:07:43'),(24,'2511224','3248',6,2,1,1,1,'نعمه سامي عبدالكريم عبدالله',NULL,2,'770755104/774937540',NULL,NULL,'2006-09-16','لحج',NULL,NULL,'لحج','الحوطه',NULL,NULL,NULL,NULL,NULL,NULL,'علمي','2023/2024','41108847',NULL,NULL,97.25,NULL,'الزهراء','لحج','الحوطه',NULL,'Arabian Gulf University for Science and Technology/College of Health Sciences/2024-2025/Laboratories/first/2511224/photo_student_2511224.png',NULL,NULL,NULL,'2025-10-29 04:11:57','2025-11-03 06:07:43'),(25,'2521101','3125',2,2,2,2,1,'عبدالرحمن عزالدين أبوبكر عبده',NULL,1,'776655417',NULL,NULL,'2004-10-19','لحج',NULL,NULL,'لحج','تبن',NULL,NULL,NULL,NULL,NULL,NULL,'علمي','2021/2022','21108623',NULL,NULL,85.50,NULL,'الشوكاني','لحج','تبن',NULL,'Arabian Gulf University for Science and Technology/College of Engineering and Computing/2024-2025/Information Technology/first/2521101/photo_student_2521101.png',NULL,NULL,NULL,'2025-10-29 04:16:39','2025-11-03 06:07:43'),(26,'2521102','3126',2,2,2,2,1,'عبدالله عزالدين أبوبكر عبده',NULL,1,'لا يوجد',NULL,NULL,'2006-12-08','لحج',NULL,NULL,'لحج','تبن',NULL,NULL,NULL,NULL,NULL,NULL,'علمي','2022/2023','31112430',NULL,NULL,90.00,NULL,'الشوكاني','لحج','تبن',NULL,'Arabian Gulf University for Science and Technology/College of Engineering and Computing/2024-2025/Information Technology/first/2521102/photo_student_2521102.png',NULL,NULL,NULL,'2025-10-29 04:16:39','2025-11-03 06:07:43'),(27,'2521103','3127',3,1,2,2,1,'عزالدين مناف أبوبكر عبده',NULL,1,'لا يوجد',NULL,NULL,'2006-01-26','لحج',NULL,NULL,'لحج','تبن',NULL,NULL,NULL,NULL,NULL,NULL,'علمي','2021/2022','21108629',NULL,NULL,86.75,NULL,'الشوكاني','لحج','تبن',NULL,'Arabian Gulf University for Science and Technology/College of Engineering and Computing/2024-2025/Information Technology/first/2521103/photo_student_2521103.png',NULL,NULL,NULL,'2025-10-29 04:16:39','2025-10-30 06:49:32'),(28,'2521104','3128',2,2,2,2,1,'بديع عزالدين أبوبكر عبده',NULL,1,'لا يوجد',NULL,NULL,'2005-08-22','لحج',NULL,NULL,'لحج','تبن',NULL,NULL,NULL,NULL,NULL,NULL,'علمي','2021/2022','21108609',NULL,NULL,86.13,NULL,'الشوكاني','لحج','تبن',NULL,'Arabian Gulf University for Science and Technology/College of Engineering and Computing/2024-2025/Information Technology/first/2521104/photo_student_2521104.png',NULL,NULL,NULL,'2025-10-29 04:16:39','2025-11-03 06:07:43'),(29,'2521105','3129',2,2,2,2,1,'عمر عيدروس علي عبدالرحمن السقاف',NULL,1,'771534813-773971220-776971929',NULL,NULL,'2004-12-26','لحج',NULL,NULL,'لحج','تبن',NULL,NULL,NULL,NULL,NULL,NULL,'علمي','2021/2022','21108635',NULL,NULL,88.13,NULL,'الشوكاني','لحج','تبن',NULL,'Arabian Gulf University for Science and Technology/College of Engineering and Computing/2024-2025/Information Technology/first/2521105/photo_student_2521105.png',NULL,NULL,NULL,'2025-10-29 04:16:39','2025-11-03 06:07:43'),(30,'2521106','3130',4,1,2,2,1,'علي أبوبكر أبوبكر علي مفتاح',NULL,1,'773702938 - 773181066',NULL,NULL,'2004-10-08','لحج',NULL,NULL,'لحج','الحوطه',NULL,NULL,NULL,NULL,NULL,NULL,'علمي','2021/2022','21108129',NULL,NULL,85.25,NULL,'الفاروق','لحج','الحوطه',NULL,'Arabian Gulf University for Science and Technology/College of Engineering and Computing/2024-2025/Information Technology/first/2521106/photo_student_2521106.jpg',NULL,NULL,NULL,'2025-10-29 04:16:40','2025-10-30 06:49:32'),(31,'2521107','3131',2,2,2,2,1,'محمد مارسيل محمد علي العامري',NULL,1,'770370437-778968189-772709125',NULL,NULL,'2006-11-25','لحج',NULL,NULL,'لحج','تبن',NULL,NULL,NULL,NULL,NULL,NULL,'علمي','2023/2024','41109664',NULL,NULL,96.00,NULL,'معذ بن جبل','لحج','تبن',NULL,'Arabian Gulf University for Science and Technology/College of Engineering and Computing/2025-2026/Information Technology/second/2521107/photo_student_2521107.png',NULL,NULL,NULL,'2025-10-29 04:16:40','2025-11-18 03:47:13'),(32,'2521108','3132',2,2,2,2,1,'ناصر مقبل أحمد محمد',NULL,1,'773880119',NULL,NULL,'2006-08-03','لحج',NULL,NULL,'لحج','تبن',NULL,NULL,NULL,NULL,NULL,NULL,'علمي','2023/2024','41109737',NULL,800.00,93.38,NULL,'الصديق','لحج','تبن',NULL,'Arabian Gulf University for Science and Technology/College of Engineering and Computing/2024-2025/Information Technology/first/2521108/photo_student_2521108.png',NULL,NULL,NULL,'2025-10-29 04:16:40','2025-11-17 04:27:10'),(33,'2521109','3133',4,1,2,2,1,'عبدالعزيز أبوبكر ثابت عبدالحق',NULL,1,'717627670',NULL,NULL,'2004-05-29','لحج',NULL,NULL,'لحج','تبن',NULL,NULL,NULL,NULL,NULL,NULL,'علمي','2022/2023','31114047',NULL,NULL,87.25,NULL,'ثانوية صبر للبنين','لحج','تبن',NULL,'Arabian Gulf University for Science and Technology/College of Engineering and Computing/2024-2025/Information Technology/first/2521109/photo_student_2521109.png',NULL,NULL,NULL,'2025-10-29 04:16:40','2025-10-30 06:49:32'),(34,'2521110','3134',2,2,2,2,1,'أبوبكر عبدالمجيد أبوبكر علي',NULL,1,'778451034',NULL,NULL,'2005-05-24','لحج',NULL,NULL,'لحج','تبن',NULL,NULL,NULL,NULL,NULL,NULL,'علمي','2022/2023','31113002',NULL,NULL,92.38,NULL,'المدينة الخضراء','لحج','تبن',NULL,'Arabian Gulf University for Science and Technology/College of Engineering and Computing/2024-2025/Information Technology/first/2521110/photo_student_2521110.png',NULL,NULL,NULL,'2025-10-29 04:16:40','2025-11-03 06:07:43'),(35,'2521111','3135',2,2,2,2,1,'مازن عمار يحيىي سعيد علي',NULL,1,'781588932-781102196-774768292',NULL,NULL,'2006-10-13','لحج',NULL,NULL,'لحج','تبن',NULL,NULL,NULL,NULL,NULL,NULL,'علمي','2023/2024','41111248',NULL,NULL,90.75,NULL,'الراية','لحج','تبن',NULL,'Arabian Gulf University for Science and Technology/College of Engineering and Computing/2024-2025/Information Technology/first/2521111/photo_student_2521111.png',NULL,NULL,NULL,'2025-10-29 04:16:40','2025-11-03 06:07:43'),(36,'2521112','3136',2,2,2,2,1,'أحمد فخري أحمد سعيد',NULL,1,'773238005-777069896',NULL,NULL,'2004-08-12','لحج',NULL,NULL,'لحج','تبن',NULL,NULL,NULL,NULL,NULL,NULL,'علمي','2020/2021','2142408',NULL,NULL,80.00,NULL,'ثانوية صبر للبنين','لحج','تبن',NULL,'Arabian Gulf University for Science and Technology/College of Engineering and Computing/2024-2025/Information Technology/first/2521112/photo_student_2521112.png',NULL,NULL,NULL,'2025-10-29 04:16:40','2025-11-03 06:07:43'),(37,'2521113','3137',2,2,2,2,1,'يعقوب جمعان درويش علي حسن',NULL,1,'770951870- 774171596-778021238-779318229',NULL,NULL,'2005-09-05','لحج',NULL,NULL,'لحج','تبن',NULL,NULL,NULL,NULL,NULL,NULL,'علمي','2023/2024','41110177',NULL,NULL,87.63,NULL,'عباس الحسيني','لحج','تبن',NULL,'Arabian Gulf University for Science and Technology/College of Engineering and Computing/2024-2025/Information Technology/first/2521113/photo_student_2521113.png',NULL,NULL,NULL,'2025-10-29 04:16:40','2025-11-03 06:07:43'),(38,'2521114','3138',2,2,2,2,1,'عمار خالد عمر حسن',NULL,1,'776257009- 776257009-774768292-777013944',NULL,NULL,'2006-03-19','لحج',NULL,NULL,'لحج','تبن',NULL,NULL,NULL,NULL,NULL,NULL,'علمي','2023/2024','41109442',NULL,NULL,97.38,NULL,'الشوكاني','لحج','تبن',NULL,'Arabian Gulf University for Science and Technology/College of Engineering and Computing/2024-2025/Information Technology/first/2521114/photo_student_2521114.png',NULL,NULL,NULL,'2025-10-29 04:16:40','2025-11-03 06:07:43'),(39,'2521215','3239',2,2,2,2,1,'أسماء صالح سالم حمود',NULL,2,'772566737-774940135',NULL,NULL,'2005-08-17','لحج',NULL,NULL,'لحج','تبن',NULL,NULL,NULL,NULL,NULL,NULL,'علمي','2023/2024','41110492',NULL,NULL,78.50,NULL,'مجمع السعيد','لحج','تبن',NULL,'Arabian Gulf University for Science and Technology/College of Engineering and Computing/2024-2025/Information Technology/first/2521215/photo_student_2521215.png',NULL,NULL,NULL,'2025-10-29 04:16:40','2025-11-03 06:07:43'),(40,'2521216','3240',2,2,2,2,1,'بشائر بندر عبدالقوي مثنى',NULL,2,'773302000',NULL,NULL,'2002-10-04','لحج',NULL,NULL,'لحج','تبن',NULL,NULL,NULL,NULL,NULL,NULL,'علمي','2019/2020','539094',NULL,NULL,94.38,NULL,'مجمع السعيد','لحج','تبن',NULL,'Arabian Gulf University for Science and Technology/College of Engineering and Computing/2024-2025/Information Technology/first/2521216/photo_student_2521216.png',NULL,NULL,NULL,'2025-10-29 04:16:40','2025-11-03 06:07:43'),(41,'2521217','3241',2,2,2,2,1,'لطيفة فاروق عبدالرزاق حسين قاسم',NULL,2,'773769658-778177994-770474970',NULL,NULL,'2005-12-31','لحج',NULL,NULL,'لحج','الحوطه',NULL,NULL,NULL,NULL,NULL,NULL,'علمي','2023/2024','41108823',NULL,NULL,89.25,NULL,'الزهراء للبنات','لحج','الحوطه',NULL,'Arabian Gulf University for Science and Technology/College of Engineering and Computing/2024-2025/Information Technology/first/2521217/photo_student_2521217.png',NULL,NULL,NULL,'2025-10-29 04:16:40','2025-11-03 06:07:43'),(42,'2521118','3142',2,2,2,2,1,'عبدالله محسن عبداللأه عوض',NULL,1,'779712881/774947881',NULL,NULL,'2006-04-01','لحج',NULL,NULL,'لحج','تبن',NULL,NULL,NULL,NULL,NULL,NULL,'علمي','2023/2024','41110826',NULL,NULL,95.13,NULL,'ثانوية صبر للبنين','لحج','تبن',NULL,'Arabian Gulf University for Science and Technology/College of Engineering and Computing/2024-2025/Information Technology/first/2521118/photo_student_2521118.png',NULL,NULL,NULL,'2025-10-29 04:16:40','2025-11-03 06:07:43'),(43,'2521119','3143',2,2,2,2,1,'أمين عبدالمجيد عبداللاه مقبل',NULL,1,'780290341/777850887',NULL,NULL,'2004-01-03','لحج',NULL,NULL,'لحج','تبن',NULL,NULL,NULL,NULL,NULL,NULL,'علمي','2023/2024','21109705',NULL,NULL,85.00,NULL,'الامل','لحج','تبن',NULL,'Arabian Gulf University for Science and Technology/College of Engineering and Computing/2024-2025/Information Technology/first/2521119/photo_student_2521119.png',NULL,NULL,NULL,'2025-10-29 04:16:40','2025-11-03 06:07:43'),(44,'2521220','3244',2,2,2,2,1,'منارعادل عبده أمين',NULL,2,'772184176-770821625',NULL,NULL,'2006-06-07','لحج',NULL,NULL,'لحج','تبن',NULL,NULL,NULL,NULL,NULL,NULL,'علمي','2023/2024','31113904',NULL,NULL,98.50,NULL,'مجمع السعيد التربوي','لحج','تبن',NULL,'Arabian Gulf University for Science and Technology/College of Engineering and Computing/2024-2025/Information Technology/first/2521220/photo_student_2521220.png',NULL,NULL,NULL,'2025-10-29 04:16:40','2025-11-03 06:07:43'),(45,'2521221','3245',2,2,2,2,1,'أسماء منصورعبدالرحمن ناصر',NULL,2,'774732917',NULL,NULL,'2006-01-01','لحج',NULL,NULL,'لحج','تبن',NULL,NULL,NULL,NULL,NULL,NULL,'علمي','2022/2023','31113715',NULL,NULL,79.13,NULL,'مجمع السعيد','لحج','تبن',NULL,'Arabian Gulf University for Science and Technology/College of Engineering and Computing/2024-2025/Information Technology/first/2521221/photo_student_2521221.png',NULL,NULL,NULL,'2025-10-29 04:16:40','2025-11-03 06:07:43'),(46,'2521122','3146',4,1,2,2,1,'فاروق عارف عبدالرزاق حسين',NULL,1,'770217993',NULL,NULL,'2005-10-01','لحج',NULL,NULL,'لحج','الحوطه',NULL,NULL,NULL,NULL,NULL,NULL,'علمي','2023/2024','41109002',NULL,NULL,95.38,NULL,'الفاروق','لحج','الحوطه',NULL,NULL,NULL,NULL,NULL,'2025-10-29 04:16:40','2025-10-30 06:49:32'),(47,'2521123','3147',4,1,2,2,1,'سعيد علي أبوبكر يحيى',NULL,1,'779478051/775741364',NULL,NULL,'2003-12-28','لحج',NULL,NULL,'لحج','تبن',NULL,NULL,NULL,NULL,NULL,NULL,'علمي','2022/2023','31112602',NULL,NULL,77.63,NULL,'معاذ بن جبل','لحج','تبن',NULL,'Arabian Gulf University for Science and Technology/College of Engineering and Computing/2024-2025/Information Technology/first/2521123/photo_student_2521123.png',NULL,NULL,NULL,'2025-10-29 04:16:40','2025-10-30 06:49:32'),(48,'2521124','3148',2,2,2,2,1,'ردفان هديل سيف محمد',NULL,1,'773337479/770899189',NULL,NULL,'2004-10-14','الشعوب',NULL,NULL,'صنعاء','الشعوب',NULL,NULL,NULL,NULL,NULL,NULL,'علمي','2021/2022','424731',NULL,NULL,65.88,NULL,'عمر بن عبدالعزيز','صنعاء','الشعوب',NULL,'Arabian Gulf University for Science and Technology/College of Engineering and Computing/2025-2026/Information Technology/second/2521124/photo_student_2521124.PNG',NULL,NULL,NULL,'2025-10-29 04:16:40','2025-12-22 09:29:26'),(49,'2532101','4125',2,2,4,3,1,'زكريا إيفان محمد ناصر',NULL,1,'776843805 - 771554813',NULL,NULL,'2006-03-01','لحج',NULL,NULL,'لحج','صبر',NULL,NULL,NULL,NULL,NULL,NULL,'علمي','2023/2024','41110006',NULL,NULL,89.50,NULL,'ثانوية صبر','لحج','تبن',NULL,'Arabian Gulf University for Science and Technology/College of Administrative and Human Sciences/2024-2025/Accounting/first/2532101/photo_student_2532101.png',NULL,NULL,NULL,'2025-10-29 04:20:57','2025-11-03 06:07:43'),(50,'2532102','4126',2,2,4,3,1,'علي محمد علي محمد',NULL,1,'770485161-774694053',NULL,NULL,'2006-03-23','لحج',NULL,NULL,'لحج','تبن',NULL,NULL,NULL,NULL,NULL,NULL,'علمي','2022/2023','31111906',NULL,NULL,95.88,NULL,'الفاروق','لحج','تبن',NULL,'Arabian Gulf University for Science and Technology/College of Administrative and Human Sciences/2024-2025/Accounting/first/2532102/photo_student_2532102.png',NULL,NULL,NULL,'2025-10-29 04:20:57','2025-11-03 06:07:43'),(51,'2531203','3227',2,2,4,3,1,'زينب سمير ثابت شائع',NULL,2,'778916840',NULL,NULL,'2007-01-10','لحج',NULL,NULL,'لحج','تبن',NULL,NULL,NULL,NULL,NULL,NULL,'علمي','2022/2023','41110607',NULL,NULL,93.75,NULL,'مجمع السعيد','لحج','تبن',NULL,'Arabian Gulf University for Science and Technology/College of Administrative and Human Sciences/2024-2025/Business Administration/first/2531203/photo_student_2531203.png',NULL,NULL,NULL,'2025-10-29 04:20:57','2025-11-03 06:07:43'),(52,'2532104','4128',2,2,4,3,1,'عمر مختار محسن سالم',NULL,1,'780969569/771962094',NULL,NULL,'2005-09-03','لحج',NULL,NULL,'لحج','الحوطه',NULL,NULL,NULL,NULL,NULL,NULL,'علمي','2023/2024','41108996',NULL,NULL,87.25,NULL,'الفاروق','لحج','الحوطه',NULL,'Arabian Gulf University for Science and Technology/College of Administrative and Human Sciences/2024-2025/Accounting/first/2532104/photo_student_2532104.png',NULL,NULL,NULL,'2025-10-29 04:20:57','2025-11-03 06:07:43'),(53,'2532105','4129',2,2,4,3,1,'علي محمد علي صالح يحيىى',NULL,1,'780573412/773810319',NULL,NULL,'2006-06-28','لحج',NULL,NULL,'لحج','الحوطه',NULL,NULL,NULL,NULL,NULL,NULL,'علمي','2023/2024','41108984',NULL,NULL,90.63,NULL,'الفاروق','لحج','الحوطه',NULL,'Arabian Gulf University for Science and Technology/College of Administrative and Human Sciences/2024-2025/Accounting/first/2532105/photo_student_2532105.png',NULL,NULL,NULL,'2025-10-29 04:20:57','2025-11-03 06:07:43'),(54,'2532106','4130',3,1,4,3,1,'مازن مبارك رمضان مبارك',NULL,1,'772528249/772078954',NULL,NULL,'2006-10-21','لحج',NULL,NULL,'لحج','الحوطه',NULL,NULL,NULL,NULL,NULL,NULL,'علمي','2023/2024','41109007',NULL,NULL,86.50,NULL,'الفاروق','لحج','الحوطه',NULL,'Arabian Gulf University for Science and Technology/College of Administrative and Human Sciences/2024-2025/Accounting/first/2532106/photo_student_2532106.png',NULL,NULL,NULL,'2025-10-29 04:20:57','2025-10-30 06:49:33'),(55,'2532107','4131',2,2,4,3,1,'عبدالرحمن أنور ناصر هادي',NULL,1,'779795303/770523907',NULL,NULL,'2004-07-02','لحج',NULL,NULL,'لحج','الحوطه',NULL,NULL,NULL,NULL,NULL,NULL,'علمي','2022/2023','31111880',NULL,NULL,80.63,NULL,'الفاروق','لحج','الحوطه',NULL,'Arabian Gulf University for Science and Technology/College of Administrative and Human Sciences/2024-2025/Accounting/first/2532107/photo_student_2532107.png',NULL,NULL,NULL,'2025-10-29 04:20:57','2025-11-03 06:07:43'),(56,'2532108','4132',4,1,4,3,1,'عبدالرحمن محمد علي محمد',NULL,1,'505677',NULL,NULL,'1999-12-28','لحج',NULL,NULL,'لحج','الحوطه',NULL,NULL,NULL,NULL,NULL,NULL,'علمي','2016/2017','128357',NULL,NULL,80.00,NULL,'الفاروق','لحج','الحوطه',NULL,'Arabian Gulf University for Science and Technology/College of Administrative and Human Sciences/2024-2025/Accounting/first/2532108/photo_student_2532108.png',NULL,NULL,NULL,'2025-10-29 04:20:57','2025-10-30 06:49:33'),(57,'2531109','3133',2,2,4,3,1,'عمار حيدره حماده مثنى',NULL,1,'770408584/775750245',NULL,NULL,'1999-02-02','لحج',NULL,NULL,'لحج','تبن',NULL,NULL,NULL,NULL,NULL,NULL,'علمي','2017/2018','336770',NULL,NULL,87.75,NULL,'علي بن ابي طالب','لحج','المسيمير',NULL,'Arabian Gulf University for Science and Technology/College of Administrative and Human Sciences/2024-2025/Business Administration/first/2531109/photo_student_2531109.png',NULL,NULL,NULL,'2025-10-29 04:20:57','2025-11-03 06:07:43'),(58,'2532110','4134',2,2,4,3,1,'أمين فاروق عبدالرزاق حسين',NULL,1,'775585609/773769685',NULL,NULL,'1999-03-04','لحج',NULL,NULL,'لحج','الحوطه',NULL,NULL,NULL,NULL,NULL,NULL,'علمي','2016/2017','128304',NULL,NULL,78.13,NULL,'الفاروق','لحج','الحوطه',NULL,'Arabian Gulf University for Science and Technology/College of Administrative and Human Sciences/2024-2025/Accounting/first/2532110/photo_student_2532110.png',NULL,NULL,NULL,'2025-10-29 04:20:57','2025-11-03 06:07:43'),(59,'2532211','4235',2,2,4,3,1,'مرام محمد بن محمد سالم',NULL,2,'781246655-773359312',NULL,NULL,'2006-11-22','لحج',NULL,NULL,'لحج','الحوطه',NULL,NULL,NULL,NULL,NULL,NULL,'علمي','2023/2024','41203294',NULL,NULL,85.63,NULL,'الزهراء','لحج','الحوطه',NULL,'Arabian Gulf University for Science and Technology/College of Administrative and Human Sciences/2024-2025/Accounting/first/2532211/photo_student_2532211.png',NULL,NULL,NULL,'2025-10-29 04:20:57','2025-11-03 06:07:43'),(60,'2532212','4236',2,2,4,3,1,'نسرين حسن قاسم محسن حسن',NULL,2,'770440107-772799621',NULL,NULL,'2004-03-15','لحج',NULL,NULL,'لحج','تبن',NULL,NULL,NULL,NULL,NULL,NULL,'علمي','2020/2021','2143102',NULL,NULL,84.63,NULL,'مجمع السعيد','لحج','تبن',NULL,'Arabian Gulf University for Science and Technology/College of Administrative and Human Sciences/2024-2025/Accounting/first/2532212/photo_student_2532212.png',NULL,NULL,NULL,'2025-10-29 04:20:57','2025-11-03 06:07:43'),(61,'2532113','4137',2,2,4,3,1,'زيد عادل زين يحيى',NULL,1,'718331634-716463678',NULL,NULL,'2006-03-03','لحج',NULL,NULL,'لحج','يهر',NULL,NULL,NULL,NULL,NULL,NULL,'علمي','2023/2024','41118226',NULL,NULL,92.72,NULL,'سعيد عبدالمحسن','لحج','يهر',NULL,'Arabian Gulf University for Science and Technology/College of Administrative and Human Sciences/2024-2025/Accounting/first/2532113/photo_student_2532113.png',NULL,NULL,NULL,'2025-10-29 04:20:57','2025-11-03 06:07:43'),(62,'2531114','3138',5,1,3,3,1,'اياد عبدالله حسن عبدالرحمن الذري',NULL,1,'775196866-782137684',NULL,NULL,'2006-01-01','لحج',NULL,NULL,'لحج','تبن',NULL,NULL,NULL,NULL,NULL,NULL,'علمي','2023/2024','41109944',NULL,NULL,85.63,NULL,'ثانوية صبر','لحج','تبن',NULL,'Arabian Gulf University for Science and Technology/College of Administrative and Human Sciences/2024-2025/Business Administration/first/2531114/photo_student_2531114.png',NULL,NULL,NULL,'2025-10-29 04:20:57','2025-10-30 06:49:33'),(63,'2532115','4139',2,2,4,3,1,'علي إدريس سعيد علي',NULL,1,'778523162',NULL,NULL,'2004-09-23','لحج',NULL,NULL,'لحج','تبن',NULL,NULL,NULL,NULL,NULL,NULL,'علمي','2023/2024','41113225',NULL,NULL,71.25,NULL,'معاذ بن جبل','لحج','تبن',NULL,'Arabian Gulf University for Science and Technology/College of Administrative and Human Sciences/2024-2025/Accounting/first/2532115/photo_student_2532115.png',NULL,NULL,NULL,'2025-10-29 04:20:57','2025-11-03 06:07:43'),(64,'2531116','3140',4,1,3,3,1,'علي محمد علي حيدره دلهم',NULL,1,'782428731',NULL,NULL,'2005-01-16','عدن',NULL,NULL,'عدن','خورمكسر',NULL,NULL,NULL,NULL,NULL,NULL,'علمي','2022/2023','31102064',NULL,NULL,87.13,NULL,'عبده غانم','عدن','خورمكسر',NULL,'Arabian Gulf University for Science and Technology/College of Administrative and Human Sciences/2024-2025/Business Administration/first/2531116/photo_student_2531116.png',NULL,NULL,NULL,'2025-10-29 04:20:57','2025-10-30 06:49:33'),(65,'2532117','4141',2,2,4,3,1,'طلال عبدالحافظ أحمد مثنى',NULL,1,'782775396-772852843',NULL,NULL,'2007-10-16','لحج',NULL,NULL,'لحج','تبن',NULL,NULL,NULL,NULL,NULL,NULL,'علمي','2023/2024','41110058',NULL,NULL,86.25,NULL,'ثانوية صبر','لحج','تبن',NULL,'Arabian Gulf University for Science and Technology/College of Administrative and Human Sciences/2024-2025/Accounting/first/2532117/photo_student_2532117.png',NULL,NULL,NULL,'2025-10-29 04:20:57','2025-11-03 06:07:43'),(66,'2532218','4242',2,2,4,3,1,'حواء وضاح عوض عباد',NULL,2,'770917606-514329',NULL,NULL,'2006-06-09','لحج',NULL,NULL,'لحج','تبن',NULL,NULL,NULL,NULL,NULL,NULL,'علمي','2023/2024','41109376',NULL,NULL,98.13,NULL,'اقبال','لحج','تبن',NULL,'Arabian Gulf University for Science and Technology/College of Administrative and Human Sciences/2024-2025/Accounting/first/2532218/photo_student_2532218.png',NULL,NULL,NULL,'2025-10-29 04:20:57','2025-11-03 06:07:43'),(67,'2532119','4143',2,2,4,3,1,'أحمد أنيس محمد سالم',NULL,1,'775610021-74554588',NULL,NULL,'2006-07-15','لحج',NULL,NULL,'لحج','تبن',NULL,NULL,NULL,NULL,NULL,NULL,'علمي','2023/2024','41109411',NULL,NULL,97.38,NULL,'ثانوية الشوكاني','لحج','تبن',NULL,'Arabian Gulf University for Science and Technology/College of Administrative and Human Sciences/2024-2025/Accounting/first/2532119/photo_student_2532119.png',NULL,NULL,NULL,'2025-10-29 04:20:57','2025-11-03 06:07:43'),(68,'2532220','4244',2,2,4,3,1,'هوازن زين قحطان عقيل',NULL,2,'774948704-775656229',NULL,NULL,'1993-01-01','لحج',NULL,NULL,'لحج','تبن',NULL,NULL,NULL,NULL,NULL,NULL,'علمي','2012/2013','433733',NULL,NULL,92.63,NULL,'ش- سعيد عبدالمحسن','لحج','يهر',NULL,'Arabian Gulf University for Science and Technology/College of Administrative and Human Sciences/2024-2025/Accounting/first/2532220/photo_student_2532220.png',NULL,NULL,NULL,'2025-10-29 04:20:57','2025-11-03 06:07:43'),(69,'2531121','3145',4,1,3,3,1,'عبدالرؤوف محمد أحمد محمد طه',NULL,1,'772213519-77271202',NULL,NULL,'1999-05-06','لحج',NULL,NULL,'لحج','تبن',NULL,NULL,NULL,NULL,NULL,NULL,'علمي','2017/2018','331287',NULL,NULL,69.00,NULL,'ثانوية صبر','لحج','تبن',NULL,'Arabian Gulf University for Science and Technology/College of Administrative and Human Sciences/2024-2025/Business Administration/first/2531121/photo_student_2531121.png',NULL,NULL,NULL,'2025-10-29 04:20:57','2025-10-30 06:49:33'),(70,'2611201','3225',1,1,1,1,2,'نور حسان عياش فضل العزيبي',NULL,2,'783215257',NULL,NULL,'2006-05-11','لحج',NULL,NULL,'عدن','دار سعد',NULL,'شهادة ميلاد','519',NULL,NULL,NULL,'علمي','2024-2023','41110735',NULL,NULL,87.13,NULL,'مجمع السعيد','لحج','تبن',NULL,'Arabian Gulf University for Science and Technology/College of Health Sciences/2025-2026/Laboratories/first/2611201/photo_student_2611201.jpg','Arabian Gulf University for Science and Technology/College of Health Sciences/2025-2026/Laboratories/first/2611201/photo_identity_2611201.jpg','Arabian Gulf University for Science and Technology/College of Health Sciences/2025-2026/Laboratories/first/2611201/photo_certificate_high_school_2611201.jpg',NULL,'2025-11-03 06:49:40','2025-11-03 06:50:57'),(71,'2611202','3226',1,1,1,1,2,'قمر اسكاف ورسماء يسلم',NULL,2,'771369031',NULL,NULL,'2005-05-10','ابين',NULL,NULL,'ابين','خنفر',NULL,'شهادة ميلاد','1177',NULL,NULL,NULL,'علمي','2023-2022','31109481',NULL,NULL,87.25,NULL,'مجمع اروى','ابين','خنفر',NULL,'Arabian Gulf University for Science and Technology/College of Health Sciences/2025-2026/Laboratories/first/2611202/photo_student_2611202.jpg','Arabian Gulf University for Science and Technology/College of Health Sciences/2025-2026/Laboratories/first/2611202/photo_identity_2611202.jpg','Arabian Gulf University for Science and Technology/College of Health Sciences/2025-2026/Laboratories/first/2611202/photo_certificate_high_school_2611202.jpg',NULL,'2025-11-03 06:49:40','2025-11-03 06:50:57'),(72,'2611203','3227',1,1,1,1,2,'منى جمال الدين عبدالعزيز شائف',NULL,2,'771851065',NULL,NULL,'2003-10-19','عدن',NULL,NULL,'عدن','صيرة',NULL,'بطاقة شخصية','6000100100',NULL,NULL,NULL,'علمي','2024-2023','41109562',NULL,NULL,96.50,NULL,'الخنساء','لحج','تبن',NULL,'Arabian Gulf University for Science and Technology/College of Health Sciences/2025-2026/Laboratories/first/2611203/photo_student_2611203.jpg','Arabian Gulf University for Science and Technology/College of Health Sciences/2025-2026/Laboratories/first/2611203/photo_identity_2611203.jpg','Arabian Gulf University for Science and Technology/College of Health Sciences/2025-2026/Laboratories/first/2611203/photo_certificate_high_school_2611203.jpg',NULL,'2025-11-03 06:49:40','2025-11-03 06:50:57'),(73,'2611104','3128',1,1,1,1,2,'سعيد ناصر سعيد محمد',NULL,1,'771183966',NULL,NULL,'2006-12-13','لحج',NULL,NULL,'لحج','تبن',NULL,'بطاقة شخصية','6010185534',NULL,NULL,NULL,'علمي','2024-2023','41109422',NULL,NULL,86.88,NULL,'الشوكاني','لحج','تبن',NULL,'Arabian Gulf University for Science and Technology/College of Health Sciences/2025-2026/Laboratories/first/2611104/photo_student_2611104.jpg','Arabian Gulf University for Science and Technology/College of Health Sciences/2025-2026/Laboratories/first/2611104/photo_identity_2611104.jpg','Arabian Gulf University for Science and Technology/College of Health Sciences/2025-2026/Laboratories/first/2611104/photo_certificate_high_school_2611104.jpg',NULL,'2025-11-03 06:49:40','2025-11-03 06:50:57'),(74,'2611205','3229',1,1,1,1,2,'فايدة محمد علي علي قريع',NULL,2,'783352863',NULL,NULL,'2005-02-13','الضالع',NULL,NULL,'الضالع','الحصين',NULL,'بطاقة شخصية','3000165034',NULL,NULL,NULL,'علمي','2025-2024','51111075',NULL,NULL,88.25,NULL,'مجمع السعيد','لحج','تبن',NULL,'Arabian Gulf University for Science and Technology/College of Health Sciences/2025-2026/Laboratories/first/2611205/photo_student_2611205.jpg','Arabian Gulf University for Science and Technology/College of Health Sciences/2025-2026/Laboratories/first/2611205/photo_identity_2611205.jpg','Arabian Gulf University for Science and Technology/College of Health Sciences/2025-2026/Laboratories/first/2611205/photo_certificate_high_school_2611205.jpg',NULL,'2025-11-03 06:49:40','2025-11-03 06:50:57'),(75,'2611206','3230',1,1,1,1,2,'سارة محمد عبده محمود حسن',NULL,2,'781814726',NULL,NULL,'2005-03-30','لحج',NULL,NULL,'لحج','تبن - طور الباحة',NULL,'بطاقة شخصية','6000100089',NULL,NULL,NULL,'علمي','2024-2023','41110614',NULL,NULL,93.88,NULL,'مجمع السعيد','لحج','تبن',NULL,'Arabian Gulf University for Science and Technology/College of Health Sciences/2025-2026/Laboratories/first/2611206/photo_student_2611206.jpg','Arabian Gulf University for Science and Technology/College of Health Sciences/2025-2026/Laboratories/first/2611206/photo_identity_2611206.jpg','Arabian Gulf University for Science and Technology/College of Health Sciences/2025-2026/Laboratories/first/2611206/photo_certificate_high_school_2611206.jpg',NULL,'2025-11-03 06:49:40','2025-11-03 06:50:57'),(76,'2611207','3231',1,1,1,1,2,'ميادة وضاح عبدالباقي محمد صالح',NULL,2,'783524350',NULL,NULL,'2007-01-05','لحج',NULL,NULL,'لحج','لحج',NULL,'بطاقة شخصية الكتروني','8731-9204-30-91',NULL,NULL,NULL,'علمي','2024-2023','41110718',NULL,NULL,92.63,NULL,'مجمع السعيد','لحج','تبن',NULL,'Arabian Gulf University for Science and Technology/College of Health Sciences/2025-2026/Laboratories/first/2611207/photo_student_2611207.jpg','Arabian Gulf University for Science and Technology/College of Health Sciences/2025-2026/Laboratories/first/2611207/photo_identity_2611207.jpg','Arabian Gulf University for Science and Technology/College of Health Sciences/2025-2026/Laboratories/first/2611207/photo_certificate_high_school_2611207.jpg',NULL,'2025-11-03 06:49:40','2025-11-03 06:50:57'),(77,'2611208','3232',1,1,1,1,2,'سجى إيهاب علي العبد',NULL,2,'781652161',NULL,NULL,'2006-04-11','لحج',NULL,NULL,'لحج','لحج',NULL,'بطاقة شخصية الكتروني','6635-8955-1966',NULL,NULL,NULL,'علمي','2025-2024','51109642',NULL,NULL,96.50,NULL,'الخنساء','لحج','تبن',NULL,'Arabian Gulf University for Science and Technology/College of Health Sciences/2025-2026/Laboratories/first/2611208/photo_student_2611208.jpg','Arabian Gulf University for Science and Technology/College of Health Sciences/2025-2026/Laboratories/first/2611208/photo_identity_2611208.jpg','Arabian Gulf University for Science and Technology/College of Health Sciences/2025-2026/Laboratories/first/2611208/photo_certificate_high_school_2611208.jpg',NULL,'2025-11-03 06:49:40','2025-11-03 06:50:57'),(78,'2611209','3233',1,1,1,1,2,'محاسن عبده صالح علي',NULL,2,'738117313 - 782488045',NULL,NULL,'2006-03-25','لحج',NULL,NULL,'لحج','لحج',NULL,'بطاقة شخصية الكتروني','0709-9955-2113',NULL,NULL,NULL,'علمي','2024-2023','41115943',NULL,NULL,95.50,NULL,'علي بن ابي طالب','لحج','المسيمير',NULL,'Arabian Gulf University for Science and Technology/College of Health Sciences/2025-2026/Laboratories/first/2611209/photo_student_2611209.jpg','Arabian Gulf University for Science and Technology/College of Health Sciences/2025-2026/Laboratories/first/2611209/photo_identity_2611209.jpg','Arabian Gulf University for Science and Technology/College of Health Sciences/2025-2026/Laboratories/first/2611209/photo_certificate_high_school_2611209.jpg',NULL,'2025-11-03 06:49:40','2025-11-03 06:50:57'),(79,'2611110','3134',1,1,1,1,2,'عبدالله بسام صالح طالب',NULL,1,'779892921',NULL,NULL,'2007-08-24','لحج',NULL,NULL,'لحج','تبن',NULL,'رقم جلوس','51111208',NULL,NULL,NULL,'علمي','2025-2024','51111208',NULL,NULL,86.13,NULL,'ثانوية صبر للبنين','لحج','تبن',NULL,'Arabian Gulf University for Science and Technology/College of Health Sciences/2025-2026/Laboratories/first/2611110/photo_student_2611110.jpg','Arabian Gulf University for Science and Technology/College of Health Sciences/2025-2026/Laboratories/first/2611110/photo_identity_2611110.jpg','Arabian Gulf University for Science and Technology/College of Health Sciences/2025-2026/Laboratories/first/2611110/photo_certificate_high_school_2611110.jpg',NULL,'2025-11-03 06:49:40','2025-11-03 06:50:57'),(80,'2611111','3135',1,1,1,1,2,'محمد سالم سعيد سالم الطيري',NULL,1,'778486075-772629557',NULL,NULL,'2005-12-13','لحج',NULL,NULL,'لحج','الحوطه',NULL,'بطاقة شخصية','6010169478',NULL,NULL,NULL,'علمي','2024-2023','41110158',NULL,NULL,89.63,NULL,'عباس الحبيشي','لحج','تبن',NULL,'Arabian Gulf University for Science and Technology/College of Health Sciences/2025-2026/Laboratories/first/2611111/photo_student_2611111.jpg','Arabian Gulf University for Science and Technology/College of Health Sciences/2025-2026/Laboratories/first/2611111/photo_identity_2611111.jpg','Arabian Gulf University for Science and Technology/College of Health Sciences/2025-2026/Laboratories/first/2611111/photo_certificate_high_school_2611111.jpg',NULL,'2025-11-03 06:49:40','2025-11-03 06:50:57'),(81,'2611212','3236',1,1,1,1,2,'هديل فيصل سالم حيدرة راجح سويلم',NULL,2,'775545744 - 784941061',NULL,NULL,'2007-01-29','لحج',NULL,NULL,'لحج','لحج',NULL,'بطاقة شخصية الكتروني','4207-0905-2011',NULL,NULL,NULL,'علمي','2025-2024','51111145',NULL,NULL,97.63,NULL,'مجمع السعيد','لحج','تبن',NULL,'Arabian Gulf University for Science and Technology/College of Health Sciences/2025-2026/Laboratories/first/2611212/photo_student_2611212.jpg','Arabian Gulf University for Science and Technology/College of Health Sciences/2025-2026/Laboratories/first/2611212/photo_identity_2611212.jpg','Arabian Gulf University for Science and Technology/College of Health Sciences/2025-2026/Laboratories/first/2611212/photo_certificate_high_school_2611212.jpg',NULL,'2025-11-03 06:49:40','2025-11-03 06:50:57'),(82,'2611213','3237',1,1,1,1,2,'سالي عبدالله محمد عبدالله',NULL,2,'774544290',NULL,NULL,'2004-05-20','عدن',NULL,NULL,'عدن','دار سعد',NULL,'بطاقة شخصية','3000168451',NULL,NULL,NULL,'علمي','2023-2022','31103692',NULL,NULL,86.50,NULL,'ثانوية زينب علي قاسم','عدن','دار سعد',NULL,'Arabian Gulf University for Science and Technology/College of Health Sciences/2025-2026/Laboratories/first/2611213/photo_student_2611213.jpg','Arabian Gulf University for Science and Technology/College of Health Sciences/2025-2026/Laboratories/first/2611213/photo_identity_2611213.jpg','Arabian Gulf University for Science and Technology/College of Health Sciences/2025-2026/Laboratories/first/2611213/photo_certificate_high_school_2611213.jpg',NULL,'2025-11-03 06:49:40','2025-11-03 06:50:57'),(83,'2611214','3238',1,1,1,1,2,'فاطمة انيس احمد خميس',NULL,2,'777809944',NULL,NULL,'2008-05-29','عدن',NULL,NULL,'عدن','عدن',NULL,'بطاقة شخصية الكتروني','7622-9345-2237',NULL,NULL,NULL,'علمي','2025-2024','51104708',NULL,NULL,95.38,NULL,'مجمع دار منصور','عدن','دار سعد',NULL,'Arabian Gulf University for Science and Technology/College of Health Sciences/2025-2026/Laboratories/first/2611214/photo_student_2611214.jpg','Arabian Gulf University for Science and Technology/College of Health Sciences/2025-2026/Laboratories/first/2611214/photo_identity_2611214.jpg','Arabian Gulf University for Science and Technology/College of Health Sciences/2025-2026/Laboratories/first/2611214/photo_certificate_high_school_2611214.jpg',NULL,'2025-11-03 06:49:40','2025-11-03 06:50:57'),(84,'2611215','3239',1,1,1,1,2,'انهار طلال احمد علي فارع',NULL,2,'778329364',NULL,NULL,'2004-01-01','لحج',NULL,NULL,'لحج','الحوطة',NULL,'بطاقة شخصية','600092021',NULL,NULL,NULL,'علمي','2022-2021','21107878',NULL,NULL,97.63,NULL,'الزهراء','لحج','الحوطة',NULL,'Arabian Gulf University for Science and Technology/College of Health Sciences/2025-2026/Laboratories/first/2611215/photo_student_2611215.jpg','Arabian Gulf University for Science and Technology/College of Health Sciences/2025-2026/Laboratories/first/2611215/photo_identity_2611215.jpg','Arabian Gulf University for Science and Technology/College of Health Sciences/2025-2026/Laboratories/first/2611215/photo_certificate_high_school_2611215.jpg',NULL,'2025-11-03 06:49:40','2025-11-03 06:50:57'),(85,'2611216','3240',1,1,1,1,2,'ذكريات احمد محمد احمد منصور',NULL,2,'783678852 - 777642136',NULL,NULL,'2008-03-01','لحج',NULL,NULL,'لحج','الحوطة',NULL,'شهادة ميلاد','242',NULL,NULL,NULL,'علمي','2025-2024','51108819',NULL,NULL,97.38,NULL,'الزهراء','لحج','الحوطة',NULL,'Arabian Gulf University for Science and Technology/College of Health Sciences/2025-2026/Laboratories/first/2611216/photo_student_2611216.jpg','Arabian Gulf University for Science and Technology/College of Health Sciences/2025-2026/Laboratories/first/2611216/photo_identity_2611216.jpg','Arabian Gulf University for Science and Technology/College of Health Sciences/2025-2026/Laboratories/first/2611216/photo_certificate_high_school_2611216.jpg',NULL,'2025-11-03 06:49:40','2025-11-03 06:50:57'),(86,'2611117','3141',1,1,1,1,2,'اصيل وسيم ثابت علي',NULL,1,'776709268',NULL,NULL,'2005-12-28','لحج',NULL,NULL,'لحج','تبن',NULL,'بطاقة شخصية الكتروني','6398-8334-1362',NULL,NULL,NULL,'علمي','2024-2023','41109931',NULL,NULL,87.75,NULL,'ثانوية صبر للبنين','لحج','تبن',NULL,'Arabian Gulf University for Science and Technology/College of Health Sciences/2025-2026/Laboratories/first/2611117/photo_student_2611117.jpg','Arabian Gulf University for Science and Technology/College of Health Sciences/2025-2026/Laboratories/first/2611117/photo_identity_2611117.jpg','Arabian Gulf University for Science and Technology/College of Health Sciences/2025-2026/Laboratories/first/2611117/photo_certificate_high_school_2611117.jpg',NULL,'2025-11-03 06:49:40','2025-11-03 06:50:57'),(87,'2611218','3242',1,1,1,1,2,'فرح سامي محمد حاصل',NULL,2,'784802898',NULL,NULL,'2005-05-15','لحج',NULL,NULL,'لحج','الحوطة',NULL,'بطاقة شخصية','6000095966',NULL,NULL,NULL,'علمي','2023-2022','31113960',NULL,NULL,81.13,NULL,'الامل الاهلية','لحج','تبن',NULL,'Arabian Gulf University for Science and Technology/College of Health Sciences/2025-2026/Laboratories/first/2611218/photo_student_2611218.png','Arabian Gulf University for Science and Technology/College of Health Sciences/2025-2026/Laboratories/first/2611218/photo_identity_2611218.jpg','Arabian Gulf University for Science and Technology/College of Health Sciences/2025-2026/Laboratories/first/2611218/photo_certificate_high_school_2611218.jpg',NULL,'2025-11-03 06:49:40','2025-11-03 06:50:57'),(88,'2621201','3225',1,1,2,2,2,'هبه سعيد عبدالله عبدالرحمن مدهش',NULL,2,'776868355',NULL,NULL,'2006-10-05','لحج-تبن',NULL,NULL,'لحج','تبن',NULL,'رقم جلوس','41110743',NULL,NULL,NULL,'علمي','2024-2023','41110743',NULL,NULL,77.88,NULL,'مجمع السعيد','لحج','تبن',NULL,'Arabian Gulf University for Science and Technology/College of Engineering and Computing/2025-2026/Information Technology/first/2621201/photo_student_2621201.png',NULL,'Arabian Gulf University for Science and Technology/College of Engineering and Computing/2025-2026/Information Technology/first/2621201/photo_certificate_high_school_2621201.jpg',NULL,'2025-11-03 06:54:38','2025-11-03 06:55:22'),(89,'2621102','3126',1,1,2,2,2,'وائل عبدالله عبدالرحمن حسن جلبه',NULL,1,'775331939',NULL,NULL,'2005-09-08','الحديدة-الحوك',NULL,NULL,'الحديدة','الحوك',NULL,'رقم جلوس','517540',NULL,NULL,NULL,'علمي','2023-2022','517540',NULL,NULL,73.88,NULL,'الصباح','الحديدة','الحوك',NULL,'Arabian Gulf University for Science and Technology/College of Engineering and Computing/2025-2026/Information Technology/first/2621102/photo_student_2621102.png',NULL,'Arabian Gulf University for Science and Technology/College of Engineering and Computing/2025-2026/Information Technology/first/2621102/photo_certificate_high_school_2621102.jpg',NULL,'2025-11-03 06:54:38','2025-11-03 06:55:22'),(90,'2621103','3127',1,1,2,2,2,'عمرو علي هاملي علي',NULL,1,'779378252',NULL,NULL,'2006-01-01','الحديدة',NULL,NULL,'الحديدة','الحديدة',NULL,'جواز سفر','15303748',NULL,NULL,NULL,'علمي','2024-2023','41110858',NULL,NULL,94.00,NULL,'ثانوية صبر للبنين','لحج','تبن',NULL,'Arabian Gulf University for Science and Technology/College of Engineering and Computing/2025-2026/Information Technology/first/2621103/photo_student_2621103.png',NULL,'Arabian Gulf University for Science and Technology/College of Engineering and Computing/2025-2026/Information Technology/first/2621103/photo_certificate_high_school_2621103.jpg',NULL,'2025-11-03 06:54:38','2025-11-03 06:55:22'),(91,'2621204','3228',1,1,2,2,2,'ابرار هاني عبدالكريم عوض محمد',NULL,2,'770271705',NULL,NULL,'2007-12-13','لحج',NULL,NULL,'لحج','لحج',NULL,'رقم جلوس','51108764',NULL,NULL,NULL,'علمي','2025-2024','51108764',NULL,NULL,87.38,NULL,'الزهراء','لحج','الحوطة',NULL,'Arabian Gulf University for Science and Technology/College of Engineering and Computing/2025-2026/Information Technology/first/2621204/photo_student_2621204.png',NULL,'Arabian Gulf University for Science and Technology/College of Engineering and Computing/2025-2026/Information Technology/first/2621204/photo_certificate_high_school_2621204.jpg',NULL,'2025-11-03 06:54:38','2025-11-03 06:55:22'),(92,'2621105','3129',1,1,2,2,2,'محمد فضل علي ناجي',NULL,1,'777826961',NULL,NULL,'2006-09-28','الضالع',NULL,NULL,'الضالع','الضالع',NULL,'بطاقة شخصية الكتروني','0107-1984-3618',NULL,NULL,NULL,'علمي','2024-2023','41125762',NULL,NULL,91.63,NULL,'عديلة مرات','الضالع','الحصين',NULL,'Arabian Gulf University for Science and Technology/College of Engineering and Computing/2025-2026/Information Technology/first/2621105/photo_student_2621105.png',NULL,'Arabian Gulf University for Science and Technology/College of Engineering and Computing/2025-2026/Information Technology/first/2621105/photo_certificate_high_school_2621105.jpg',NULL,'2025-11-03 06:54:38','2025-11-03 06:55:22'),(93,'2621106','3130',1,1,2,2,2,'عبدالله عبده محمد علي',NULL,1,'784939655',NULL,NULL,'2005-07-10','لحج',NULL,NULL,'لحج','طور الباحة',NULL,'بطاقة شخصية','6010167645',NULL,NULL,NULL,'علمي','2023-2022','31114341',NULL,NULL,85.88,NULL,'الراية الاهلية','لحج','تبن',NULL,'Arabian Gulf University for Science and Technology/College of Engineering and Computing/2025-2026/Information Technology/first/2621106/photo_student_2621106.png',NULL,'Arabian Gulf University for Science and Technology/College of Engineering and Computing/2025-2026/Information Technology/first/2621106/photo_certificate_high_school_2621106.jpg',NULL,'2025-11-03 06:54:38','2025-11-03 06:55:22'),(94,'2621207','3231',1,1,2,2,2,'ضحى إيهاب علي العبد',NULL,2,'781652165',NULL,NULL,'2007-06-09','عدن',NULL,NULL,'عدن','عدن',NULL,'جواز سفر','13581693',NULL,NULL,NULL,'علمي','2025-2024','51109655',NULL,NULL,95.25,NULL,'الخنساء','لحج','تبن',NULL,'Arabian Gulf University for Science and Technology/College of Engineering and Computing/2025-2026/Information Technology/first/2621207/photo_student_2621207.png',NULL,'Arabian Gulf University for Science and Technology/College of Engineering and Computing/2025-2026/Information Technology/first/2621207/photo_certificate_high_school_2621207.jpg',NULL,'2025-11-03 06:54:38','2025-11-03 06:55:22'),(95,'2621108','3132',1,1,2,2,2,'محمد حسام محمد احمد الفقية',NULL,1,'783553830',NULL,NULL,'2005-06-08','لحج',NULL,NULL,'لحج','لحج',NULL,'بطاقة شخصية الكتروني','2017-6815-0964',NULL,NULL,NULL,'علمي','2024-2023','41110903',NULL,NULL,94.38,NULL,'ثانوية صبر للبنين','لحج','تبن',NULL,'Arabian Gulf University for Science and Technology/College of Engineering and Computing/2025-2026/Information Technology/first/2621108/photo_student_2621108.png',NULL,'Arabian Gulf University for Science and Technology/College of Engineering and Computing/2025-2026/Information Technology/first/2621108/photo_certificate_high_school_2621108.jpg',NULL,'2025-11-03 06:54:38','2025-11-03 06:55:22'),(96,'2621109','3133',1,1,2,2,2,'زيد عارف زيد احمد',NULL,1,'778354593',NULL,NULL,'2007-01-02','لحج',NULL,NULL,'لحج','المضاربه',NULL,'بطاقة شخصية الكتروني','7754-3985-0772',NULL,NULL,NULL,'علمي','2025-2024','51116429',NULL,NULL,88.88,NULL,'خالد بن الوليد','لحج','المضاربه',NULL,'Arabian Gulf University for Science and Technology/College of Engineering and Computing/2025-2026/Information Technology/first/2621109/photo_student_2621109.png',NULL,'Arabian Gulf University for Science and Technology/College of Engineering and Computing/2025-2026/Information Technology/first/2621109/photo_certificate_high_school_2621109.jpg',NULL,'2025-11-03 06:54:38','2025-11-03 06:55:22'),(97,'2621210','3234',1,1,2,2,2,'شيماء رشدي محسن أحمد جبران',NULL,2,'773150570',NULL,NULL,'2006-01-12','لحج',NULL,NULL,'لحج','تبن - صبر',NULL,'شهادة ميلاد','2788',NULL,NULL,NULL,'علمي','2024-2023','41110642',NULL,NULL,79.38,NULL,'مجمع السعيد','لحج','تبن',NULL,'Arabian Gulf University for Science and Technology/College of Engineering and Computing/2025-2026/Information Technology/first/2621210/photo_student_2621210.png',NULL,'Arabian Gulf University for Science and Technology/College of Engineering and Computing/2025-2026/Information Technology/first/2621210/photo_certificate_high_school_2621210.jpg',NULL,'2025-11-03 06:54:38','2025-11-03 06:55:22'),(98,'2621111','3135',1,1,2,2,2,'أسامة عارف سعيد حسن',NULL,1,'774615974',NULL,NULL,'2007-01-08','لحج',NULL,NULL,'لحج','لحج',NULL,'بطاقة شخصية الكتروني','0330-6395-0629',NULL,NULL,NULL,'علمي','2025-2024','51108936',NULL,NULL,96.00,NULL,'ثانوية الفاروق','لحج','الحوطة',NULL,'Arabian Gulf University for Science and Technology/College of Engineering and Computing/2025-2026/Information Technology/first/2621111/photo_student_2621111.png',NULL,'Arabian Gulf University for Science and Technology/College of Engineering and Computing/2025-2026/Information Technology/first/2621111/photo_certificate_high_school_2621111.jpg',NULL,'2025-11-03 06:54:38','2025-11-03 06:55:22'),(99,'2621212','3236',1,1,2,2,2,'فرح شوقي زين علي',NULL,2,'781193557',NULL,NULL,'2006-06-28','لحج',NULL,NULL,'لحج','لحج',NULL,'بطاقة شخصية الكتروني','2104-0475-1102',NULL,NULL,NULL,'علمي','2024-2023','41109396',NULL,NULL,99.00,NULL,'الشهيدة اقبال','لحج','تبن',NULL,'Arabian Gulf University for Science and Technology/College of Engineering and Computing/2025-2026/Information Technology/first/2621212/photo_student_2621212.png',NULL,'Arabian Gulf University for Science and Technology/College of Engineering and Computing/2025-2026/Information Technology/first/2621212/photo_certificate_high_school_2621212.jpg',NULL,'2025-11-03 06:54:38','2025-11-03 06:55:22'),(100,'2621113','3137',1,1,2,2,2,'سميح نجيب ياسين احمد',NULL,1,'783969835',NULL,NULL,'2006-01-02','لحج',NULL,NULL,'لحج','المضاربه',NULL,'بطاقة شخصية الكتروني','3786-1475-0770',NULL,NULL,NULL,'علمي','2025-2024','51116430',NULL,NULL,84.13,NULL,'خالد بن الوليد','لحج','المضاربه',NULL,'Arabian Gulf University for Science and Technology/College of Engineering and Computing/2025-2026/Information Technology/first/2621113/photo_student_2621113.png',NULL,'Arabian Gulf University for Science and Technology/College of Engineering and Computing/2025-2026/Information Technology/first/2621113/photo_certificate_high_school_2621113.jpg',NULL,'2025-11-03 06:54:38','2025-11-03 06:55:22'),(101,'2621114','3138',1,1,2,2,2,'أحمد وجدي حسن محمد مرشد',NULL,1,'771754134',NULL,NULL,'2007-11-08','لحج',NULL,NULL,'لحج','لحج',NULL,'رقم جلوس','51108946',NULL,NULL,NULL,'علمي','2025-2024','51108946',NULL,NULL,86.88,NULL,'ثانوية الفاروق','لحج','الحوطة',NULL,'Arabian Gulf University for Science and Technology/College of Engineering and Computing/2025-2026/Information Technology/first/2621114/photo_student_2621114.png',NULL,'Arabian Gulf University for Science and Technology/College of Engineering and Computing/2025-2026/Information Technology/first/2621114/photo_certificate_high_school_2621114.jpg',NULL,'2025-11-03 06:54:38','2025-11-03 06:55:22'),(102,'2621115','3139',1,1,2,2,2,'محمد شوقي سعيد سالم الجعدي',NULL,1,'775141334',NULL,NULL,'2003-04-12','لحج',NULL,NULL,'لحج','لحج',NULL,'بطاقة شخصية الكتروني','5736-7845-2053',NULL,NULL,NULL,'علمي','2022-2021','21108642',NULL,NULL,75.88,NULL,'الشوكاني','لحج','تبن',NULL,'Arabian Gulf University for Science and Technology/College of Engineering and Computing/2025-2026/Information Technology/first/2621115/photo_student_2621115.png',NULL,'Arabian Gulf University for Science and Technology/College of Engineering and Computing/2025-2026/Information Technology/first/2621115/photo_certificate_high_school_2621115.jpg',NULL,'2025-11-03 06:54:38','2025-11-03 06:55:22'),(103,'2621116','3140',1,1,2,2,2,'علي احمد شائف محسن',NULL,1,'776658729',NULL,NULL,'2004-12-29','لحج',NULL,NULL,'لحج','المسيمير',NULL,'بطاقة شخصية','6010169395',NULL,NULL,NULL,'علمي','2023-2022','31118373',NULL,NULL,92.50,NULL,'علي بن ابي طالب','لحج','المسيمير',NULL,'Arabian Gulf University for Science and Technology/College of Engineering and Computing/2025-2026/Information Technology/first/2621116/photo_student_2621116.png',NULL,'Arabian Gulf University for Science and Technology/College of Engineering and Computing/2025-2026/Information Technology/first/2621116/photo_certificate_high_school_2621116.jpg',NULL,'2025-11-03 06:54:38','2025-11-03 06:55:22'),(104,'2632101','4125',1,1,4,3,2,'اكرامي اكرم فضل محسن سعيد',NULL,1,'779230212',NULL,NULL,'2003-12-24','لحج',NULL,NULL,'لحج','الحوطة',NULL,'بطاقة شخصية','6010175935',NULL,NULL,NULL,'علمي','2022-2021','21108057',NULL,800.00,92.25,NULL,'ثانوية الفاروق','لحج','الحوطة',NULL,'Arabian Gulf University for Science and Technology/College of Administrative and Human Sciences/2025-2026/Accounting/first/2632101/photo_student_2632101.jpg',NULL,'Arabian Gulf University for Science and Technology/College of Administrative and Human Sciences/2025-2026/Accounting/first/2632101/photo_certificate_high_school_2632101.jpg',NULL,'2025-11-03 06:57:49','2025-11-07 09:12:02'),(105,'2632102','4126',1,1,4,3,2,'سعيد رائد سعيد ناشر',NULL,1,'775762402',NULL,NULL,'2008-05-15','لحج',NULL,NULL,'لحج','تبن',NULL,'رقم جلوس','51110496',NULL,NULL,NULL,'علمي','2025-2024','51110496',NULL,NULL,84.25,NULL,'ثانوية صبر للبنين','لحج','تبن',NULL,'Arabian Gulf University for Science and Technology/College of Administrative and Human Sciences/2025-2026/Accounting/first/2632102/photo_student_2632102.jpg',NULL,'Arabian Gulf University for Science and Technology/College of Administrative and Human Sciences/2025-2026/Accounting/first/2632102/photo_certificate_high_school_2632102.jpg',NULL,'2025-11-03 06:57:49','2025-11-03 06:59:46'),(106,'2632203','4227',1,1,4,3,2,'سمر علي احمد يحيى',NULL,2,'783178425',NULL,NULL,'2005-07-15','لحج',NULL,NULL,'لحج','تبن',NULL,'شهادة ميلاد','454',NULL,NULL,NULL,'علمي','2023-2022','31112510',NULL,NULL,81.38,NULL,'الخنساء','لحج','تبن',NULL,'Arabian Gulf University for Science and Technology/College of Administrative and Human Sciences/2025-2026/Accounting/first/2632203/photo_student_2632203.jpg',NULL,'Arabian Gulf University for Science and Technology/College of Administrative and Human Sciences/2025-2026/Accounting/first/2632203/photo_certificate_high_school_2632203.jpg',NULL,'2025-11-03 06:57:49','2025-11-03 06:59:46'),(107,'2632104','4128',1,1,4,3,2,'إبراهيم عبده محبوب مبارك',NULL,1,'775805175',NULL,NULL,'2003-05-14','لحج',NULL,NULL,'لحج','تبن',NULL,'بطاقة شخصية','6010173723',NULL,NULL,NULL,'علمي','2022-2021','21109748',NULL,NULL,79.88,NULL,'الشهيد عباس','لحج','تبن',NULL,'Arabian Gulf University for Science and Technology/College of Administrative and Human Sciences/2025-2026/Accounting/first/2632104/photo_student_2632104.jpg',NULL,'Arabian Gulf University for Science and Technology/College of Administrative and Human Sciences/2025-2026/Accounting/first/2632104/photo_certificate_high_school_2632104.jpg',NULL,'2025-11-03 06:57:49','2025-11-03 06:59:46'),(108,'2632105','4129',1,1,4,3,2,'احمد رائد عبود فضل',NULL,1,'770642170',NULL,NULL,'2006-11-02','لحج',NULL,NULL,'لحج','تبن',NULL,'جواز سفر','13583513',NULL,NULL,NULL,'علمي','2025-2024','51110364',NULL,NULL,87.25,NULL,'ثانوية صبر للبنين','لحج','تبن',NULL,'Arabian Gulf University for Science and Technology/College of Administrative and Human Sciences/2025-2026/Accounting/first/2632105/photo_student_2632105.jpg',NULL,'Arabian Gulf University for Science and Technology/College of Administrative and Human Sciences/2025-2026/Accounting/first/2632105/photo_certificate_high_school_2632105.jpg',NULL,'2025-11-03 06:57:49','2025-11-03 06:59:46'),(109,'2632106','4130',1,1,4,3,2,'سيف بن ذويزن هادي علي',NULL,1,'772541355',NULL,NULL,'2007-09-16','عدن',NULL,NULL,'عدن','عدن',NULL,'جواز سفر','13859870',NULL,NULL,NULL,'علمي','2025-2024','51107359',NULL,NULL,86.88,NULL,'ثانوية النعمان','عدن','المنصورة',NULL,'Arabian Gulf University for Science and Technology/College of Administrative and Human Sciences/2025-2026/Accounting/first/2632106/photo_student_2632106.jpg',NULL,'Arabian Gulf University for Science and Technology/College of Administrative and Human Sciences/2025-2026/Accounting/first/2632106/photo_certificate_high_school_2632106.jpg',NULL,'2025-11-03 06:57:49','2025-11-03 06:59:46'),(110,'2632107','4131',1,1,4,3,2,'ايمن ياسر صالح عبدالقوي',NULL,1,'737714210',NULL,NULL,'2004-04-23','أبين',NULL,NULL,'اأبين','رصد',NULL,'بطاقة شخصية الكتروني','9686-7715-0855',NULL,NULL,NULL,'علمي','2023-2022','31109811',NULL,NULL,79.38,NULL,'ثانوية خالد بن الوليد رخمة','أبين','رصد',NULL,'Arabian Gulf University for Science and Technology/College of Administrative and Human Sciences/2025-2026/Accounting/first/2632107/photo_student_2632107.jpg',NULL,'Arabian Gulf University for Science and Technology/College of Administrative and Human Sciences/2025-2026/Accounting/first/2632107/photo_certificate_high_school_2632107.jpg',NULL,'2025-11-03 06:57:49','2025-11-03 06:59:46'),(111,'2632108','4132',1,1,4,3,2,'توهيب صالح سالم حمود',NULL,1,'781607408',NULL,NULL,'2004-12-28','لحج',NULL,NULL,'لحج','المسيمير',NULL,'بطاقة شخصية الكتروني','6194-7734-2195',NULL,NULL,NULL,'علمي','2024-2023','41115911',NULL,NULL,84.50,NULL,'علي بن ابي طالب','لحج','المسيمير',NULL,'Arabian Gulf University for Science and Technology/College of Administrative and Human Sciences/2025-2026/Accounting/first/2632108/photo_student_2632108.jpg',NULL,'Arabian Gulf University for Science and Technology/College of Administrative and Human Sciences/2025-2026/Accounting/first/2632108/photo_certificate_high_school_2632108.jpg',NULL,'2025-11-03 06:57:49','2025-11-03 06:59:46'),(112,'2632109','4133',1,1,4,3,2,'إبراهيم محسن احمد يوسف',NULL,1,'776524252',NULL,NULL,'2006-07-01','لحج',NULL,NULL,'لحج','الحوطة',NULL,'بطاقة شخصية الكتروني','5745-4364-2821',NULL,NULL,NULL,'علمي','2024-2023','41108875',NULL,NULL,81.50,NULL,'ثانوية الفاروق','لحج','الحوطة',NULL,'Arabian Gulf University for Science and Technology/College of Administrative and Human Sciences/2025-2026/Accounting/first/2632109/photo_student_2632109.jpg',NULL,'Arabian Gulf University for Science and Technology/College of Administrative and Human Sciences/2025-2026/Accounting/first/2632109/photo_certificate_high_school_2632109.jpg',NULL,'2025-11-03 06:57:49','2025-11-03 06:59:46'),(113,'2632110','4134',1,1,4,3,2,'امين مرشد ناجي زين',NULL,1,'783168109',NULL,NULL,'2005-01-01','لحج',NULL,NULL,'لحج','تبن',NULL,'بطاقة شخصية الكتروني','2944-9205-2067',NULL,NULL,NULL,'علمي','2025-2024','51117017',NULL,NULL,86.75,NULL,'ثانوية صبر للبنين','لحج','تبن',NULL,'Arabian Gulf University for Science and Technology/College of Administrative and Human Sciences/2025-2026/Accounting/first/2632110/photo_student_2632110.jpg',NULL,'Arabian Gulf University for Science and Technology/College of Administrative and Human Sciences/2025-2026/Accounting/first/2632110/photo_certificate_high_school_2632110.jpg',NULL,'2025-11-03 06:57:49','2025-11-03 06:59:46'),(114,'2632111','4135',1,1,4,3,2,'حسين عارف عبدالرزاق حسين',NULL,1,'773803690',NULL,NULL,'2006-10-30','لحج',NULL,NULL,'لحج','الحوطة',NULL,'جواز سفر','6928817',NULL,NULL,NULL,'علمي','2025-2024','51108961',NULL,NULL,94.88,NULL,'ثانوية الفاروق','لحج','الحوطة',NULL,'Arabian Gulf University for Science and Technology/College of Administrative and Human Sciences/2025-2026/Accounting/first/2632111/photo_student_2632111.jpg',NULL,'Arabian Gulf University for Science and Technology/College of Administrative and Human Sciences/2025-2026/Accounting/first/2632111/photo_certificate_high_school_2632111.jpg',NULL,'2025-11-03 06:57:49','2025-11-03 06:59:46'),(115,'2632112','4136',1,1,4,3,2,'محمد صادق هادي سالم',NULL,1,'778389567',NULL,NULL,'2006-04-13','لحج',NULL,NULL,'لحج','تبن',NULL,'بطاقة شخصية','601018677',NULL,NULL,NULL,'علمي','2024-2023','41109447',NULL,NULL,83.00,NULL,'الشوكاني','لحج','تبن',NULL,'Arabian Gulf University for Science and Technology/College of Administrative and Human Sciences/2025-2026/Accounting/first/2632112/photo_student_2632112.jpg',NULL,'Arabian Gulf University for Science and Technology/College of Administrative and Human Sciences/2025-2026/Accounting/first/2632112/photo_certificate_high_school_2632112.jpg',NULL,'2025-11-03 06:57:49','2025-11-03 06:59:46'),(116,'2632113','4137',1,1,4,3,2,'محمد عبدالقوي عمر صالح مساعد',NULL,1,'781207817',NULL,NULL,'2007-07-01','لحج',NULL,NULL,'لحج','تبن',NULL,'بطاقة شخصية الكتروني','2176-3515-0812',NULL,NULL,NULL,'علمي','2025-2024','51110148',NULL,NULL,87.75,NULL,'ثانوية صبر للبنين','لحج','تبن',NULL,'Arabian Gulf University for Science and Technology/College of Administrative and Human Sciences/2025-2026/Accounting/first/2632113/photo_student_2632113.jpg',NULL,'Arabian Gulf University for Science and Technology/College of Administrative and Human Sciences/2025-2026/Accounting/first/2632113/photo_certificate_high_school_2632113.jpg',NULL,'2025-11-03 06:57:49','2025-11-03 06:59:46'),(117,'2632214','4238',1,1,4,3,2,'مارينا عادل سالم حمود',NULL,2,'783977282',NULL,NULL,'2004-04-13','لحج',NULL,NULL,'لحج','المسيمير',NULL,'رقم جلوس','31118397',NULL,NULL,NULL,'علمي','2023-2022','31118397',NULL,NULL,90.63,NULL,'علي بن ابي طالب','لحج','المسيمير',NULL,NULL,NULL,'Arabian Gulf University for Science and Technology/College of Administrative and Human Sciences/2025-2026/Accounting/first/2632214/photo_certificate_high_school_2632214.jpg',NULL,'2025-11-03 06:57:49','2025-11-03 06:59:46'),(118,'2632115','4139',1,1,4,3,2,'عبدالصمد بشير ناجي إسماعيل',NULL,1,'771482539',NULL,NULL,'2005-05-16','لحج',NULL,NULL,'لحج','المضاربة وراس العارة',NULL,'بطاقة شخصية','6010189066',NULL,NULL,NULL,'علمي','2024-2023','41116398',NULL,NULL,82.13,NULL,'عمرو بن العاص - ملبية','لحج','المضاربة',NULL,'Arabian Gulf University for Science and Technology/College of Administrative and Human Sciences/2025-2026/Accounting/first/2632115/photo_student_2632115.jpg',NULL,'Arabian Gulf University for Science and Technology/College of Administrative and Human Sciences/2025-2026/Accounting/first/2632115/photo_certificate_high_school_2632115.jpg',NULL,'2025-11-03 06:57:49','2025-11-03 06:59:46'),(119,'2632116','4140',1,1,4,3,2,'سهيل محمد سعيد احمد',NULL,1,'783388961',NULL,NULL,'2004-10-23','لحج',NULL,NULL,'لحج','تبن',NULL,'بطاقة شخصية الكتروني','7701-7335-0852',NULL,NULL,NULL,'علمي','2023-2022','31113383',NULL,NULL,86.50,NULL,'ثانوية صبر للبنين','لحج','تبن',NULL,'Arabian Gulf University for Science and Technology/College of Administrative and Human Sciences/2025-2026/Accounting/first/2632116/photo_student_2632116.png',NULL,'Arabian Gulf University for Science and Technology/College of Administrative and Human Sciences/2025-2026/Accounting/first/2632116/photo_certificate_high_school_2632116.jpg',NULL,'2025-11-03 06:57:49','2025-11-03 06:59:46'),(120,'2621117','3141',1,1,2,2,2,'عبدالرحمن عمر عبدالله سالم',NULL,1,'784187560',NULL,NULL,NULL,'لحج',NULL,NULL,'لحج','تبن',NULL,'جواز سفر','9258424',NULL,NULL,NULL,'علمي','2024-2023','41110274',NULL,NULL,90.00,NULL,'26 سمبتمبر بنين','لحج','تبن',NULL,'Arabian Gulf University for Science and Technology/College of Engineering and Computing/2025-2026/Information Technology/first/2621117/photo_student_2621117.png',NULL,'Arabian Gulf University for Science and Technology/College of Engineering and Computing/2025-2026/Information Technology/first/2621117/photo_certificate_high_school_2621117.jpg',NULL,'2025-11-16 02:33:25','2025-11-18 03:44:19'),(121,'2621218','3242',1,1,2,2,2,'ليلى فضل علي مقبل',NULL,2,NULL,NULL,NULL,NULL,'لحج',NULL,NULL,'لحج','تبن',NULL,'بطاقة شخصية الكتروني','0580-7334-1801',NULL,NULL,NULL,'علمي','2015-2014','600831',NULL,NULL,91.13,NULL,'مجمع السعيد','لحج','تبن',NULL,'Arabian Gulf University for Science and Technology/College of Engineering and Computing/2025-2026/Information Technology/first/2621218/photo_student_2621218.png',NULL,'Arabian Gulf University for Science and Technology/College of Engineering and Computing/2025-2026/Information Technology/first/2621218/photo_certificate_high_school_2621218.jpg',NULL,'2025-11-16 03:37:54','2025-11-18 03:46:16'),(122,'2632118','4142',1,1,4,3,2,'محمد عبدالكريم ناصر الشرفي',NULL,1,'778404443',NULL,NULL,NULL,'الحديده',NULL,NULL,'لحج','تبن',NULL,'جواز سفر','7779005',NULL,NULL,NULL,'علمي','2023-2022','422691',NULL,NULL,57.88,NULL,'الشهيد الكبسي','صنعاء','الثورة',NULL,NULL,NULL,NULL,NULL,'2025-11-16 03:55:54','2025-11-16 03:55:54'),(123,'2632217','4241',1,1,4,3,2,'حياة حسن حامد حسن',NULL,2,NULL,NULL,NULL,NULL,NULL,NULL,NULL,NULL,NULL,NULL,NULL,NULL,NULL,NULL,NULL,NULL,NULL,NULL,NULL,NULL,NULL,NULL,NULL,NULL,NULL,NULL,'Arabian Gulf University for Science and Technology/College of Administrative and Human Sciences/2025-2026/Accounting/first/2632217/photo_student_2632217.png',NULL,'Arabian Gulf University for Science and Technology/College of Administrative and Human Sciences/2025-2026/Accounting/first/2632217/photo_certificate_high_school_2632217.jpg',NULL,'2025-11-16 04:23:56','2025-11-18 03:45:52');
/*!40000 ALTER TABLE `students` ENABLE KEYS */;
UNLOCK TABLES;
