-- phpMyAdmin SQL Dump
-- version 5.2.1
-- https://www.phpmyadmin.net/
--
-- Host: localhost
-- Generation Time: Feb 03, 2026 at 09:17 AM
-- Server version: 10.4.32-MariaDB
-- PHP Version: 8.2.12

SET SQL_MODE = "NO_AUTO_VALUE_ON_ZERO";
START TRANSACTION;
SET time_zone = "+00:00";


/*!40101 SET @OLD_CHARACTER_SET_CLIENT=@@CHARACTER_SET_CLIENT */;
/*!40101 SET @OLD_CHARACTER_SET_RESULTS=@@CHARACTER_SET_RESULTS */;
/*!40101 SET @OLD_COLLATION_CONNECTION=@@COLLATION_CONNECTION */;
/*!40101 SET NAMES utf8mb4 */;

--
-- Database: `student_grades`
--

-- --------------------------------------------------------

--
-- Table structure for table `academic_years`
--

CREATE TABLE `academic_years` (
  `id` bigint(20) UNSIGNED NOT NULL,
  `label` varchar(255) NOT NULL,
  `starts_at` date NOT NULL,
  `ends_at` date DEFAULT NULL,
  `is_current` tinyint(1) NOT NULL DEFAULT 0,
  `created_at` timestamp NULL DEFAULT NULL,
  `updated_at` timestamp NULL DEFAULT NULL
) ENGINE=InnoDB DEFAULT CHARSET=utf8mb4 COLLATE=utf8mb4_unicode_ci;

--
-- Dumping data for table `academic_years`
--

INSERT INTO `academic_years` (`id`, `label`, `starts_at`, `ends_at`, `is_current`, `created_at`, `updated_at`) VALUES
(1, '2024-2025', '2024-11-01', '2025-11-03', 0, '2025-10-29 04:05:00', '2025-11-03 06:07:03'),
(2, '2025-2026', '2025-09-14', NULL, 1, '2025-11-03 06:07:43', '2025-11-03 06:07:43');

-- --------------------------------------------------------

--
-- Table structure for table `colleges`
--

CREATE TABLE `colleges` (
  `id` bigint(20) UNSIGNED NOT NULL,
  `code` varchar(255) NOT NULL,
  `name_ar` varchar(255) NOT NULL,
  `name_en` varchar(255) NOT NULL,
  `dean` varchar(255) DEFAULT NULL,
  `created_at` timestamp NULL DEFAULT NULL,
  `updated_at` timestamp NULL DEFAULT NULL
) ENGINE=InnoDB DEFAULT CHARSET=utf8mb4 COLLATE=utf8mb4_unicode_ci;

--
-- Dumping data for table `colleges`
--

INSERT INTO `colleges` (`id`, `code`, `name_ar`, `name_en`, `dean`, `created_at`, `updated_at`) VALUES
(1, '1', 'كلية العلوم الصحية', 'College of Health Sciences', NULL, NULL, NULL),
(2, '2', 'كلية الهندسة والحاسبات', 'College of Engineering and Computing', NULL, NULL, NULL),
(3, '3', 'كلية العلوم الإدارية والإنسانية', 'College of Administrative and Human Sciences', NULL, NULL, NULL),
(4, '4', 'كلية اللغات والترجمة', 'College of Languages and Translation', NULL, NULL, NULL);

-- --------------------------------------------------------

--
-- Table structure for table `college_grading_scales`
--

CREATE TABLE `college_grading_scales` (
  `id` bigint(20) UNSIGNED NOT NULL,
  `college_id` bigint(20) UNSIGNED NOT NULL,
  `grade_name` varchar(255) NOT NULL,
  `letter_grade` varchar(255) NOT NULL,
  `min_score` decimal(5,2) NOT NULL,
  `max_score` decimal(5,2) NOT NULL,
  `is_passing` tinyint(1) NOT NULL DEFAULT 1,
  `order` int(11) NOT NULL DEFAULT 0,
  `created_at` timestamp NULL DEFAULT NULL,
  `updated_at` timestamp NULL DEFAULT NULL
) ENGINE=InnoDB DEFAULT CHARSET=utf8mb4 COLLATE=utf8mb4_unicode_ci;

--
-- Dumping data for table `college_grading_scales`
--

INSERT INTO `college_grading_scales` (`id`, `college_id`, `grade_name`, `letter_grade`, `min_score`, `max_score`, `is_passing`, `order`, `created_at`, `updated_at`) VALUES
(1, 1, 'A', 'ممتاز', 90.00, 100.00, 1, 1, '2025-10-29 04:04:05', '2025-10-29 04:04:05'),
(2, 1, 'B', 'جيد جدا', 80.00, 89.00, 1, 2, '2025-10-29 04:04:05', '2025-10-29 04:04:05'),
(3, 1, 'C', 'جيد', 70.00, 79.00, 1, 3, '2025-10-29 04:04:05', '2025-10-29 04:04:05'),
(4, 1, 'D', 'مقبول', 65.00, 69.00, 1, 4, '2025-10-29 04:04:05', '2025-10-29 04:04:05'),
(5, 1, 'F', 'ضعيف', 1.00, 64.00, 0, 5, '2025-10-29 04:04:05', '2025-10-29 04:04:05'),
(6, 2, 'A', 'ممتاز', 90.00, 100.00, 1, 1, '2025-10-29 04:04:05', '2025-10-29 04:04:05'),
(7, 2, 'B', 'جيد جدا', 80.00, 89.00, 1, 2, '2025-10-29 04:04:05', '2025-10-29 04:04:05'),
(8, 2, 'C', 'جيد', 65.00, 79.00, 1, 3, '2025-10-29 04:04:05', '2025-10-29 04:04:05'),
(9, 2, 'D', 'مقبول', 50.00, 64.00, 1, 4, '2025-10-29 04:04:05', '2025-10-29 04:04:05'),
(10, 2, 'F', 'ضعيف', 1.00, 49.00, 0, 5, '2025-10-29 04:04:05', '2025-10-29 04:04:05'),
(11, 3, 'A', 'ممتاز', 90.00, 100.00, 1, 1, '2025-10-29 04:04:05', '2025-10-29 04:04:05'),
(12, 3, 'B', 'جيد جدا', 80.00, 89.00, 1, 2, '2025-10-29 04:04:05', '2025-10-29 04:04:05'),
(13, 3, 'C', 'جيد', 65.00, 79.00, 1, 3, '2025-10-29 04:04:05', '2025-10-29 04:04:05'),
(14, 3, 'D', 'مقبول', 50.00, 64.00, 1, 4, '2025-10-29 04:04:05', '2025-10-29 04:04:05'),
(15, 3, 'F', 'ضعيف', 1.00, 49.00, 0, 5, '2025-10-29 04:04:05', '2025-10-29 04:04:05'),
(16, 4, 'A', 'ممتاز', 90.00, 100.00, 1, 1, '2025-10-29 04:04:05', '2025-10-29 04:04:05'),
(17, 4, 'B', 'جيد جدا', 80.00, 89.00, 1, 2, '2025-10-29 04:04:05', '2025-10-29 04:04:05'),
(18, 4, 'C', 'جيد', 65.00, 79.00, 1, 3, '2025-10-29 04:04:05', '2025-10-29 04:04:05'),
(19, 4, 'D', 'مقبول', 50.00, 64.00, 1, 4, '2025-10-29 04:04:05', '2025-10-29 04:04:05'),
(20, 4, 'F', 'ضعيف', 1.00, 49.00, 0, 5, '2025-10-29 04:04:05', '2025-10-29 04:04:05');

-- --------------------------------------------------------

--
-- Table structure for table `courses`
--

CREATE TABLE `courses` (
  `id` bigint(20) UNSIGNED NOT NULL,
  `major_id` bigint(20) UNSIGNED NOT NULL,
  `course_type_id` bigint(20) UNSIGNED NOT NULL,
  `semester_id` bigint(20) UNSIGNED NOT NULL,
  `code` varchar(255) NOT NULL,
  `name_ar` varchar(255) NOT NULL,
  `name_en` varchar(255) DEFAULT NULL,
  `hours` int(11) DEFAULT NULL,
  `created_at` timestamp NULL DEFAULT NULL,
  `updated_at` timestamp NULL DEFAULT NULL
) ENGINE=InnoDB DEFAULT CHARSET=utf8mb4 COLLATE=utf8mb4_unicode_ci;

--
-- Dumping data for table `courses`
--

INSERT INTO `courses` (`id`, `major_id`, `course_type_id`, `semester_id`, `code`, `name_ar`, `name_en`, `hours`, `created_at`, `updated_at`) VALUES
(1, 1, 1, 1, 'ISC101', 'الثقافة الإسلامية', 'Islamic Culture', 2, NULL, NULL),
(2, 1, 1, 1, 'ARB101', 'اللغة العربية 1', 'Arabic language I', 2, NULL, NULL),
(3, 1, 1, 1, 'ENG101', 'اللغة الإنجليزية', 'English Language', 2, NULL, NULL),
(4, 1, 2, 1, 'CS101', 'مهارات الحاسوب', 'Computer skills', 2, NULL, NULL),
(5, 1, 2, 1, 'CHM111', 'الكيمياء العامة', 'General Chemistry', 3, NULL, NULL),
(6, 1, 2, 1, 'BIO114', 'علم الأحياء', 'Human Biology', 3, NULL, NULL),
(7, 1, 2, 1, 'PHYS115', 'فيزياء طبية', 'Medical physics', 3, NULL, NULL),
(8, 1, 1, 2, 'ARB102', 'اللغة العربية 2', 'Arabic language II', 2, NULL, NULL),
(9, 1, 1, 2, 'EMS118', 'اللغة الإنجليزية للعلوم الطبية', 'English For Medical Science', 2, NULL, NULL),
(10, 1, 2, 2, 'ACHM112', 'الكيمياء التحليلية', 'Analytical Chemistry', 3, NULL, NULL),
(11, 1, 2, 2, 'OCHM113', 'الكيمياء العضوية', 'Organic Chemistry', 3, NULL, NULL),
(12, 1, 1, 2, 'HLTH116', 'صحة عامة', 'Public Health', 2, NULL, NULL),
(13, 1, 1, 2, 'ETH117', 'أخلاقيات طبية', 'Medical ethics', 2, NULL, NULL),
(14, 1, 1, 2, 'COM101', 'مهارات التواصل', 'Communication skills', 2, NULL, NULL),
(15, 4, 1, 1, 'ARB101', 'اللغة العربية (1)', 'Arabic Language (1)', 3, NULL, NULL),
(16, 4, 1, 1, 'ENG101', 'لغة انجليزية', 'English Language', 3, NULL, NULL),
(17, 4, 1, 1, 'SLM101', 'ثقافة إسلامية', 'Islamic Culture', 2, NULL, NULL),
(18, 4, 1, 1, 'MGT114', 'مبادئ الإدارة (1)', 'Principles of Management (1)', 3, NULL, NULL),
(19, 4, 1, 1, 'ACC112', 'مبادى المحاسبة (1)', 'Principles of Accounting (1)', 3, NULL, NULL),
(20, 4, 2, 1, 'CS101', 'مهارات الحاسوب', 'Computer Skills', 3, NULL, NULL),
(21, 4, 1, 1, 'ECO111', 'الاقتصاد الجزئي', 'Microeconomics', 3, NULL, NULL),
(22, 4, 1, 2, 'MGT115', 'مبادئ إدارة (2)', 'Principles of Management (2)', 3, NULL, NULL),
(23, 4, 1, 2, 'ECO117', 'الاقتصاد الكلي', 'Macroeconomics', 3, NULL, NULL),
(24, 4, 1, 2, 'ARB102', 'لغة عربية (2)', 'Arabic Language (2)', 2, NULL, NULL),
(25, 4, 2, 2, 'ACC113', 'مبادى المحاسبة (2)', 'Principles of Accounting (2)', 3, NULL, NULL),
(26, 4, 2, 2, 'STC118', 'مبادئ الإحصاء', 'Principles of Statistics', 3, NULL, NULL),
(27, 4, 1, 2, 'COM101', 'مهارات التواصل', 'Communication Skills', 2, NULL, NULL),
(28, 4, 1, 2, 'MATH119', 'رياضة بحتة', 'Pure Mathematics', 3, NULL, NULL),
(29, 3, 1, 1, 'ARB101', 'اللغة العربية (1)', 'Arabic Language (1)', 3, NULL, NULL),
(30, 3, 1, 1, 'ENG101', 'لغة انجليزية', 'English Language', 3, NULL, NULL),
(31, 3, 1, 1, 'SLM101', 'ثقافة إسلامية', 'Islamic Culture', 2, NULL, NULL),
(32, 3, 1, 1, 'MGT114', 'مبادئ الإدارة (1)', 'Principles of Management (1)', 3, NULL, NULL),
(33, 3, 2, 1, 'ACC112', 'مبادى المحاسبة (1)', 'Principles of Accounting (1)', 3, NULL, NULL),
(34, 3, 2, 1, 'CS101', 'مهارات الحاسوب', 'Computer Skills', 3, NULL, NULL),
(35, 3, 2, 1, 'ECO111', 'الاقتصاد الجزئي', 'Microeconomics', 3, NULL, NULL),
(36, 3, 1, 2, 'MGT115', 'مبادئ إدارة (2)', 'Principles of Management (2)', 3, NULL, NULL),
(37, 3, 1, 2, 'ECO117', 'الاقتصاد الكلي', 'Macroeconomics', 3, NULL, NULL),
(38, 3, 1, 2, 'ARB102', 'لغة عربية (2)', 'Arabic Language (2)', 2, NULL, NULL),
(39, 3, 2, 2, 'ACC113', 'مبادى المحاسبة (2)', 'Principles of Accounting (2)', 3, NULL, NULL),
(40, 3, 2, 2, 'STC118', 'مبادئ الإحصاء', 'Principles of Statistics', 3, NULL, NULL),
(41, 3, 1, 2, 'COM101', 'مهارات التواصل', 'Communication Skills', 2, NULL, NULL),
(42, 3, 1, 2, 'MATH119', 'رياضة بحتة', 'Pure Mathematics', 3, NULL, NULL),
(43, 4, 1, 3, 'LAW211', 'قانون تجاري', 'Commercial Law', 3, '2025-12-24 10:15:06', '2025-12-24 10:15:06'),
(44, 4, 1, 3, 'OPR212', 'بحوث العمليات', 'Operations Research', 3, '2025-12-24 10:15:06', '2025-12-24 10:15:06'),
(45, 4, 1, 3, 'MGT216', 'الإدارة المالية', 'Financial Management', NULL, '2025-12-24 10:15:06', '2025-12-24 10:15:06'),
(46, 4, 1, 3, 'MRK214', 'إدارة الشراء والامداد', 'Purchasing and Supply Management', NULL, '2025-12-24 10:15:06', '2025-12-24 10:15:06'),
(47, 4, 1, 3, 'ACC341', 'محاسبة إدارية (1)', 'Managerial Accounting I', NULL, '2025-12-24 10:15:06', '2025-12-24 10:15:06'),
(48, 4, 1, 3, 'MRK216', 'مبادئ التسويق', 'Principles of Marketing', NULL, '2025-12-24 10:15:06', '2025-12-24 10:15:06'),
(49, 4, 1, 3, 'ACC223', 'محاسبة مالية متوسطة (1)', 'Intermediate Financial Accounting I', NULL, '2025-12-24 10:15:06', '2025-12-24 10:15:06'),
(50, 1, 2, 3, 'LAB231', 'علم التشريح', 'Anatomy', NULL, '2025-12-24 10:15:14', '2025-12-24 10:15:14'),
(51, 1, 2, 3, 'LAB232', 'علم وظائف الأعضاء', 'Physiology', NULL, '2025-12-24 10:15:14', '2025-12-24 10:15:14'),
(52, 1, 2, 3, 'LAB221', 'كيمياء حيوية 1', 'Biochemistry I', NULL, '2025-12-24 10:15:14', '2025-12-24 10:15:14'),
(53, 1, 2, 3, 'LAB261', 'علم الأمراض العام', 'General Pathology', NULL, '2025-12-24 10:15:14', '2025-12-24 10:15:14'),
(54, 1, 2, 3, 'LAB251', 'علم الدم 1', 'Hematology I', NULL, '2025-12-24 10:15:14', '2025-12-24 10:15:14'),
(55, 1, 1, 3, 'PSYC219', 'علم النفس الطبي', 'Medical Psychology', NULL, '2025-12-24 10:15:14', '2025-12-24 10:15:14'),
(56, 2, 1, 1, 'ENG-101', 'اللغة الإنجليزية', 'General English Language', 2, '2025-12-24 10:15:34', '2025-12-24 10:15:34'),
(57, 2, 1, 1, 'ARB-101', 'اللغة العربية (1)', 'Arabic Language I', 2, '2025-12-24 10:15:34', '2025-12-24 10:15:34'),
(58, 2, 2, 1, 'IT-151', 'برمجة (1)', 'Problem Solving and Programming', 3, '2025-12-24 10:15:34', '2025-12-24 10:15:34'),
(59, 2, 1, 1, 'MATH-102', 'الجبر الخطي', 'Linear Algebra', 3, '2025-12-24 10:15:34', '2025-12-24 10:15:34'),
(60, 2, 2, 1, 'CS-101', 'مهارات الحاسوب', 'Computer Skills', 3, '2025-12-24 10:15:34', '2025-12-24 10:15:34'),
(61, 2, 1, 1, 'SLM-101', 'الثقافة الإسلامية', 'Islamic Culture', 2, '2025-12-24 10:15:34', '2025-12-24 10:15:34'),
(62, 2, 1, 2, 'ECS-118', 'الإنجليزية للهندسة والحاسبات', 'English for Computer Science', 2, '2025-12-24 10:15:34', '2025-12-24 10:15:34'),
(63, 2, 1, 2, 'ARB-102', 'اللغة العربية (2)', 'Arabic Language II', 2, '2025-12-24 10:15:34', '2025-12-24 10:15:34'),
(64, 2, 1, 2, 'Cal-113', 'التفاضل والتكامل (1)', 'Calculus I', 3, '2025-12-24 10:15:34', '2025-12-24 10:15:34'),
(65, 2, 2, 2, 'IT-141', 'برمجة (2)', 'Computer Programming', 3, '2025-12-24 10:15:34', '2025-12-24 10:15:34'),
(66, 2, 1, 2, 'ELEC-101', 'مبادئ الإلكترونيات', 'Principles of Electronics', 3, '2025-12-24 10:15:34', '2025-12-24 10:15:34'),
(67, 2, 1, 2, 'COM-101', 'مهارات الاتصال', 'Communication Skills', 2, '2025-12-24 10:15:34', '2025-12-24 10:15:34'),
(68, 2, 1, 2, 'IT-157', 'اساسيات تقنية المعلومات', 'Introduction to Computing and Information Technology', 3, '2025-12-24 10:15:34', '2025-12-24 10:15:34'),
(69, 2, 1, 3, 'Cal-119', 'التفاضل والتكامل (2)', 'Calculus II', 3, '2025-12-24 10:15:34', '2025-12-24 10:15:34'),
(70, 2, 2, 3, 'Logd-211', 'تصميم المنطق', 'Logic Design', 3, '2025-12-24 10:15:34', '2025-12-24 10:15:34'),
(71, 2, 2, 3, 'IT-254', 'هياكل البيانات والخوارزميات', 'Data Structures and Algorithms', 3, '2025-12-24 10:15:34', '2025-12-24 10:15:34'),
(72, 2, 2, 3, 'IT-221', 'معمارية الحاسوب', 'Computer Architecture', 3, '2025-12-24 10:15:34', '2025-12-24 10:15:34'),
(73, 2, 1, 3, 'IT-264', 'الرياضيات المتقطعة', 'Discrete mathematics', 3, '2025-12-24 10:15:34', '2025-12-24 10:15:34'),
(74, 2, 1, 4, 'prSt113', 'الإحصاء والاحتمالات', 'Probability and Statistics', 3, '2025-12-24 10:15:34', '2025-12-24 10:15:34'),
(75, 2, 2, 4, 'IT-253', 'البرمجة كائنية التوجه', 'Object Oriented Programming', 3, '2025-12-24 10:15:34', '2025-12-24 10:15:34'),
(76, 2, 2, 4, 'IT-243', 'تكنولوجيا الويب (1)', 'Web Technology I', 3, '2025-12-24 10:15:34', '2025-12-24 10:15:34'),
(77, 2, 2, 4, 'IT-222', 'المعالجات الدقيقة', 'Microprocessors', 3, '2025-12-24 10:15:34', '2025-12-24 10:15:34'),
(78, 2, 1, 4, 'IT-263', 'تنقيب البيانات', 'Data Mining', 3, '2025-12-24 10:15:34', '2025-12-24 10:15:34');

-- --------------------------------------------------------

--
-- Table structure for table `course_types`
--

CREATE TABLE `course_types` (
  `id` bigint(20) UNSIGNED NOT NULL,
  `name_ar` varchar(255) NOT NULL,
  `name_en` varchar(255) DEFAULT NULL,
  `max_gsemester` int(11) NOT NULL,
  `max_gexam` int(11) NOT NULL,
  `created_at` timestamp NULL DEFAULT NULL,
  `updated_at` timestamp NULL DEFAULT NULL
) ENGINE=InnoDB DEFAULT CHARSET=utf8mb4 COLLATE=utf8mb4_unicode_ci;

--
-- Dumping data for table `course_types`
--

INSERT INTO `course_types` (`id`, `name_ar`, `name_en`, `max_gsemester`, `max_gexam`, `created_at`, `updated_at`) VALUES
(1, 'نظري', NULL, 40, 60, NULL, NULL),
(2, 'نظري وعملي', NULL, 50, 50, NULL, NULL);

-- --------------------------------------------------------

--
-- Table structure for table `grades`
--

CREATE TABLE `grades` (
  `id` bigint(20) UNSIGNED NOT NULL,
  `student_id` varchar(255) NOT NULL,
  `course_id` bigint(20) UNSIGNED NOT NULL,
  `semester_id` bigint(20) UNSIGNED NOT NULL,
  `academic_year_id` bigint(20) UNSIGNED NOT NULL,
  `turn` tinyint(4) NOT NULL DEFAULT 1,
  `gsemster` double(8,2) NOT NULL DEFAULT 0.00,
  `gexam` double(8,2) NOT NULL DEFAULT 0.00,
  `gfinal` double(8,2) DEFAULT NULL,
  `gpa` double(8,2) DEFAULT NULL,
  `letter_grade` varchar(255) DEFAULT NULL,
  `result` tinyint(1) DEFAULT NULL,
  `note` text DEFAULT NULL,
  `created_at` timestamp NULL DEFAULT NULL,
  `updated_at` timestamp NULL DEFAULT NULL
) ENGINE=InnoDB DEFAULT CHARSET=utf8mb4 COLLATE=utf8mb4_unicode_ci;

--
-- Dumping data for table `grades`
--

INSERT INTO `grades` (`id`, `student_id`, `course_id`, `semester_id`, `academic_year_id`, `turn`, `gsemster`, `gexam`, `gfinal`, `gpa`, `letter_grade`, `result`, `note`, `created_at`, `updated_at`) VALUES
(1, '2511101', 1, 1, 1, 1, 0.00, 0.00, 0.00, 0.00, 'محروم', 0, 'محروم', NULL, NULL),
(2, '2511101', 2, 1, 1, 1, 0.00, 0.00, 0.00, 0.00, 'محروم', 0, 'محروم', NULL, NULL),
(3, '2511101', 3, 1, 1, 1, 0.00, 0.00, 0.00, 0.00, 'محروم', 0, 'محروم', NULL, NULL),
(4, '2511101', 4, 1, 1, 1, 0.00, 0.00, 0.00, 0.00, 'محروم', 0, 'محروم', NULL, NULL),
(5, '2511101', 5, 1, 1, 1, 0.00, 0.00, 0.00, 0.00, 'محروم', 0, 'محروم', NULL, NULL),
(6, '2511101', 6, 1, 1, 1, 0.00, 0.00, 0.00, 0.00, 'محروم', 0, 'محروم', NULL, NULL),
(7, '2511101', 7, 1, 1, 1, 0.00, 0.00, 0.00, 0.00, 'محروم', 0, 'محروم', NULL, NULL),
(8, '2511202', 1, 1, 1, 1, 40.00, 57.00, 97.00, 4.85, 'ممتاز', 1, NULL, NULL, NULL),
(9, '2511202', 2, 1, 1, 1, 40.00, 48.00, 88.00, 4.40, 'جيد جدا', 1, NULL, NULL, NULL),
(10, '2511202', 3, 1, 1, 1, 32.00, 48.00, 80.00, 4.00, 'جيد جدا', 1, NULL, NULL, NULL),
(11, '2511202', 4, 1, 1, 1, 49.00, 42.00, 91.00, 4.55, 'ممتاز', 1, NULL, NULL, NULL),
(12, '2511202', 5, 1, 1, 1, 44.00, 40.00, 84.00, 4.20, 'جيد جدا', 1, NULL, NULL, NULL),
(13, '2511202', 6, 1, 1, 1, 44.00, 33.00, 77.00, 3.85, 'جيد', 1, NULL, NULL, NULL),
(14, '2511202', 7, 1, 1, 1, 46.00, 45.00, 91.00, 4.55, 'ممتاز', 1, NULL, NULL, NULL),
(15, '2511203', 1, 1, 1, 1, 39.00, 53.00, 92.00, 4.60, 'ممتاز', 1, NULL, NULL, NULL),
(16, '2511203', 2, 1, 1, 1, 39.00, 53.00, 92.00, 4.60, 'ممتاز', 1, NULL, NULL, NULL),
(17, '2511203', 3, 1, 1, 1, 32.00, 36.00, 68.00, 3.40, 'مقبول', 1, NULL, NULL, NULL),
(18, '2511203', 4, 1, 1, 1, 33.00, 37.00, 70.00, 3.50, 'جيد', 1, NULL, NULL, NULL),
(19, '2511203', 5, 1, 1, 1, 42.00, 32.00, 74.00, 3.70, 'جيد', 1, NULL, NULL, NULL),
(20, '2511203', 6, 1, 1, 1, 35.00, 33.00, 68.00, 3.40, 'مقبول', 1, NULL, NULL, NULL),
(21, '2511203', 7, 1, 1, 1, 44.00, 37.00, 81.00, 4.05, 'جيد جدا', 1, NULL, NULL, NULL),
(22, '2511204', 1, 1, 1, 1, 0.00, 65.00, 65.00, 3.25, 'مقبول', 1, NULL, NULL, NULL),
(23, '2511204', 2, 1, 1, 1, 39.00, 51.00, 90.00, 4.50, 'ممتاز', 1, NULL, NULL, NULL),
(24, '2511204', 3, 1, 1, 1, 34.00, 47.00, 81.00, 4.05, 'جيد جدا', 1, NULL, NULL, NULL),
(25, '2511204', 4, 1, 1, 1, 46.00, 35.00, 81.00, 4.05, 'جيد جدا', 1, NULL, NULL, NULL),
(26, '2511204', 5, 1, 1, 1, 45.00, 26.00, 71.00, 3.55, 'جيد', 1, NULL, NULL, NULL),
(27, '2511204', 6, 1, 1, 1, 0.00, 65.00, 65.00, 3.25, 'مقبول', 1, NULL, NULL, NULL),
(28, '2511204', 7, 1, 1, 1, 45.00, 40.00, 85.00, 4.25, 'جيد جدا', 1, NULL, NULL, NULL),
(29, '2511205', 1, 1, 1, 1, 28.00, 50.00, 78.00, 3.90, 'جيد', 1, NULL, NULL, NULL),
(30, '2511205', 2, 1, 1, 1, 33.00, 32.00, 65.00, 3.00, 'مقبول', 1, NULL, NULL, NULL),
(31, '2511205', 3, 1, 1, 1, 0.00, 65.00, 65.00, 3.25, 'مقبول', 1, NULL, NULL, NULL),
(32, '2511205', 4, 1, 1, 1, 40.00, 25.00, 65.00, 3.15, 'مقبول', 1, NULL, NULL, NULL),
(33, '2511205', 5, 1, 1, 1, 0.00, 65.00, 65.00, 3.25, 'مقبول', 1, NULL, NULL, NULL),
(34, '2511205', 6, 1, 1, 1, 33.00, 33.00, 66.00, 3.30, 'مقبول', 1, NULL, NULL, NULL),
(35, '2511205', 7, 1, 1, 1, 42.00, 28.00, 70.00, 3.50, 'جيد', 1, NULL, NULL, NULL),
(36, '2511106', 1, 1, 1, 1, 40.00, 60.00, 100.00, 5.00, 'ممتاز', 1, NULL, NULL, NULL),
(37, '2511106', 2, 1, 1, 1, 40.00, 60.00, 100.00, 5.00, 'ممتاز', 1, NULL, NULL, NULL),
(38, '2511106', 3, 1, 1, 1, 35.00, 57.00, 92.00, 4.60, 'ممتاز', 1, NULL, NULL, NULL),
(39, '2511106', 4, 1, 1, 1, 45.00, 46.00, 91.00, 4.55, 'ممتاز', 1, NULL, NULL, NULL),
(40, '2511106', 5, 1, 1, 1, 42.00, 44.00, 86.00, 4.30, 'جيد جدا', 1, NULL, NULL, NULL),
(41, '2511106', 6, 1, 1, 1, 40.00, 35.00, 75.00, 3.75, 'جيد', 1, NULL, NULL, NULL),
(42, '2511106', 7, 1, 1, 1, 46.00, 41.00, 87.00, 4.35, 'جيد جدا', 1, NULL, NULL, NULL),
(43, '2511207', 1, 1, 1, 1, 40.00, 57.00, 97.00, 4.85, 'ممتاز', 1, NULL, NULL, NULL),
(44, '2511207', 2, 1, 1, 1, 39.00, 58.00, 97.00, 4.85, 'ممتاز', 1, NULL, NULL, NULL),
(45, '2511207', 3, 1, 1, 1, 35.00, 45.00, 80.00, 4.00, 'جيد جدا', 1, NULL, NULL, NULL),
(46, '2511207', 4, 1, 1, 1, 50.00, 47.00, 97.00, 4.85, 'ممتاز', 1, NULL, NULL, NULL),
(47, '2511207', 5, 1, 1, 1, 44.00, 50.00, 94.00, 4.70, 'ممتاز', 1, NULL, NULL, NULL),
(48, '2511207', 6, 1, 1, 1, 44.00, 36.00, 80.00, 4.00, 'جيد جدا', 1, NULL, NULL, NULL),
(49, '2511207', 7, 1, 1, 1, 45.00, 42.00, 87.00, 4.35, 'جيد جدا', 1, NULL, NULL, NULL),
(50, '2511108', 1, 1, 1, 1, 39.00, 54.00, 93.00, 4.65, 'ممتاز', 1, NULL, NULL, NULL),
(51, '2511108', 2, 1, 1, 1, 38.00, 52.00, 90.00, 4.50, 'ممتاز', 1, NULL, NULL, NULL),
(52, '2511108', 3, 1, 1, 1, 38.00, 55.00, 93.00, 4.65, 'ممتاز', 1, NULL, NULL, NULL),
(53, '2511108', 4, 1, 1, 1, 49.00, 47.00, 96.00, 4.80, 'ممتاز', 1, NULL, NULL, NULL),
(54, '2511108', 5, 1, 1, 1, 48.00, 46.00, 94.00, 4.70, 'ممتاز', 1, NULL, NULL, NULL),
(55, '2511108', 6, 1, 1, 1, 36.00, 34.00, 70.00, 3.50, 'جيد', 1, NULL, NULL, NULL),
(56, '2511108', 7, 1, 1, 1, 46.00, 45.00, 91.00, 4.55, 'ممتاز', 1, NULL, NULL, NULL),
(57, '2511109', 1, 1, 1, 1, 34.00, 54.00, 88.00, 4.40, 'جيد جدا', 1, NULL, NULL, NULL),
(58, '2511109', 2, 1, 1, 1, 32.00, 38.00, 70.00, 3.50, 'جيد', 1, NULL, NULL, NULL),
(59, '2511109', 3, 1, 1, 1, 24.00, 39.00, 63.00, 3.15, 'مقبول', 1, NULL, NULL, NULL),
(60, '2511109', 4, 1, 1, 1, 45.00, 40.00, 85.00, 4.25, 'جيد جدا', 1, NULL, NULL, NULL),
(61, '2511109', 5, 1, 1, 1, 33.00, 40.00, 73.00, 3.65, 'جيد', 1, NULL, NULL, NULL),
(62, '2511109', 6, 1, 1, 1, 33.00, 33.00, 66.00, 3.30, 'مقبول', 1, NULL, NULL, NULL),
(63, '2511109', 7, 1, 1, 1, 43.00, 30.00, 73.00, 3.65, 'جيد', 1, NULL, NULL, NULL),
(64, '2511210', 1, 1, 1, 1, 40.00, 57.00, 97.00, 4.85, 'ممتاز', 1, NULL, NULL, NULL),
(65, '2511210', 2, 1, 1, 1, 40.00, 48.00, 88.00, 4.40, 'جيد جدا', 1, NULL, NULL, NULL),
(66, '2511210', 3, 1, 1, 1, 40.00, 58.00, 98.00, 4.90, 'ممتاز', 1, NULL, NULL, NULL),
(67, '2511210', 4, 1, 1, 1, 50.00, 49.00, 99.00, 4.95, 'ممتاز', 1, NULL, NULL, NULL),
(68, '2511210', 5, 1, 1, 1, 45.00, 48.00, 93.00, 4.65, 'ممتاز', 1, NULL, NULL, NULL),
(69, '2511210', 6, 1, 1, 1, 48.00, 42.00, 90.00, 4.50, 'ممتاز', 1, NULL, NULL, NULL),
(70, '2511210', 7, 1, 1, 1, 50.00, 50.00, 100.00, 5.00, 'ممتاز', 1, NULL, NULL, NULL),
(71, '2511211', 1, 1, 1, 1, 39.00, 60.00, 99.00, 4.95, 'ممتاز', 1, NULL, NULL, NULL),
(72, '2511211', 2, 1, 1, 1, 40.00, 53.00, 93.00, 4.65, 'ممتاز', 1, NULL, NULL, NULL),
(73, '2511211', 3, 1, 1, 1, 32.00, 50.00, 82.00, 4.10, 'جيد جدا', 1, NULL, NULL, NULL),
(74, '2511211', 4, 1, 1, 1, 50.00, 48.00, 98.00, 4.90, 'ممتاز', 1, NULL, NULL, NULL),
(75, '2511211', 5, 1, 1, 1, 47.00, 46.00, 93.00, 4.65, 'ممتاز', 1, NULL, NULL, NULL),
(76, '2511211', 6, 1, 1, 1, 46.00, 35.00, 81.00, 4.05, 'جيد جدا', 1, NULL, NULL, NULL),
(77, '2511211', 7, 1, 1, 1, 49.00, 44.00, 93.00, 4.65, 'ممتاز', 1, NULL, NULL, NULL),
(78, '2511212', 1, 1, 1, 1, 40.00, 59.00, 99.00, 4.95, 'ممتاز', 1, NULL, NULL, NULL),
(79, '2511212', 2, 1, 1, 1, 40.00, 54.00, 94.00, 4.70, 'ممتاز', 1, NULL, NULL, NULL),
(80, '2511212', 3, 1, 1, 1, 35.00, 48.00, 83.00, 4.15, 'جيد جدا', 1, NULL, NULL, NULL),
(81, '2511212', 4, 1, 1, 1, 46.00, 39.00, 85.00, 4.25, 'جيد جدا', 1, NULL, NULL, NULL),
(82, '2511212', 5, 1, 1, 1, 39.00, 42.00, 81.00, 4.05, 'جيد جدا', 1, NULL, NULL, NULL),
(83, '2511212', 6, 1, 1, 1, 41.00, 33.00, 74.00, 3.70, 'جيد', 1, NULL, NULL, NULL),
(84, '2511212', 7, 1, 1, 1, 46.00, 40.00, 86.00, 4.30, 'جيد جدا', 1, NULL, NULL, NULL),
(85, '2511213', 1, 1, 1, 1, 39.00, 51.00, 90.00, 4.50, 'ممتاز', 1, NULL, NULL, NULL),
(86, '2511213', 2, 1, 1, 1, 38.00, 30.00, 68.00, 3.40, 'مقبول', 1, NULL, NULL, NULL),
(87, '2511213', 3, 1, 1, 1, 36.00, 49.00, 85.00, 4.25, 'جيد جدا', 1, NULL, NULL, NULL),
(88, '2511213', 4, 1, 1, 1, 44.00, 47.00, 91.00, 4.55, 'ممتاز', 1, NULL, NULL, NULL),
(89, '2511213', 5, 1, 1, 1, 37.00, 28.00, 65.00, 3.10, 'مقبول', 1, NULL, NULL, NULL),
(90, '2511213', 6, 1, 1, 1, 33.00, 35.00, 68.00, 3.40, 'مقبول', 1, NULL, NULL, NULL),
(91, '2511213', 7, 1, 1, 1, 45.00, 42.00, 87.00, 4.35, 'جيد جدا', 1, NULL, NULL, NULL),
(92, '2511214', 1, 1, 1, 1, 32.00, 39.00, 71.00, 3.55, 'جيد', 1, NULL, NULL, NULL),
(93, '2511214', 2, 1, 1, 1, 35.00, 30.00, 65.00, 3.00, 'مقبول', 1, NULL, NULL, NULL),
(94, '2511214', 3, 1, 1, 1, 30.00, 40.00, 70.00, 3.50, 'جيد', 1, NULL, NULL, NULL),
(95, '2511214', 4, 1, 1, 1, 43.00, 34.00, 77.00, 3.85, 'جيد', 1, NULL, NULL, NULL),
(96, '2511214', 5, 1, 1, 1, 0.00, 65.00, 65.00, 3.25, 'مقبول', 1, NULL, NULL, NULL),
(97, '2511214', 6, 1, 1, 1, 33.00, 33.00, 66.00, 3.30, 'مقبول', 1, NULL, NULL, NULL),
(98, '2511214', 7, 1, 1, 1, 46.00, 26.00, 72.00, 3.60, 'جيد', 1, NULL, NULL, NULL),
(99, '2511215', 1, 1, 1, 1, 40.00, 56.00, 96.00, 4.80, 'ممتاز', 1, NULL, NULL, NULL),
(100, '2511215', 2, 1, 1, 1, 35.00, 36.00, 71.00, 3.55, 'جيد', 1, NULL, NULL, NULL),
(101, '2511215', 3, 1, 1, 1, 38.00, 57.00, 95.00, 4.75, 'ممتاز', 1, NULL, NULL, NULL),
(102, '2511215', 4, 1, 1, 1, 47.00, 44.00, 91.00, 4.55, 'ممتاز', 1, NULL, NULL, NULL),
(103, '2511215', 5, 1, 1, 1, 35.00, 30.00, 65.00, 3.20, 'مقبول', 1, NULL, NULL, NULL),
(104, '2511215', 6, 1, 1, 1, 35.00, 16.00, 0.00, 0.00, 'ضعيف', 0, NULL, NULL, NULL),
(105, '2511215', 7, 1, 1, 1, 46.00, 32.00, 78.00, 3.90, 'جيد', 1, NULL, NULL, NULL),
(106, '2511216', 1, 1, 1, 1, 39.00, 53.00, 92.00, 4.60, 'ممتاز', 1, NULL, NULL, NULL),
(107, '2511216', 2, 1, 1, 1, 40.00, 52.00, 92.00, 4.60, 'ممتاز', 1, NULL, NULL, NULL),
(108, '2511216', 3, 1, 1, 1, 36.00, 41.00, 77.00, 3.85, 'جيد', 1, NULL, NULL, NULL),
(109, '2511216', 4, 1, 1, 1, 44.00, 37.00, 81.00, 4.05, 'جيد جدا', 1, NULL, NULL, NULL),
(110, '2511216', 5, 1, 1, 1, 41.00, 42.00, 83.00, 4.15, 'جيد جدا', 1, NULL, NULL, NULL),
(111, '2511216', 6, 1, 1, 1, 33.00, 33.00, 66.00, 3.30, 'مقبول', 1, NULL, NULL, NULL),
(112, '2511216', 7, 1, 1, 1, 45.00, 33.00, 78.00, 3.90, 'جيد', 1, NULL, NULL, NULL),
(113, '2511217', 1, 1, 1, 1, 28.00, 0.00, 0.00, 0.00, 'غائب', 0, 'غائب', NULL, NULL),
(114, '2511217', 2, 1, 1, 1, 29.00, 0.00, 0.00, 0.00, 'غائب', 0, 'غائب', NULL, NULL),
(115, '2511217', 3, 1, 1, 1, 30.00, 0.00, 0.00, 0.00, 'غائب', 0, 'غائب', NULL, NULL),
(116, '2511217', 4, 1, 1, 1, 40.00, 0.00, 0.00, 0.00, 'غائب', 0, 'غائب', NULL, NULL),
(117, '2511217', 5, 1, 1, 1, 12.00, 0.00, 0.00, 0.00, 'غائب', 0, 'غائب', NULL, NULL),
(118, '2511217', 6, 1, 1, 1, 30.00, 0.00, 0.00, 0.00, 'غائب', 0, 'غائب', NULL, NULL),
(119, '2511217', 7, 1, 1, 1, 5.00, 0.00, 0.00, 0.00, 'غائب', 0, 'غائب', NULL, NULL),
(120, '2511218', 1, 1, 1, 1, 40.00, 52.00, 92.00, 4.60, 'ممتاز', 1, NULL, NULL, NULL),
(121, '2511218', 2, 1, 1, 1, 38.00, 40.00, 78.00, 3.90, 'جيد', 1, NULL, NULL, NULL),
(122, '2511218', 3, 1, 1, 1, 38.00, 57.00, 95.00, 4.75, 'ممتاز', 1, NULL, NULL, NULL),
(123, '2511218', 4, 1, 1, 1, 47.00, 50.00, 97.00, 4.85, 'ممتاز', 1, NULL, NULL, NULL),
(124, '2511218', 5, 1, 1, 1, 45.00, 46.00, 91.00, 4.55, 'ممتاز', 1, NULL, NULL, NULL),
(125, '2511218', 6, 1, 1, 1, 36.00, 34.00, 70.00, 3.50, 'جيد', 1, NULL, NULL, NULL),
(126, '2511218', 7, 1, 1, 1, 49.00, 43.00, 92.00, 4.60, 'ممتاز', 1, NULL, NULL, NULL),
(127, '2511219', 1, 1, 1, 1, 40.00, 53.00, 93.00, 4.65, 'ممتاز', 1, NULL, NULL, NULL),
(128, '2511219', 2, 1, 1, 1, 39.00, 48.00, 87.00, 4.35, 'جيد جدا', 1, NULL, NULL, NULL),
(129, '2511219', 3, 1, 1, 1, 36.00, 42.00, 78.00, 3.90, 'جيد', 1, NULL, NULL, NULL),
(130, '2511219', 4, 1, 1, 1, 48.00, 43.00, 91.00, 4.55, 'ممتاز', 1, NULL, NULL, NULL),
(131, '2511219', 5, 1, 1, 1, 42.00, 32.00, 74.00, 3.70, 'جيد', 1, NULL, NULL, NULL),
(132, '2511219', 6, 1, 1, 1, 33.00, 33.00, 66.00, 3.30, 'مقبول', 1, NULL, NULL, NULL),
(133, '2511219', 7, 1, 1, 1, 43.00, 32.00, 75.00, 3.75, 'جيد', 1, NULL, NULL, NULL),
(134, '2511220', 1, 1, 1, 1, 39.00, 51.00, 90.00, 4.50, 'ممتاز', 1, NULL, NULL, NULL),
(135, '2511220', 2, 1, 1, 1, 36.00, 44.00, 80.00, 4.00, 'جيد جدا', 1, NULL, NULL, NULL),
(136, '2511220', 3, 1, 1, 1, 32.00, 35.00, 67.00, 3.35, 'مقبول', 1, NULL, NULL, NULL),
(137, '2511220', 4, 1, 1, 1, 44.00, 42.00, 86.00, 4.30, 'جيد جدا', 1, NULL, NULL, NULL),
(138, '2511220', 5, 1, 1, 1, 37.00, 28.00, 65.00, 3.00, 'مقبول', 1, NULL, NULL, NULL),
(139, '2511220', 6, 1, 1, 1, 33.00, 33.00, 66.00, 3.30, 'مقبول', 1, NULL, NULL, NULL),
(140, '2511220', 7, 1, 1, 1, 46.00, 37.00, 83.00, 4.15, 'جيد جدا', 1, NULL, NULL, NULL),
(141, '2511221', 1, 1, 1, 1, 39.00, 45.00, 84.00, 4.20, 'جيد جدا', 1, NULL, NULL, NULL),
(142, '2511221', 2, 1, 1, 1, 35.00, 41.00, 76.00, 3.80, 'جيد', 1, NULL, NULL, NULL),
(143, '2511221', 3, 1, 1, 1, 29.00, 36.00, 65.00, 3.00, 'مقبول', 1, NULL, NULL, NULL),
(144, '2511221', 4, 1, 1, 1, 46.00, 36.00, 82.00, 4.10, 'جيد جدا', 1, NULL, NULL, NULL),
(145, '2511221', 5, 1, 1, 1, 37.00, 28.00, 65.00, 3.20, 'مقبول', 1, NULL, NULL, NULL),
(146, '2511221', 6, 1, 1, 1, 33.00, 33.00, 66.00, 3.30, 'مقبول', 1, NULL, NULL, NULL),
(147, '2511221', 7, 1, 1, 1, 41.00, 34.00, 75.00, 3.75, 'جيد', 1, NULL, NULL, NULL),
(148, '2511122', 1, 1, 1, 1, 35.00, 30.00, 65.00, 3.15, 'مقبول', 1, NULL, NULL, NULL),
(149, '2511122', 2, 1, 1, 1, 33.00, 32.00, 65.00, 3.10, 'مقبول', 1, NULL, NULL, NULL),
(150, '2511122', 3, 1, 1, 1, 30.00, 42.00, 72.00, 3.60, 'جيد', 1, NULL, NULL, NULL),
(151, '2511122', 4, 1, 1, 1, 39.00, 15.00, 0.00, 0.00, 'ضعيف', 0, NULL, NULL, NULL),
(152, '2511122', 5, 1, 1, 1, 34.00, 10.00, 0.00, 0.00, 'ضعيف', 0, NULL, NULL, NULL),
(153, '2511122', 6, 1, 1, 1, 33.00, 33.00, 66.00, 3.30, 'مقبول', 1, NULL, NULL, NULL),
(154, '2511122', 7, 1, 1, 1, 44.00, 28.00, 72.00, 3.60, 'جيد', 1, NULL, NULL, NULL),
(155, '2511123', 1, 1, 1, 1, 29.00, 43.00, 72.00, 3.60, 'جيد', 1, NULL, NULL, NULL),
(156, '2511123', 2, 1, 1, 1, 34.00, 32.00, 66.00, 3.30, 'مقبول', 1, NULL, NULL, NULL),
(157, '2511123', 3, 1, 1, 1, 36.00, 52.00, 88.00, 4.40, 'جيد جدا', 1, NULL, NULL, NULL),
(158, '2511123', 4, 1, 1, 1, 40.00, 25.00, 65.00, 3.15, 'مقبول', 1, NULL, NULL, NULL),
(159, '2511123', 5, 1, 1, 1, 33.00, 32.00, 65.00, 3.00, 'مقبول', 1, NULL, NULL, NULL),
(160, '2511123', 6, 1, 1, 1, 33.00, 35.00, 68.00, 3.40, 'مقبول', 1, NULL, NULL, NULL),
(161, '2511123', 7, 1, 1, 1, 46.00, 35.00, 81.00, 4.05, 'جيد جدا', 1, NULL, NULL, NULL),
(162, '2511224', 1, 1, 1, 1, 40.00, 57.00, 97.00, 4.85, 'ممتاز', 1, NULL, NULL, NULL),
(163, '2511224', 2, 1, 1, 1, 34.00, 46.00, 80.00, 4.00, 'جيد جدا', 1, NULL, NULL, NULL),
(164, '2511224', 3, 1, 1, 1, 33.00, 54.00, 87.00, 4.35, 'جيد جدا', 1, NULL, NULL, NULL),
(165, '2511224', 4, 1, 1, 1, 45.00, 45.00, 90.00, 4.50, 'ممتاز', 1, NULL, NULL, NULL),
(166, '2511224', 5, 1, 1, 1, 44.00, 46.00, 90.00, 4.50, 'ممتاز', 1, NULL, NULL, NULL),
(167, '2511224', 6, 1, 1, 1, 50.00, 40.00, 90.00, 4.50, 'ممتاز', 1, NULL, NULL, NULL),
(168, '2511224', 7, 1, 1, 1, 47.00, 41.00, 88.00, 4.40, 'جيد جدا', 1, NULL, NULL, NULL),
(169, '2521101', 61, 1, 1, 1, 23.00, 51.00, 74.00, 3.70, 'جيد', 1, NULL, NULL, NULL),
(170, '2521101', 56, 1, 1, 1, 0.00, 50.00, 50.00, 2.50, 'مقبول', 1, NULL, NULL, NULL),
(171, '2521101', 57, 1, 1, 1, 34.00, 32.00, 66.00, 3.30, 'جيد', 1, NULL, NULL, NULL),
(172, '2521101', 60, 1, 1, 1, 42.00, 25.00, 67.00, 3.35, 'جيد', 1, NULL, NULL, NULL),
(173, '2521101', 58, 1, 1, 1, 0.00, 50.00, 50.00, 2.50, 'مقبول', 1, NULL, NULL, NULL),
(174, '2521101', 59, 1, 1, 1, 26.00, 12.00, 0.00, 0.00, 'ضعيف', 0, NULL, NULL, NULL),
(175, '2521102', 61, 1, 1, 1, 30.00, 44.00, 74.00, 3.70, 'جيد', 1, NULL, NULL, NULL),
(176, '2521102', 56, 1, 1, 1, 33.00, 34.00, 67.00, 3.35, 'جيد', 1, NULL, NULL, NULL),
(177, '2521102', 57, 1, 1, 1, 25.00, 35.00, 60.00, 3.00, 'مقبول', 1, NULL, NULL, NULL),
(178, '2521102', 60, 1, 1, 1, 42.00, 33.00, 71.00, 3.55, 'جيد', 1, NULL, NULL, NULL),
(179, '2521102', 58, 1, 1, 1, 0.00, 50.00, 50.00, 2.50, 'مقبول', 1, NULL, NULL, NULL),
(180, '2521102', 59, 1, 1, 1, 26.00, 10.00, 0.00, 0.00, 'ضعيف', 0, NULL, NULL, NULL),
(181, '2521103', 61, 1, 1, 1, 27.00, 45.00, 72.00, 3.60, 'جيد', 1, NULL, NULL, NULL),
(182, '2521103', 56, 1, 1, 1, 27.00, 31.00, 58.00, 2.90, 'مقبول', 1, NULL, NULL, NULL),
(183, '2521103', 57, 1, 1, 1, 25.00, 20.00, 0.00, 0.00, 'ضعيف', 0, NULL, NULL, NULL),
(184, '2521103', 60, 1, 1, 1, 42.00, 27.00, 70.00, 3.50, 'جيد', 1, NULL, NULL, NULL),
(185, '2521103', 58, 1, 1, 1, 0.00, 50.00, 50.00, 2.50, 'مقبول', 1, NULL, NULL, NULL),
(186, '2521103', 59, 1, 1, 1, 35.00, 8.00, 0.00, 0.00, 'ضعيف', 0, NULL, NULL, NULL),
(187, '2521104', 61, 1, 1, 1, 24.00, 47.00, 71.00, 3.55, 'جيد', 1, NULL, NULL, NULL),
(188, '2521104', 56, 1, 1, 1, 28.00, 30.00, 58.00, 2.90, 'مقبول', 1, NULL, NULL, NULL),
(189, '2521104', 57, 1, 1, 1, 25.00, 34.00, 59.00, 2.95, 'مقبول', 1, NULL, NULL, NULL),
(190, '2521104', 60, 1, 1, 1, 42.00, 30.00, 72.00, 3.60, 'جيد', 1, NULL, NULL, NULL),
(191, '2521104', 58, 1, 1, 1, 46.00, 44.00, 90.00, 4.50, 'ممتاز', 1, NULL, NULL, NULL),
(192, '2521104', 59, 1, 1, 1, 26.00, 10.00, 0.00, 0.00, 'ضعيف', 0, NULL, NULL, NULL),
(193, '2521105', 61, 1, 1, 1, 40.00, 37.00, 77.00, 3.85, 'جيد', 1, NULL, NULL, NULL),
(194, '2521105', 56, 1, 1, 1, 24.00, 41.00, 65.00, 3.25, 'جيد', 1, NULL, NULL, NULL),
(195, '2521105', 57, 1, 1, 1, 36.00, 30.00, 66.00, 3.30, 'جيد', 1, NULL, NULL, NULL),
(196, '2521105', 60, 1, 1, 1, 42.00, 31.00, 76.00, 3.80, 'جيد', 1, NULL, NULL, NULL),
(197, '2521105', 58, 1, 1, 1, 48.00, 27.00, 75.00, 3.75, 'جيد', 1, NULL, NULL, NULL),
(198, '2521105', 59, 1, 1, 1, 34.00, 31.00, 65.00, 3.25, 'جيد', 1, NULL, NULL, NULL),
(199, '2521106', 61, 1, 1, 1, 23.00, 30.00, 53.00, 2.65, 'مقبول', 1, NULL, NULL, NULL),
(200, '2521106', 56, 1, 1, 1, 21.00, 30.00, 51.00, 2.55, 'مقبول', 1, NULL, NULL, NULL),
(201, '2521106', 57, 1, 1, 1, 36.00, 20.00, 0.00, 0.00, 'ضعيف', 0, NULL, NULL, NULL),
(202, '2521106', 60, 1, 1, 1, 42.00, 25.00, 63.00, 3.15, 'مقبول', 1, NULL, NULL, NULL),
(203, '2521106', 58, 1, 1, 1, 47.00, 30.00, 77.00, 3.85, 'جيد', 1, NULL, NULL, NULL),
(204, '2521106', 59, 1, 1, 1, 31.00, 4.00, 0.00, 0.00, 'ضعيف', 0, NULL, NULL, NULL),
(205, '2521107', 61, 1, 1, 1, 27.00, 51.00, 78.00, 3.90, 'جيد', 1, NULL, NULL, NULL),
(206, '2521107', 56, 1, 1, 1, 37.00, 43.00, 80.00, 4.00, 'جيد جدا', 1, NULL, NULL, NULL),
(207, '2521107', 57, 1, 1, 1, 37.00, 50.00, 87.00, 4.35, 'جيد جدا', 1, NULL, NULL, NULL),
(208, '2521107', 60, 1, 1, 1, 42.00, 46.00, 93.00, 4.65, 'ممتاز', 1, NULL, NULL, NULL),
(209, '2521107', 58, 1, 1, 1, 48.00, 46.00, 94.00, 4.70, 'ممتاز', 1, NULL, NULL, NULL),
(210, '2521107', 59, 1, 1, 1, 34.00, 31.00, 65.00, 3.25, 'جيد', 1, NULL, NULL, NULL),
(211, '2521108', 61, 1, 1, 1, 26.00, 49.00, 75.00, 3.75, 'جيد', 1, NULL, NULL, NULL),
(212, '2521108', 56, 1, 1, 1, 0.00, 50.00, 50.00, 2.50, 'مقبول', 1, NULL, NULL, NULL),
(213, '2521108', 57, 1, 1, 1, 39.00, 41.00, 80.00, 4.00, 'جيد جدا', 1, NULL, NULL, NULL),
(214, '2521108', 60, 1, 1, 1, 42.00, 41.00, 85.00, 4.25, 'جيد جدا', 1, NULL, NULL, NULL),
(215, '2521108', 58, 1, 1, 1, 41.00, 43.00, 84.00, 4.20, 'جيد جدا', 1, NULL, NULL, NULL),
(216, '2521108', 59, 1, 1, 1, 34.00, 31.00, 65.00, 3.25, 'جيد', 1, NULL, NULL, NULL),
(217, '2521109', 61, 1, 1, 1, 36.00, 57.00, 93.00, 4.65, 'ممتاز', 1, NULL, NULL, NULL),
(218, '2521109', 56, 1, 1, 1, 38.00, 48.00, 86.00, 4.30, 'جيد جدا', 1, NULL, NULL, NULL),
(219, '2521109', 57, 1, 1, 1, 40.00, 48.00, 88.00, 4.40, 'جيد جدا', 1, NULL, NULL, NULL),
(220, '2521109', 60, 1, 1, 1, 42.00, 48.00, 97.00, 4.85, 'ممتاز', 1, NULL, NULL, NULL),
(221, '2521109', 58, 1, 1, 1, 50.00, 45.00, 95.00, 4.75, 'ممتاز', 1, NULL, NULL, NULL),
(222, '2521109', 59, 1, 1, 1, 26.00, 16.00, 0.00, 0.00, 'ضعيف', 0, NULL, NULL, NULL),
(223, '2521110', 61, 1, 1, 1, 32.00, 51.00, 83.00, 4.15, 'جيد جدا', 1, NULL, NULL, NULL),
(224, '2521110', 56, 1, 1, 1, 38.00, 57.00, 95.00, 4.75, 'ممتاز', 1, NULL, NULL, NULL),
(225, '2521110', 57, 1, 1, 1, 39.00, 41.00, 80.00, 4.00, 'جيد جدا', 1, NULL, NULL, NULL),
(226, '2521110', 60, 1, 1, 1, 42.00, 43.00, 90.00, 4.50, 'ممتاز', 1, NULL, NULL, NULL),
(227, '2521110', 58, 1, 1, 1, 50.00, 47.00, 97.00, 4.85, 'ممتاز', 1, NULL, NULL, NULL),
(228, '2521110', 59, 1, 1, 1, 34.00, 33.00, 67.00, 3.35, 'جيد', 1, NULL, NULL, NULL),
(229, '2521111', 61, 1, 1, 1, 31.00, 45.00, 76.00, 3.80, 'جيد', 1, NULL, NULL, NULL),
(230, '2521111', 56, 1, 1, 1, 31.00, 30.00, 61.00, 3.05, 'مقبول', 1, NULL, NULL, NULL),
(231, '2521111', 57, 1, 1, 1, 26.00, 36.00, 62.00, 3.10, 'مقبول', 1, NULL, NULL, NULL),
(232, '2521111', 60, 1, 1, 1, 42.00, 25.00, 69.00, 3.45, 'جيد', 1, NULL, NULL, NULL),
(233, '2521111', 58, 1, 1, 1, 49.00, 42.00, 91.00, 4.55, 'ممتاز', 1, NULL, NULL, NULL),
(234, '2521111', 59, 1, 1, 1, 35.00, 30.00, 65.00, 3.25, 'جيد', 1, NULL, NULL, NULL),
(235, '2521112', 61, 1, 1, 1, 35.00, 36.00, 71.00, 3.55, 'جيد', 1, NULL, NULL, NULL),
(236, '2521112', 56, 1, 1, 1, 26.00, 30.00, 56.00, 2.80, 'مقبول', 1, NULL, NULL, NULL),
(237, '2521112', 57, 1, 1, 1, 35.00, 37.00, 72.00, 3.60, 'جيد', 1, NULL, NULL, NULL),
(238, '2521112', 60, 1, 1, 1, 42.00, 35.00, 81.00, 4.05, 'جيد جدا', 1, NULL, NULL, NULL),
(239, '2521112', 58, 1, 1, 1, 44.00, 25.00, 69.00, 3.45, 'جيد', 1, NULL, NULL, NULL),
(240, '2521112', 59, 1, 1, 1, 29.00, 30.00, 59.00, 2.95, 'مقبول', 1, NULL, NULL, NULL),
(241, '2521113', 61, 1, 1, 1, 38.00, 51.00, 89.00, 4.45, 'جيد جدا', 1, NULL, NULL, NULL),
(242, '2521113', 56, 1, 1, 1, 24.00, 36.00, 60.00, 3.00, 'مقبول', 1, NULL, NULL, NULL),
(243, '2521113', 57, 1, 1, 1, 39.00, 51.00, 90.00, 4.50, 'ممتاز', 1, NULL, NULL, NULL),
(244, '2521113', 60, 1, 1, 1, 42.00, 40.00, 73.00, 3.65, 'جيد', 1, NULL, NULL, NULL),
(245, '2521113', 58, 1, 1, 1, 49.00, 49.00, 98.00, 4.90, 'ممتاز', 1, NULL, NULL, NULL),
(246, '2521113', 59, 1, 1, 1, 36.00, 31.00, 67.00, 3.35, 'جيد', 1, NULL, NULL, NULL),
(247, '2521114', 61, 1, 1, 1, 39.00, 59.00, 98.00, 4.90, 'ممتاز', 1, NULL, NULL, NULL),
(248, '2521114', 56, 1, 1, 1, 39.00, 51.00, 90.00, 4.50, 'ممتاز', 1, NULL, NULL, NULL),
(249, '2521114', 57, 1, 1, 1, 39.00, 51.00, 90.00, 4.50, 'ممتاز', 1, NULL, NULL, NULL),
(250, '2521114', 60, 1, 1, 1, 42.00, 33.00, 83.00, 4.15, 'جيد جدا', 1, NULL, NULL, NULL),
(251, '2521114', 58, 1, 1, 1, 50.00, 49.00, 99.00, 4.95, 'ممتاز', 1, NULL, NULL, NULL),
(252, '2521114', 59, 1, 1, 1, 39.00, 32.00, 71.00, 3.55, 'جيد', 1, NULL, NULL, NULL),
(253, '2521215', 61, 1, 1, 1, 38.00, 59.00, 97.00, 4.85, 'ممتاز', 1, NULL, NULL, NULL),
(254, '2521215', 56, 1, 1, 1, 28.00, 32.00, 60.00, 3.00, 'مقبول', 1, NULL, NULL, NULL),
(255, '2521215', 57, 1, 1, 1, 35.00, 30.00, 65.00, 3.25, 'جيد', 1, NULL, NULL, NULL),
(256, '2521215', 60, 1, 1, 1, 42.00, 30.00, 76.00, 3.80, 'جيد', 1, NULL, NULL, NULL),
(257, '2521215', 58, 1, 1, 1, 41.00, 25.00, 66.00, 3.30, 'جيد', 1, NULL, NULL, NULL),
(258, '2521215', 59, 1, 1, 1, 0.00, 50.00, 50.00, 2.50, 'مقبول', 1, NULL, NULL, NULL),
(259, '2521216', 61, 1, 1, 1, 40.00, 60.00, 100.00, 5.00, 'ممتاز', 1, NULL, NULL, NULL),
(260, '2521216', 56, 1, 1, 1, 40.00, 59.00, 99.00, 4.95, 'ممتاز', 1, NULL, NULL, NULL),
(261, '2521216', 57, 1, 1, 1, 40.00, 56.00, 96.00, 4.80, 'ممتاز', 1, NULL, NULL, NULL),
(262, '2521216', 60, 1, 1, 1, 42.00, 50.00, 100.00, 5.00, 'ممتاز', 1, NULL, NULL, NULL),
(263, '2521216', 58, 1, 1, 1, 50.00, 50.00, 100.00, 5.00, 'ممتاز', 1, NULL, NULL, NULL),
(264, '2521216', 59, 1, 1, 1, 40.00, 50.00, 90.00, 4.50, 'ممتاز', 1, NULL, NULL, NULL),
(265, '2521217', 61, 1, 1, 1, 36.00, 56.00, 92.00, 4.60, 'ممتاز', 1, NULL, NULL, NULL),
(266, '2521217', 56, 1, 1, 1, 32.00, 52.00, 84.00, 4.20, 'جيد جدا', 1, NULL, NULL, NULL),
(267, '2521217', 57, 1, 1, 1, 35.00, 32.00, 67.00, 3.35, 'جيد', 1, NULL, NULL, NULL),
(268, '2521217', 60, 1, 1, 1, 42.00, 38.00, 82.00, 4.10, 'جيد جدا', 1, NULL, NULL, NULL),
(269, '2521217', 58, 1, 1, 1, 50.00, 47.00, 97.00, 4.85, 'ممتاز', 1, NULL, NULL, NULL),
(270, '2521217', 59, 1, 1, 1, 30.00, 30.00, 60.00, 3.00, 'مقبول', 1, NULL, NULL, NULL),
(271, '2521118', 61, 1, 1, 1, 34.00, 33.00, 67.00, 3.35, 'جيد', 1, NULL, NULL, NULL),
(272, '2521118', 56, 1, 1, 1, 34.00, 33.00, 67.00, 3.35, 'جيد', 1, NULL, NULL, NULL),
(273, '2521118', 57, 1, 1, 1, 38.00, 30.00, 68.00, 3.40, 'جيد', 1, NULL, NULL, NULL),
(274, '2521118', 60, 1, 1, 1, 42.00, 34.00, 80.00, 4.00, 'جيد جدا', 1, NULL, NULL, NULL),
(275, '2521118', 58, 1, 1, 1, 49.00, 48.00, 97.00, 4.85, 'ممتاز', 1, NULL, NULL, NULL),
(276, '2521118', 59, 1, 1, 1, 31.00, 12.00, 0.00, 0.00, 'ضعيف', 0, NULL, NULL, NULL),
(277, '2521119', 61, 1, 1, 1, 27.00, 31.00, 58.00, 2.90, 'مقبول', 1, NULL, NULL, NULL),
(278, '2521119', 56, 1, 1, 1, 34.00, 37.00, 71.00, 3.55, 'جيد', 1, NULL, NULL, NULL),
(279, '2521119', 57, 1, 1, 1, 28.00, 12.00, 0.00, 0.00, 'ضعيف', 0, NULL, NULL, NULL),
(280, '2521119', 60, 1, 1, 1, 42.00, 42.00, 86.00, 4.30, 'جيد جدا', 1, NULL, NULL, NULL),
(281, '2521119', 58, 1, 1, 1, 48.00, 38.00, 86.00, 4.30, 'جيد جدا', 1, NULL, NULL, NULL),
(282, '2521119', 59, 1, 1, 1, 0.00, 50.00, 50.00, 2.50, 'مقبول', 1, NULL, NULL, NULL),
(283, '2521220', 61, 1, 1, 1, 40.00, 60.00, 100.00, 5.00, 'ممتاز', 1, NULL, NULL, NULL),
(284, '2521220', 56, 1, 1, 1, 37.00, 59.00, 96.00, 4.80, 'ممتاز', 1, NULL, NULL, NULL),
(285, '2521220', 57, 1, 1, 1, 40.00, 57.00, 97.00, 4.85, 'ممتاز', 1, NULL, NULL, NULL),
(286, '2521220', 60, 1, 1, 1, 42.00, 50.00, 99.00, 4.95, 'ممتاز', 1, NULL, NULL, NULL),
(287, '2521220', 58, 1, 1, 1, 50.00, 49.00, 99.00, 4.95, 'ممتاز', 1, NULL, NULL, NULL),
(288, '2521220', 59, 1, 1, 1, 40.00, 60.00, 100.00, 5.00, 'ممتاز', 1, NULL, NULL, NULL),
(289, '2521221', 61, 1, 1, 1, 33.00, 37.00, 70.00, 3.50, 'جيد', 1, NULL, NULL, NULL),
(290, '2521221', 56, 1, 1, 1, 27.00, 30.00, 57.00, 2.85, 'مقبول', 1, NULL, NULL, NULL),
(291, '2521221', 57, 1, 1, 1, 33.00, 30.00, 63.00, 3.15, 'مقبول', 1, NULL, NULL, NULL),
(292, '2521221', 60, 1, 1, 1, 0.00, 50.00, 50.00, 2.50, 'مقبول', 1, NULL, NULL, NULL),
(293, '2521221', 58, 1, 1, 1, 48.00, 40.00, 88.00, 4.40, 'جيد جدا', 1, NULL, NULL, NULL),
(294, '2521221', 59, 1, 1, 1, 0.00, 50.00, 50.00, 2.50, 'مقبول', 1, NULL, NULL, NULL),
(295, '2521122', 61, 1, 1, 1, 0.00, 0.00, 0.00, 0.00, 'محروم', 0, 'محروم', NULL, NULL),
(296, '2521122', 56, 1, 1, 1, 0.00, 0.00, 0.00, 0.00, 'محروم', 0, 'محروم', NULL, NULL),
(297, '2521122', 57, 1, 1, 1, 0.00, 0.00, 0.00, 0.00, 'محروم', 0, 'محروم', NULL, NULL),
(298, '2521122', 60, 1, 1, 1, 42.00, 0.00, 0.00, 0.00, 'محروم', 0, 'محروم', NULL, NULL),
(299, '2521122', 58, 1, 1, 1, 0.00, 0.00, 0.00, 0.00, 'محروم', 0, 'محروم', NULL, NULL),
(300, '2521122', 59, 1, 1, 1, 0.00, 0.00, 0.00, 0.00, 'محروم', 0, 'محروم', NULL, NULL),
(301, '2521123', 61, 1, 1, 1, 31.00, 18.00, 0.00, 0.00, 'ضعيف', 0, NULL, NULL, NULL),
(302, '2521123', 56, 1, 1, 1, 24.00, 30.00, 54.00, 2.70, 'مقبول', 1, NULL, NULL, NULL),
(303, '2521123', 57, 1, 1, 1, 28.00, 8.00, 0.00, 0.00, 'ضعيف', 0, NULL, NULL, NULL),
(304, '2521123', 60, 1, 1, 1, 42.00, 12.00, 0.00, 0.00, 'ضعيف', 0, NULL, NULL, NULL),
(305, '2521123', 58, 1, 1, 1, 37.00, 4.00, 0.00, 0.00, 'ضعيف', 0, NULL, NULL, NULL),
(306, '2521123', 59, 1, 1, 1, 22.00, 4.00, 0.00, 0.00, 'ضعيف', 0, NULL, NULL, NULL),
(307, '2521124', 61, 1, 1, 1, 31.00, 55.00, 86.00, 4.30, 'جيد جدا', 1, NULL, NULL, NULL),
(308, '2521124', 56, 1, 1, 1, 35.00, 46.00, 81.00, 4.05, 'جيد جدا', 1, NULL, NULL, NULL),
(309, '2521124', 57, 1, 1, 1, 0.00, 50.00, 50.00, 2.50, 'مقبول', 1, NULL, NULL, NULL),
(310, '2521124', 60, 1, 1, 1, 42.00, 29.00, 63.00, 3.15, 'مقبول', 1, NULL, NULL, NULL),
(311, '2521124', 58, 1, 1, 1, 48.00, 32.00, 80.00, 4.00, 'جيد جدا', 1, NULL, NULL, NULL),
(312, '2521124', 59, 1, 1, 1, 0.00, 50.00, 50.00, 2.50, 'مقبول', 1, NULL, NULL, NULL),
(313, '2532101', 17, 1, 1, 1, 35.00, 38.00, 73.00, 3.65, 'جيد', 1, NULL, NULL, NULL),
(314, '2532101', 16, 1, 1, 1, 35.00, 38.00, 73.00, 3.65, 'جيد', 1, NULL, NULL, NULL),
(315, '2532101', 15, 1, 1, 1, 0.00, 50.00, 50.00, 2.50, 'مقبول', 1, NULL, NULL, NULL),
(316, '2532101', 20, 1, 1, 1, 46.00, 40.00, 86.00, 4.30, 'جيد جدا', 1, NULL, NULL, NULL),
(317, '2532101', 18, 1, 1, 1, 30.00, 30.00, 60.00, 3.00, 'مقبول', 1, NULL, NULL, NULL),
(318, '2532101', 21, 1, 1, 1, 39.00, 51.00, 90.00, 4.50, 'ممتاز', 1, NULL, NULL, NULL),
(319, '2532101', 19, 1, 1, 1, 33.00, 38.00, 71.00, 3.55, 'جيد', 1, NULL, NULL, NULL),
(320, '2532102', 17, 1, 1, 1, 39.00, 51.00, 90.00, 4.50, 'ممتاز', 1, NULL, NULL, NULL),
(321, '2532102', 16, 1, 1, 1, 38.00, 35.00, 73.00, 3.65, 'جيد', 1, NULL, NULL, NULL),
(322, '2532102', 15, 1, 1, 1, 36.00, 36.00, 72.00, 3.60, 'جيد', 1, NULL, NULL, NULL),
(323, '2532102', 20, 1, 1, 1, 48.00, 45.00, 93.00, 4.65, 'ممتاز', 1, NULL, NULL, NULL),
(324, '2532102', 18, 1, 1, 1, 33.00, 44.00, 77.00, 3.85, 'جيد', 1, NULL, NULL, NULL),
(325, '2532102', 21, 1, 1, 1, 40.00, 56.00, 96.00, 4.80, 'ممتاز', 1, NULL, NULL, NULL),
(326, '2532102', 19, 1, 1, 1, 40.00, 50.00, 90.00, 4.50, 'ممتاز', 1, NULL, NULL, NULL),
(327, '2532104', 17, 1, 1, 1, 30.00, 39.00, 69.00, 3.45, 'جيد', 1, NULL, NULL, NULL),
(328, '2532104', 16, 1, 1, 1, 30.00, 30.00, 60.00, 3.00, 'مقبول', 1, NULL, NULL, NULL),
(329, '2532104', 15, 1, 1, 1, 0.00, 50.00, 50.00, 2.50, 'مقبول', 1, NULL, NULL, NULL),
(330, '2532104', 20, 1, 1, 1, 39.00, 32.00, 71.00, 3.55, 'جيد', 1, NULL, NULL, NULL),
(331, '2532104', 18, 1, 1, 1, 24.00, 30.00, 54.00, 2.70, 'مقبول', 1, NULL, NULL, NULL),
(332, '2532104', 21, 1, 1, 1, 38.00, 39.00, 77.00, 3.85, 'جيد', 1, NULL, NULL, NULL),
(333, '2532104', 19, 1, 1, 1, 0.00, 50.00, 50.00, 2.50, 'مقبول', 1, NULL, NULL, NULL),
(334, '2532105', 17, 1, 1, 1, 40.00, 52.00, 92.00, 4.60, 'ممتاز', 1, NULL, NULL, NULL),
(335, '2532105', 16, 1, 1, 1, 35.00, 35.00, 70.00, 3.50, 'جيد', 1, NULL, NULL, NULL),
(336, '2532105', 15, 1, 1, 1, 36.00, 42.00, 78.00, 3.90, 'جيد', 1, NULL, NULL, NULL),
(337, '2532105', 20, 1, 1, 1, 49.00, 43.00, 92.00, 4.60, 'ممتاز', 1, NULL, NULL, NULL),
(338, '2532105', 18, 1, 1, 1, 31.00, 49.00, 80.00, 4.00, 'جيد جدا', 1, NULL, NULL, NULL),
(339, '2532105', 21, 1, 1, 1, 40.00, 60.00, 100.00, 5.00, 'ممتاز', 1, NULL, NULL, NULL),
(340, '2532105', 19, 1, 1, 1, 40.00, 50.00, 90.00, 4.50, 'ممتاز', 1, NULL, NULL, NULL),
(341, '2532106', 17, 1, 1, 1, 30.00, 39.00, 69.00, 3.45, 'جيد', 1, NULL, NULL, NULL),
(342, '2532106', 16, 1, 1, 1, 36.00, 40.00, 76.00, 3.80, 'جيد', 1, NULL, NULL, NULL),
(343, '2532106', 15, 1, 1, 1, 30.00, 20.00, 0.00, 0.00, 'ضعيف', 0, NULL, NULL, NULL),
(344, '2532106', 20, 1, 1, 1, 46.00, 45.00, 91.00, 4.55, 'ممتاز', 1, NULL, NULL, NULL),
(345, '2532106', 18, 1, 1, 1, 31.00, 46.00, 77.00, 3.85, 'جيد', 1, NULL, NULL, NULL),
(346, '2532106', 21, 1, 1, 1, 38.00, 52.00, 90.00, 4.50, 'ممتاز', 1, NULL, NULL, NULL),
(347, '2532106', 19, 1, 1, 1, 30.00, 31.00, 61.00, 3.05, 'مقبول', 1, NULL, NULL, NULL),
(348, '2532107', 17, 1, 1, 1, 36.00, 50.00, 86.00, 4.30, 'جيد جدا', 1, NULL, NULL, NULL),
(349, '2532107', 16, 1, 1, 1, 37.00, 40.00, 77.00, 3.85, 'جيد', 1, NULL, NULL, NULL),
(350, '2532107', 15, 1, 1, 1, 30.00, 40.00, 70.00, 3.50, 'جيد', 1, NULL, NULL, NULL),
(351, '2532107', 20, 1, 1, 1, 46.00, 47.00, 93.00, 4.65, 'ممتاز', 1, NULL, NULL, NULL),
(352, '2532107', 18, 1, 1, 1, 29.00, 39.00, 68.00, 3.40, 'جيد', 1, NULL, NULL, NULL),
(353, '2532107', 21, 1, 1, 1, 40.00, 55.00, 95.00, 4.75, 'ممتاز', 1, NULL, NULL, NULL),
(354, '2532107', 19, 1, 1, 1, 40.00, 53.00, 93.00, 4.65, 'ممتاز', 1, NULL, NULL, NULL),
(355, '2532108', 17, 1, 1, 1, 0.00, 0.00, 0.00, 0.00, 'محروم', 0, 'محروم', NULL, NULL),
(356, '2532108', 16, 1, 1, 1, 0.00, 0.00, 0.00, 0.00, 'محروم', 0, 'محروم', NULL, NULL),
(357, '2532108', 15, 1, 1, 1, 0.00, 0.00, 0.00, 0.00, 'محروم', 0, 'محروم', NULL, NULL),
(358, '2532108', 20, 1, 1, 1, 0.00, 0.00, 0.00, 0.00, 'محروم', 0, 'محروم', NULL, NULL),
(359, '2532108', 18, 1, 1, 1, 0.00, 0.00, 0.00, 0.00, 'محروم', 0, 'محروم', NULL, NULL),
(360, '2532108', 21, 1, 1, 1, 0.00, 0.00, 0.00, 0.00, 'محروم', 0, 'محروم', NULL, NULL),
(361, '2532108', 19, 1, 1, 1, 0.00, 0.00, 0.00, 0.00, 'محروم', 0, 'محروم', NULL, NULL),
(362, '2532110', 17, 1, 1, 1, 29.00, 48.00, 77.00, 3.85, 'جيد', 1, NULL, NULL, NULL),
(363, '2532110', 16, 1, 1, 1, 30.00, 30.00, 60.00, 3.00, 'مقبول', 1, NULL, NULL, NULL),
(364, '2532110', 15, 1, 1, 1, 26.00, 32.00, 58.00, 2.90, 'مقبول', 1, NULL, NULL, NULL),
(365, '2532110', 20, 1, 1, 1, 40.00, 43.00, 83.00, 4.15, 'جيد جدا', 1, NULL, NULL, NULL),
(366, '2532110', 18, 1, 1, 1, 31.00, 36.00, 67.00, 3.35, 'جيد', 1, NULL, NULL, NULL),
(367, '2532110', 21, 1, 1, 1, 37.00, 53.00, 90.00, 4.50, 'ممتاز', 1, NULL, NULL, NULL),
(368, '2532110', 19, 1, 1, 1, 38.00, 38.00, 76.00, 3.80, 'جيد', 1, NULL, NULL, NULL),
(369, '2532211', 17, 1, 1, 1, 40.00, 53.00, 93.00, 4.65, 'ممتاز', 1, NULL, NULL, NULL),
(370, '2532211', 16, 1, 1, 1, 0.00, 50.00, 50.00, 2.50, 'مقبول', 1, NULL, NULL, NULL),
(371, '2532211', 15, 1, 1, 1, 32.00, 30.00, 62.00, 3.10, 'مقبول', 1, NULL, NULL, NULL),
(372, '2532211', 20, 1, 1, 1, 44.00, 41.00, 85.00, 4.25, 'جيد جدا', 1, NULL, NULL, NULL),
(373, '2532211', 18, 1, 1, 1, 39.00, 41.00, 80.00, 4.00, 'جيد جدا', 1, NULL, NULL, NULL),
(374, '2532211', 21, 1, 1, 1, 40.00, 53.00, 93.00, 4.65, 'ممتاز', 1, NULL, NULL, NULL),
(375, '2532211', 19, 1, 1, 1, 30.00, 36.00, 66.00, 3.30, 'جيد', 1, NULL, NULL, NULL),
(376, '2532212', 17, 1, 1, 1, 40.00, 48.00, 88.00, 4.40, 'جيد جدا', 1, NULL, NULL, NULL),
(377, '2532212', 16, 1, 1, 1, 38.00, 53.00, 91.00, 4.55, 'ممتاز', 1, NULL, NULL, NULL),
(378, '2532212', 15, 1, 1, 1, 38.00, 50.00, 88.00, 4.40, 'جيد جدا', 1, NULL, NULL, NULL),
(379, '2532212', 20, 1, 1, 1, 49.00, 47.00, 96.00, 4.80, 'ممتاز', 1, NULL, NULL, NULL),
(380, '2532212', 18, 1, 1, 1, 37.00, 56.00, 93.00, 4.65, 'ممتاز', 1, NULL, NULL, NULL),
(381, '2532212', 21, 1, 1, 1, 40.00, 58.00, 98.00, 4.90, 'ممتاز', 1, NULL, NULL, NULL),
(382, '2532212', 19, 1, 1, 1, 40.00, 51.00, 91.00, 4.55, 'ممتاز', 1, NULL, NULL, NULL),
(383, '2532113', 17, 1, 1, 1, 39.00, 52.00, 91.00, 4.55, 'ممتاز', 1, NULL, NULL, NULL),
(384, '2532113', 16, 1, 1, 1, 34.00, 38.00, 72.00, 3.60, 'جيد', 1, NULL, NULL, NULL),
(385, '2532113', 15, 1, 1, 1, 38.00, 30.00, 68.00, 3.40, 'جيد', 1, NULL, NULL, NULL),
(386, '2532113', 20, 1, 1, 1, 49.00, 44.00, 93.00, 4.65, 'ممتاز', 1, NULL, NULL, NULL),
(387, '2532113', 18, 1, 1, 1, 34.00, 36.00, 70.00, 3.50, 'جيد', 1, NULL, NULL, NULL),
(388, '2532113', 21, 1, 1, 1, 40.00, 57.00, 97.00, 4.85, 'ممتاز', 1, NULL, NULL, NULL),
(389, '2532113', 19, 1, 1, 1, 38.00, 31.00, 69.00, 3.45, 'جيد', 1, NULL, NULL, NULL),
(390, '2532115', 17, 1, 1, 1, 26.00, 34.00, 60.00, 3.00, 'مقبول', 1, NULL, NULL, NULL),
(391, '2532115', 16, 1, 1, 1, 0.00, 50.00, 50.00, 2.50, 'مقبول', 1, NULL, NULL, NULL),
(392, '2532115', 15, 1, 1, 1, 0.00, 50.00, 50.00, 2.50, 'مقبول', 1, NULL, NULL, NULL),
(393, '2532115', 20, 1, 1, 1, 39.00, 26.00, 65.00, 3.25, 'جيد', 1, NULL, NULL, NULL),
(394, '2532115', 18, 1, 1, 1, 0.00, 50.00, 50.00, 2.50, 'مقبول', 1, NULL, NULL, NULL),
(395, '2532115', 21, 1, 1, 1, 36.00, 31.00, 67.00, 3.35, 'جيد', 1, NULL, NULL, NULL),
(396, '2532115', 19, 1, 1, 1, 0.00, 50.00, 50.00, 2.50, 'مقبول', 1, NULL, NULL, NULL),
(397, '2532117', 17, 1, 1, 1, 32.00, 41.00, 73.00, 3.65, 'جيد', 1, NULL, NULL, NULL),
(398, '2532117', 16, 1, 1, 1, 0.00, 50.00, 50.00, 2.50, 'مقبول', 1, NULL, NULL, NULL),
(399, '2532117', 15, 1, 1, 1, 0.00, 50.00, 50.00, 2.50, 'مقبول', 1, NULL, NULL, NULL),
(400, '2532117', 20, 1, 1, 1, 39.00, 29.00, 68.00, 3.40, 'جيد', 1, NULL, NULL, NULL),
(401, '2532117', 18, 1, 1, 1, 23.00, 30.00, 53.00, 2.65, 'مقبول', 1, NULL, NULL, NULL),
(402, '2532117', 21, 1, 1, 1, 36.00, 36.00, 72.00, 3.60, 'جيد', 1, NULL, NULL, NULL),
(403, '2532117', 19, 1, 1, 1, 31.00, 30.00, 61.00, 3.05, 'مقبول', 1, NULL, NULL, NULL),
(404, '2532218', 17, 1, 1, 1, 39.00, 54.00, 93.00, 4.65, 'ممتاز', 1, NULL, NULL, NULL),
(405, '2532218', 16, 1, 1, 1, 40.00, 55.00, 95.00, 4.75, 'ممتاز', 1, NULL, NULL, NULL),
(406, '2532218', 15, 1, 1, 1, 40.00, 57.00, 97.00, 4.85, 'ممتاز', 1, NULL, NULL, NULL),
(407, '2532218', 20, 1, 1, 1, 50.00, 50.00, 100.00, 5.00, 'ممتاز', 1, NULL, NULL, NULL),
(408, '2532218', 18, 1, 1, 1, 37.00, 59.00, 96.00, 4.80, 'ممتاز', 1, NULL, NULL, NULL),
(409, '2532218', 21, 1, 1, 1, 40.00, 60.00, 100.00, 5.00, 'ممتاز', 1, NULL, NULL, NULL),
(410, '2532218', 19, 1, 1, 1, 40.00, 50.00, 90.00, 4.50, 'ممتاز', 1, NULL, NULL, NULL),
(411, '2532119', 17, 1, 1, 1, 40.00, 50.00, 90.00, 4.50, 'ممتاز', 1, NULL, NULL, NULL),
(412, '2532119', 16, 1, 1, 1, 37.00, 44.00, 81.00, 4.05, 'جيد جدا', 1, NULL, NULL, NULL),
(413, '2532119', 15, 1, 1, 1, 33.00, 52.00, 85.00, 4.25, 'جيد جدا', 1, NULL, NULL, NULL),
(414, '2532119', 20, 1, 1, 1, 49.00, 45.00, 94.00, 4.70, 'ممتاز', 1, NULL, NULL, NULL),
(415, '2532119', 18, 1, 1, 1, 34.00, 56.00, 90.00, 4.50, 'ممتاز', 1, NULL, NULL, NULL),
(416, '2532119', 21, 1, 1, 1, 39.00, 41.00, 80.00, 4.00, 'جيد جدا', 1, NULL, NULL, NULL),
(417, '2532119', 19, 1, 1, 1, 40.00, 50.00, 90.00, 4.50, 'ممتاز', 1, NULL, NULL, NULL),
(418, '2532220', 17, 1, 1, 1, 40.00, 46.00, 86.00, 4.30, 'جيد جدا', 1, NULL, NULL, NULL),
(419, '2532220', 16, 1, 1, 1, 37.00, 47.00, 84.00, 4.20, 'جيد جدا', 1, NULL, NULL, NULL),
(420, '2532220', 15, 1, 1, 1, 30.00, 47.00, 77.00, 3.85, 'جيد', 1, NULL, NULL, NULL),
(421, '2532220', 20, 1, 1, 1, 45.00, 44.00, 90.00, 4.50, 'ممتاز', 1, NULL, NULL, NULL),
(422, '2532220', 18, 1, 1, 1, 30.00, 31.00, 61.00, 3.05, 'مقبول', 1, NULL, NULL, NULL),
(423, '2532220', 21, 1, 1, 1, 40.00, 58.00, 98.00, 4.90, 'ممتاز', 1, NULL, NULL, NULL),
(424, '2532220', 19, 1, 1, 1, 0.00, 50.00, 50.00, 2.50, 'مقبول', 1, NULL, NULL, NULL),
(425, '2531203', 31, 1, 1, 1, 40.00, 55.00, 95.00, 4.75, 'ممتاز', 1, NULL, NULL, NULL),
(426, '2531203', 30, 1, 1, 1, 39.00, 54.00, 93.00, 4.65, 'ممتاز', 1, NULL, NULL, NULL),
(427, '2531203', 29, 1, 1, 1, 37.00, 46.00, 83.00, 4.15, 'جيد جدا', 1, NULL, NULL, NULL),
(428, '2531203', 34, 1, 1, 1, 49.00, 47.00, 96.00, 4.80, 'ممتاز', 1, NULL, NULL, NULL),
(429, '2531203', 32, 1, 1, 1, 35.00, 47.00, 82.00, 4.10, 'جيد جدا', 1, NULL, NULL, NULL),
(430, '2531203', 35, 1, 1, 1, 40.00, 56.00, 96.00, 4.80, 'ممتاز', 1, NULL, NULL, NULL),
(431, '2531203', 33, 1, 1, 1, 40.00, 41.00, 81.00, 4.05, 'جيد جدا', 1, NULL, NULL, NULL),
(432, '2531109', 31, 1, 1, 1, 39.00, 56.00, 95.00, 4.75, 'ممتاز', 1, NULL, NULL, NULL),
(433, '2531109', 30, 1, 1, 1, 36.00, 54.00, 90.00, 4.50, 'ممتاز', 1, NULL, NULL, NULL),
(434, '2531109', 29, 1, 1, 1, 37.00, 53.00, 90.00, 4.50, 'ممتاز', 1, NULL, NULL, NULL),
(435, '2531109', 34, 1, 1, 1, 44.00, 48.00, 92.00, 4.60, 'ممتاز', 1, NULL, NULL, NULL),
(436, '2531109', 32, 1, 1, 1, 31.00, 43.00, 74.00, 3.70, 'جيد', 1, NULL, NULL, NULL),
(437, '2531109', 35, 1, 1, 1, 38.00, 51.00, 90.00, 4.50, 'ممتاز', 1, NULL, NULL, NULL),
(438, '2531109', 33, 1, 1, 1, 40.00, 44.00, 84.00, 4.20, 'جيد جدا', 1, NULL, NULL, NULL),
(439, '2531114', 31, 1, 1, 1, 33.00, 39.00, 72.00, 3.60, 'جيد', 1, NULL, NULL, NULL),
(440, '2531114', 30, 1, 1, 1, 22.00, 30.00, 52.00, 2.60, 'مقبول', 1, NULL, NULL, NULL),
(441, '2531114', 29, 1, 1, 1, 27.00, 19.00, 0.00, 0.00, 'ضعيف', 0, NULL, NULL, NULL),
(442, '2531114', 34, 1, 1, 1, 43.00, 15.00, 0.00, 0.00, 'ضعيف', 0, NULL, NULL, NULL),
(443, '2531114', 32, 1, 1, 1, 25.00, 35.00, 60.00, 3.00, 'مقبول', 1, NULL, NULL, NULL),
(444, '2531114', 35, 1, 1, 1, 36.00, 0.00, 0.00, 0.00, 'غائب', 0, NULL, NULL, NULL),
(445, '2531114', 33, 1, 1, 1, 26.00, 14.00, 0.00, 0.00, 'ضعيف', 0, NULL, NULL, NULL),
(446, '2531116', 31, 1, 1, 1, 0.00, 0.00, 0.00, 0.00, 'محروم', 0, 'محروم', NULL, NULL),
(447, '2531116', 30, 1, 1, 1, 0.00, 0.00, 0.00, 0.00, 'محروم', 0, 'محروم', NULL, NULL),
(448, '2531116', 29, 1, 1, 1, 0.00, 0.00, 0.00, 0.00, 'محروم', 0, 'محروم', NULL, NULL),
(449, '2531116', 34, 1, 1, 1, 0.00, 0.00, 0.00, 0.00, 'محروم', 0, 'محروم', NULL, NULL),
(450, '2531116', 32, 1, 1, 1, 0.00, 0.00, 0.00, 0.00, 'محروم', 0, 'محروم', NULL, NULL),
(451, '2531116', 35, 1, 1, 1, 0.00, 0.00, 0.00, 0.00, 'محروم', 0, 'محروم', NULL, NULL),
(452, '2531116', 33, 1, 1, 1, 0.00, 0.00, 0.00, 0.00, 'محروم', 0, 'محروم', NULL, NULL),
(453, '2531121', 31, 1, 1, 1, 21.00, 34.00, 55.00, 2.75, 'مقبول', 1, NULL, NULL, NULL),
(454, '2531121', 30, 1, 1, 1, 25.00, 30.00, 55.00, 2.75, 'مقبول', 1, NULL, NULL, NULL),
(455, '2531121', 29, 1, 1, 1, 24.00, 17.00, 0.00, 0.00, 'ضعيف', 0, NULL, NULL, NULL),
(456, '2531121', 34, 1, 1, 1, 27.00, 16.00, 0.00, 0.00, 'ضعيف', 0, NULL, NULL, NULL),
(457, '2531121', 32, 1, 1, 1, 20.00, 13.00, 0.00, 0.00, 'ضعيف', 0, NULL, NULL, NULL),
(458, '2531121', 35, 1, 1, 1, 38.00, 30.00, 68.00, 3.40, 'جيد', 1, NULL, NULL, NULL),
(459, '2531121', 33, 1, 1, 1, 27.00, 16.00, 0.00, 0.00, 'ضعيف', 0, NULL, NULL, NULL),
(460, '2532101', 25, 2, 1, 1, 30.00, 30.00, 60.00, 3.00, 'مقبول', 1, NULL, NULL, NULL),
(461, '2532101', 23, 2, 1, 1, 35.00, 43.00, 78.00, 3.90, 'جيد', 1, NULL, NULL, NULL),
(462, '2532101', 24, 2, 1, 1, 30.00, 39.00, 69.00, 3.45, 'جيد', 1, NULL, NULL, NULL),
(463, '2532101', 28, 2, 1, 1, 24.00, 43.00, 67.00, 3.35, 'جيد', 1, NULL, NULL, NULL),
(464, '2532101', 22, 2, 1, 1, 34.00, 34.00, 68.00, 3.40, 'جيد', 1, NULL, NULL, NULL),
(465, '2532101', 26, 2, 1, 1, 34.00, 41.00, 75.00, 3.75, 'جيد', 1, NULL, NULL, NULL),
(466, '2532101', 27, 2, 1, 1, 28.00, 37.00, 65.00, 3.25, 'جيد', 1, NULL, NULL, NULL),
(467, '2532102', 25, 2, 1, 1, 40.00, 35.00, 75.00, 3.75, 'جيد', 1, NULL, NULL, NULL),
(468, '2532102', 23, 2, 1, 1, 39.00, 51.00, 90.00, 4.50, 'ممتاز', 1, NULL, NULL, NULL),
(469, '2532102', 24, 2, 1, 1, 32.00, 48.00, 80.00, 4.00, 'جيد جدا', 1, NULL, NULL, NULL),
(470, '2532102', 28, 2, 1, 1, 30.00, 44.00, 74.00, 3.70, 'جيد', 1, NULL, NULL, NULL),
(471, '2532102', 22, 2, 1, 1, 34.00, 46.00, 80.00, 4.00, 'جيد جدا', 1, NULL, NULL, NULL),
(472, '2532102', 26, 2, 1, 1, 34.00, 53.00, 87.00, 4.35, 'جيد جدا', 1, NULL, NULL, NULL),
(473, '2532102', 27, 2, 1, 1, 36.00, 44.00, 80.00, 4.00, 'جيد جدا', 1, NULL, NULL, NULL),
(474, '2532104', 25, 2, 1, 1, 34.00, 38.00, 72.00, 3.60, 'جيد', 1, NULL, NULL, NULL),
(475, '2532104', 23, 2, 1, 1, 39.00, 48.00, 87.00, 4.35, 'جيد جدا', 1, NULL, NULL, NULL),
(476, '2532104', 24, 2, 1, 1, 34.00, 36.00, 70.00, 3.50, 'جيد', 1, NULL, NULL, NULL),
(477, '2532104', 28, 2, 1, 1, 33.00, 36.00, 69.00, 3.45, 'جيد', 1, NULL, NULL, NULL),
(478, '2532104', 22, 2, 1, 1, 30.00, 30.00, 60.00, 3.00, 'مقبول', 1, NULL, NULL, NULL),
(479, '2532104', 26, 2, 1, 1, 34.00, 34.00, 68.00, 3.40, 'جيد', 1, NULL, NULL, NULL),
(480, '2532104', 27, 2, 1, 1, 30.00, 32.00, 62.00, 3.10, 'مقبول', 1, NULL, NULL, NULL),
(481, '2532105', 25, 2, 1, 1, 40.00, 60.00, 100.00, 5.00, 'ممتاز', 1, NULL, NULL, NULL),
(482, '2532105', 23, 2, 1, 1, 40.00, 52.00, 92.00, 4.60, 'ممتاز', 1, NULL, NULL, NULL),
(483, '2532105', 24, 2, 1, 1, 40.00, 58.00, 98.00, 4.90, 'ممتاز', 1, NULL, NULL, NULL),
(484, '2532105', 28, 2, 1, 1, 40.00, 52.00, 92.00, 4.60, 'ممتاز', 1, NULL, NULL, NULL),
(485, '2532105', 22, 2, 1, 1, 34.00, 56.00, 90.00, 4.50, 'ممتاز', 1, NULL, NULL, NULL),
(486, '2532105', 26, 2, 1, 1, 39.00, 54.00, 93.00, 4.65, 'ممتاز', 1, NULL, NULL, NULL),
(487, '2532105', 27, 2, 1, 1, 38.00, 57.00, 95.00, 4.75, 'ممتاز', 1, NULL, NULL, NULL),
(488, '2532106', 25, 2, 1, 1, 27.00, 33.00, 60.00, 3.00, 'مقبول', 1, NULL, NULL, NULL),
(489, '2532106', 23, 2, 1, 1, 30.00, 15.00, 0.00, 0.00, 'ضعيف', 0, NULL, NULL, NULL),
(490, '2532106', 24, 2, 1, 1, 30.00, 35.00, 65.00, 3.25, 'جيد', 1, NULL, NULL, NULL),
(491, '2532106', 28, 2, 1, 1, 23.00, 41.00, 64.00, 3.20, 'مقبول', 1, NULL, NULL, NULL),
(492, '2532106', 22, 2, 1, 1, 30.00, 18.00, 0.00, 0.00, 'ضعيف', 0, NULL, NULL, NULL),
(493, '2532106', 26, 2, 1, 1, 28.00, 1.00, 0.00, 0.00, 'ضعيف', 0, NULL, NULL, NULL),
(494, '2532106', 27, 2, 1, 1, 29.00, 38.00, 67.00, 3.35, 'جيد', 1, NULL, NULL, NULL),
(495, '2532107', 25, 2, 1, 1, 39.00, 58.00, 97.00, 4.85, 'ممتاز', 1, NULL, NULL, NULL),
(496, '2532107', 23, 2, 1, 1, 40.00, 53.00, 93.00, 4.65, 'ممتاز', 1, NULL, NULL, NULL),
(497, '2532107', 24, 2, 1, 1, 40.00, 58.00, 98.00, 4.90, 'ممتاز', 1, NULL, NULL, NULL),
(498, '2532107', 28, 2, 1, 1, 33.00, 48.00, 81.00, 4.05, 'جيد جدا', 1, NULL, NULL, NULL),
(499, '2532107', 22, 2, 1, 1, 36.00, 50.00, 86.00, 4.30, 'جيد جدا', 1, NULL, NULL, NULL),
(500, '2532107', 26, 2, 1, 1, 36.00, 54.00, 90.00, 4.50, 'ممتاز', 1, NULL, NULL, NULL),
(501, '2532107', 27, 2, 1, 1, 38.00, 55.00, 93.00, 4.65, 'ممتاز', 1, NULL, NULL, NULL),
(502, '2532108', 25, 2, 1, 1, 0.00, 0.00, 0.00, 0.00, 'محروم', 0, 'محروم', NULL, NULL),
(503, '2532108', 23, 2, 1, 1, 0.00, 0.00, 0.00, 0.00, 'محروم', 0, 'محروم', NULL, NULL),
(504, '2532108', 24, 2, 1, 1, 0.00, 0.00, 0.00, 0.00, 'محروم', 0, 'محروم', NULL, NULL),
(505, '2532108', 28, 2, 1, 1, 0.00, 0.00, 0.00, 0.00, 'محروم', 0, 'محروم', NULL, NULL),
(506, '2532108', 22, 2, 1, 1, 0.00, 0.00, 0.00, 0.00, 'محروم', 0, 'محروم', NULL, NULL),
(507, '2532108', 26, 2, 1, 1, 0.00, 0.00, 0.00, 0.00, 'محروم', 0, 'محروم', NULL, NULL),
(508, '2532108', 27, 2, 1, 1, 0.00, 0.00, 0.00, 0.00, 'محروم', 0, 'محروم', NULL, NULL),
(509, '2532110', 25, 2, 1, 1, 34.00, 35.00, 69.00, 3.45, 'جيد', 1, NULL, NULL, NULL),
(510, '2532110', 23, 2, 1, 1, 27.00, 48.00, 75.00, 3.75, 'جيد', 1, NULL, NULL, NULL),
(511, '2532110', 24, 2, 1, 1, 28.00, 50.00, 78.00, 3.90, 'جيد', 1, NULL, NULL, NULL),
(512, '2532110', 28, 2, 1, 1, 20.00, 47.00, 67.00, 3.35, 'جيد', 1, NULL, NULL, NULL),
(513, '2532110', 22, 2, 1, 1, 25.00, 47.00, 72.00, 3.60, 'جيد', 1, NULL, NULL, NULL),
(514, '2532110', 26, 2, 1, 1, 20.00, 12.00, 0.00, 0.00, 'ضعيف', 0, NULL, NULL, NULL),
(515, '2532110', 27, 2, 1, 1, 27.00, 48.00, 75.00, 3.75, 'جيد', 1, NULL, NULL, NULL),
(516, '2532211', 25, 2, 1, 1, 27.00, 32.00, 59.00, 2.95, 'مقبول', 1, NULL, NULL, NULL),
(517, '2532211', 23, 2, 1, 1, 38.00, 49.00, 87.00, 4.35, 'جيد جدا', 1, NULL, NULL, NULL),
(518, '2532211', 24, 2, 1, 1, 36.00, 50.00, 86.00, 4.30, 'جيد جدا', 1, NULL, NULL, NULL),
(519, '2532211', 28, 2, 1, 1, 30.00, 35.00, 65.00, 3.25, 'جيد', 1, NULL, NULL, NULL),
(520, '2532211', 22, 2, 1, 1, 36.00, 40.00, 76.00, 3.80, 'جيد', 1, NULL, NULL, NULL),
(521, '2532211', 26, 2, 1, 1, 35.00, 30.00, 65.00, 3.25, 'جيد', 1, NULL, NULL, NULL),
(522, '2532211', 27, 2, 1, 1, 39.00, 45.00, 84.00, 4.20, 'جيد جدا', 1, NULL, NULL, NULL),
(523, '2532212', 25, 2, 1, 1, 34.00, 58.00, 92.00, 4.60, 'ممتاز', 1, NULL, NULL, NULL),
(524, '2532212', 23, 2, 1, 1, 38.00, 53.00, 91.00, 4.55, 'ممتاز', 1, NULL, NULL, NULL),
(525, '2532212', 24, 2, 1, 1, 37.00, 57.00, 94.00, 4.70, 'ممتاز', 1, NULL, NULL, NULL),
(526, '2532212', 28, 2, 1, 1, 30.00, 45.00, 75.00, 3.75, 'جيد', 1, NULL, NULL, NULL),
(527, '2532212', 22, 2, 1, 1, 39.00, 43.00, 82.00, 4.10, 'جيد جدا', 1, NULL, NULL, NULL),
(528, '2532212', 26, 2, 1, 1, 36.00, 49.00, 85.00, 4.25, 'جيد جدا', 1, NULL, NULL, NULL),
(529, '2532212', 27, 2, 1, 1, 35.00, 53.00, 88.00, 4.40, 'جيد جدا', 1, NULL, NULL, NULL),
(530, '2532113', 25, 2, 1, 1, 34.00, 41.00, 75.00, 3.75, 'جيد', 1, NULL, NULL, NULL),
(531, '2532113', 23, 2, 1, 1, 37.00, 56.00, 93.00, 4.65, 'ممتاز', 1, NULL, NULL, NULL),
(532, '2532113', 24, 2, 1, 1, 39.00, 56.00, 95.00, 4.75, 'ممتاز', 1, NULL, NULL, NULL),
(533, '2532113', 28, 2, 1, 1, 30.00, 46.00, 76.00, 3.80, 'جيد', 1, NULL, NULL, NULL),
(534, '2532113', 22, 2, 1, 1, 38.00, 52.00, 90.00, 4.50, 'ممتاز', 1, NULL, NULL, NULL),
(535, '2532113', 26, 2, 1, 1, 37.00, 47.00, 84.00, 4.20, 'جيد جدا', 1, NULL, NULL, NULL),
(536, '2532113', 27, 2, 1, 1, 40.00, 50.00, 90.00, 4.50, 'ممتاز', 1, NULL, NULL, NULL),
(537, '2532115', 25, 2, 1, 1, 0.00, 50.00, 50.00, 2.50, 'مقبول', 1, NULL, NULL, NULL),
(538, '2532115', 23, 2, 1, 1, 0.00, 50.00, 50.00, 2.50, 'مقبول', 1, NULL, NULL, NULL),
(539, '2532115', 24, 2, 1, 1, 30.00, 30.00, 60.00, 3.00, 'مقبول', 1, NULL, NULL, NULL),
(540, '2532115', 28, 2, 1, 1, 30.00, 41.00, 71.00, 3.55, 'جيد', 1, NULL, NULL, NULL),
(541, '2532115', 22, 2, 1, 1, 30.00, 30.00, 60.00, 3.00, 'مقبول', 1, NULL, NULL, NULL),
(542, '2532115', 26, 2, 1, 1, 25.00, 30.00, 55.00, 2.75, 'مقبول', 1, NULL, NULL, NULL),
(543, '2532115', 27, 2, 1, 1, 0.00, 50.00, 50.00, 2.50, 'مقبول', 1, NULL, NULL, NULL),
(544, '2532117', 25, 2, 1, 1, 23.00, 30.00, 53.00, 2.65, 'مقبول', 1, NULL, NULL, NULL),
(545, '2532117', 23, 2, 1, 1, 34.00, 31.00, 65.00, 3.25, 'جيد', 1, NULL, NULL, NULL),
(546, '2532117', 24, 2, 1, 1, 0.00, 50.00, 50.00, 2.50, 'مقبول', 1, NULL, NULL, NULL),
(547, '2532117', 28, 2, 1, 1, 27.00, 35.00, 62.00, 3.10, 'مقبول', 1, NULL, NULL, NULL),
(548, '2532117', 22, 2, 1, 1, 28.00, 30.00, 58.00, 2.90, 'مقبول', 1, NULL, NULL, NULL),
(549, '2532117', 26, 2, 1, 1, 0.00, 50.00, 50.00, 2.50, 'مقبول', 1, NULL, NULL, NULL),
(550, '2532117', 27, 2, 1, 1, 0.00, 50.00, 50.00, 2.50, 'مقبول', 1, NULL, NULL, NULL),
(551, '2532218', 25, 2, 1, 1, 39.00, 58.00, 97.00, 4.85, 'ممتاز', 1, NULL, NULL, NULL),
(552, '2532218', 23, 2, 1, 1, 39.00, 56.00, 95.00, 4.75, 'ممتاز', 1, NULL, NULL, NULL),
(553, '2532218', 24, 2, 1, 1, 38.00, 57.00, 95.00, 4.75, 'ممتاز', 1, NULL, NULL, NULL),
(554, '2532218', 28, 2, 1, 1, 40.00, 58.00, 98.00, 4.90, 'ممتاز', 1, NULL, NULL, NULL),
(555, '2532218', 22, 2, 1, 1, 37.00, 59.00, 96.00, 4.80, 'ممتاز', 1, NULL, NULL, NULL),
(556, '2532218', 26, 2, 1, 1, 38.00, 55.00, 93.00, 4.65, 'ممتاز', 1, NULL, NULL, NULL),
(557, '2532218', 27, 2, 1, 1, 40.00, 59.00, 99.00, 4.95, 'ممتاز', 1, NULL, NULL, NULL),
(558, '2532119', 25, 2, 1, 1, 36.00, 38.00, 74.00, 3.70, 'جيد', 1, NULL, NULL, NULL),
(559, '2532119', 23, 2, 1, 1, 34.00, 31.00, 65.00, 3.25, 'جيد', 1, NULL, NULL, NULL),
(560, '2532119', 24, 2, 1, 1, 39.00, 58.00, 97.00, 4.85, 'ممتاز', 1, NULL, NULL, NULL),
(561, '2532119', 28, 2, 1, 1, 40.00, 58.00, 98.00, 4.90, 'ممتاز', 1, NULL, NULL, NULL),
(562, '2532119', 22, 2, 1, 1, 39.00, 48.00, 87.00, 4.35, 'جيد جدا', 1, NULL, NULL, NULL),
(563, '2532119', 26, 2, 1, 1, 33.00, 47.00, 80.00, 4.00, 'جيد جدا', 1, NULL, NULL, NULL),
(564, '2532119', 27, 2, 1, 1, 40.00, 54.00, 94.00, 4.70, 'ممتاز', 1, NULL, NULL, NULL),
(565, '2532220', 25, 2, 1, 1, 29.00, 44.00, 73.00, 3.65, 'جيد', 1, NULL, NULL, NULL),
(566, '2532220', 23, 2, 1, 1, 38.00, 50.00, 88.00, 4.40, 'جيد جدا', 1, NULL, NULL, NULL),
(567, '2532220', 24, 2, 1, 1, 34.00, 46.00, 80.00, 4.00, 'جيد جدا', 1, NULL, NULL, NULL),
(568, '2532220', 28, 2, 1, 1, 32.00, 43.00, 75.00, 3.75, 'جيد', 1, NULL, NULL, NULL),
(569, '2532220', 22, 2, 1, 1, 35.00, 31.00, 66.00, 3.30, 'جيد', 1, NULL, NULL, NULL),
(570, '2532220', 26, 2, 1, 1, 36.00, 44.00, 80.00, 4.00, 'جيد جدا', 1, NULL, NULL, NULL),
(571, '2532220', 27, 2, 1, 1, 35.00, 45.00, 80.00, 4.00, 'جيد جدا', 1, NULL, NULL, NULL),
(572, '2531203', 39, 2, 1, 1, 37.00, 50.00, 87.00, 4.35, 'جيد جدا', 1, NULL, NULL, NULL),
(573, '2531203', 37, 2, 1, 1, 39.00, 55.00, 94.00, 4.70, 'ممتاز', 1, NULL, NULL, NULL),
(574, '2531203', 38, 2, 1, 1, 40.00, 58.00, 98.00, 4.90, 'ممتاز', 1, NULL, NULL, NULL),
(575, '2531203', 42, 2, 1, 1, 40.00, 52.00, 92.00, 4.60, 'ممتاز', 1, NULL, NULL, NULL),
(576, '2531203', 36, 2, 1, 1, 35.00, 59.00, 94.00, 4.70, 'ممتاز', 1, NULL, NULL, NULL),
(577, '2531203', 40, 2, 1, 1, 34.00, 56.00, 90.00, 4.50, 'ممتاز', 1, NULL, NULL, NULL),
(578, '2531203', 41, 2, 1, 1, 36.00, 59.00, 95.00, 4.75, 'ممتاز', 1, NULL, NULL, NULL),
(579, '2531109', 39, 2, 1, 1, 25.00, 34.00, 59.00, 2.95, 'مقبول', 1, NULL, NULL, NULL),
(580, '2531109', 37, 2, 1, 1, 28.00, 46.00, 74.00, 3.70, 'جيد', 1, NULL, NULL, NULL),
(581, '2531109', 38, 2, 1, 1, 36.00, 51.00, 87.00, 4.35, 'جيد جدا', 1, NULL, NULL, NULL),
(582, '2531109', 42, 2, 1, 1, 25.00, 41.00, 66.00, 3.30, 'جيد', 1, NULL, NULL, NULL),
(583, '2531109', 36, 2, 1, 1, 30.00, 30.00, 60.00, 3.00, 'مقبول', 1, NULL, NULL, NULL),
(584, '2531109', 40, 2, 1, 1, 29.00, 30.00, 59.00, 2.95, 'مقبول', 1, NULL, NULL, NULL);
INSERT INTO `grades` (`id`, `student_id`, `course_id`, `semester_id`, `academic_year_id`, `turn`, `gsemster`, `gexam`, `gfinal`, `gpa`, `letter_grade`, `result`, `note`, `created_at`, `updated_at`) VALUES
(585, '2531109', 41, 2, 1, 1, 33.00, 48.00, 81.00, 4.05, 'جيد جدا', 1, NULL, NULL, NULL),
(586, '2531114', 39, 2, 1, 1, 26.00, 16.00, 0.00, 0.00, 'ضعيف', 0, NULL, NULL, NULL),
(587, '2531114', 37, 2, 1, 1, 30.00, 16.00, 0.00, 0.00, 'ضعيف', 0, NULL, NULL, NULL),
(588, '2531114', 38, 2, 1, 1, 32.00, 26.00, 0.00, 0.00, 'ضعيف', 0, NULL, NULL, NULL),
(589, '2531114', 42, 2, 1, 1, 28.00, 40.00, 68.00, 3.40, 'جيد', 1, NULL, NULL, NULL),
(590, '2531114', 36, 2, 1, 1, 30.00, 19.00, 0.00, 0.00, 'ضعيف', 0, NULL, NULL, NULL),
(591, '2531114', 40, 2, 1, 1, 38.00, 12.00, 0.00, 0.00, 'ضعيف', 0, NULL, NULL, NULL),
(592, '2531114', 41, 2, 1, 1, 31.00, 20.00, 0.00, 0.00, 'ضعيف', 0, NULL, NULL, NULL),
(593, '2531116', 39, 2, 1, 1, 0.00, 0.00, 0.00, 0.00, 'محروم', 0, 'محروم', NULL, NULL),
(594, '2531116', 37, 2, 1, 1, 0.00, 0.00, 0.00, 0.00, 'محروم', 0, 'محروم', NULL, NULL),
(595, '2531116', 38, 2, 1, 1, 0.00, 0.00, 0.00, 0.00, 'محروم', 0, 'محروم', NULL, NULL),
(596, '2531116', 42, 2, 1, 1, 0.00, 0.00, 0.00, 0.00, 'محروم', 0, 'محروم', NULL, NULL),
(597, '2531116', 36, 2, 1, 1, 0.00, 0.00, 0.00, 0.00, 'محروم', 0, 'محروم', NULL, NULL),
(598, '2531116', 40, 2, 1, 1, 0.00, 0.00, 0.00, 0.00, 'محروم', 0, 'محروم', NULL, NULL),
(599, '2531116', 41, 2, 1, 1, 0.00, 0.00, 0.00, 0.00, 'محروم', 0, 'محروم', NULL, NULL),
(600, '2531121', 39, 2, 1, 1, 0.00, 0.00, 0.00, 0.00, 'محروم', 0, 'محروم', NULL, NULL),
(601, '2531121', 37, 2, 1, 1, 0.00, 0.00, 0.00, 0.00, 'محروم', 0, 'محروم', NULL, NULL),
(602, '2531121', 38, 2, 1, 1, 0.00, 0.00, 0.00, 0.00, 'محروم', 0, 'محروم', NULL, NULL),
(603, '2531121', 42, 2, 1, 1, 0.00, 0.00, 0.00, 0.00, 'محروم', 0, 'محروم', NULL, NULL),
(604, '2531121', 36, 2, 1, 1, 0.00, 0.00, 0.00, 0.00, 'محروم', 0, 'محروم', NULL, NULL),
(605, '2531121', 40, 2, 1, 1, 0.00, 0.00, 0.00, 0.00, 'محروم', 0, 'محروم', NULL, NULL),
(606, '2531121', 41, 2, 1, 1, 0.00, 0.00, 0.00, 0.00, 'محروم', 0, 'محروم', NULL, NULL),
(607, '2511101', 10, 2, 1, 1, 0.00, 0.00, 0.00, 0.00, 'محروم', 0, 'محروم', NULL, NULL),
(608, '2511101', 9, 2, 1, 1, 0.00, 0.00, 0.00, 0.00, 'محروم', 0, 'محروم', NULL, NULL),
(609, '2511101', 8, 2, 1, 1, 0.00, 0.00, 0.00, 0.00, 'محروم', 0, 'محروم', NULL, NULL),
(610, '2511101', 11, 2, 1, 1, 0.00, 0.00, 0.00, 0.00, 'محروم', 0, 'محروم', NULL, NULL),
(611, '2511101', 13, 2, 1, 1, 0.00, 0.00, 0.00, 0.00, 'محروم', 0, 'محروم', NULL, NULL),
(612, '2511101', 12, 2, 1, 1, 0.00, 0.00, 0.00, 0.00, 'محروم', 0, 'محروم', NULL, NULL),
(613, '2511101', 14, 2, 1, 1, 0.00, 0.00, 0.00, 0.00, 'محروم', 0, 'محروم', NULL, NULL),
(614, '2511202', 10, 2, 1, 1, 43.00, 34.00, 77.00, 3.85, 'جيد', 1, NULL, NULL, NULL),
(615, '2511202', 9, 2, 1, 1, 35.00, 45.00, 80.00, 4.00, 'جيد جدا', 1, NULL, NULL, NULL),
(616, '2511202', 8, 2, 1, 1, 36.00, 56.00, 92.00, 4.60, 'ممتاز', 1, NULL, NULL, NULL),
(617, '2511202', 11, 2, 1, 1, 47.00, 36.00, 83.00, 4.15, 'جيد جدا', 1, NULL, NULL, NULL),
(618, '2511202', 13, 2, 1, 1, 40.00, 50.00, 90.00, 4.50, 'ممتاز', 1, NULL, NULL, NULL),
(619, '2511202', 12, 2, 1, 1, 34.00, 49.00, 83.00, 4.15, 'جيد جدا', 1, NULL, NULL, NULL),
(620, '2511202', 14, 2, 1, 1, 40.00, 58.00, 98.00, 4.90, 'ممتاز', 1, NULL, NULL, NULL),
(621, '2511203', 10, 2, 1, 1, 37.00, 25.00, 62.00, 3.10, 'مقبول', 1, NULL, NULL, NULL),
(622, '2511203', 9, 2, 1, 1, 31.00, 30.00, 61.00, 3.05, 'مقبول', 1, NULL, NULL, NULL),
(623, '2511203', 8, 2, 1, 1, 36.00, 54.00, 90.00, 4.50, 'ممتاز', 1, NULL, NULL, NULL),
(624, '2511203', 11, 2, 1, 1, 46.00, 34.00, 80.00, 4.00, 'جيد جدا', 1, NULL, NULL, NULL),
(625, '2511203', 13, 2, 1, 1, 39.00, 39.00, 78.00, 3.90, 'جيد', 1, NULL, NULL, NULL),
(626, '2511203', 12, 2, 1, 1, 34.00, 44.00, 78.00, 3.90, 'جيد', 1, NULL, NULL, NULL),
(627, '2511203', 14, 2, 1, 1, 38.00, 57.00, 95.00, 4.75, 'ممتاز', 1, NULL, NULL, NULL),
(628, '2511204', 10, 2, 1, 1, 36.00, 34.00, 70.00, 3.50, 'جيد', 1, NULL, NULL, NULL),
(629, '2511204', 9, 2, 1, 1, 36.00, 50.00, 86.00, 4.30, 'جيد جدا', 1, NULL, NULL, NULL),
(630, '2511204', 8, 2, 1, 1, 38.00, 49.00, 87.00, 4.35, 'جيد جدا', 1, NULL, NULL, NULL),
(631, '2511204', 11, 2, 1, 1, 41.00, 42.00, 83.00, 4.15, 'جيد جدا', 1, NULL, NULL, NULL),
(632, '2511204', 13, 2, 1, 1, 39.00, 33.00, 72.00, 3.60, 'جيد', 1, NULL, NULL, NULL),
(633, '2511204', 12, 2, 1, 1, 38.00, 46.00, 84.00, 4.20, 'جيد جدا', 1, NULL, NULL, NULL),
(634, '2511204', 14, 2, 1, 1, 38.00, 57.00, 95.00, 4.75, 'ممتاز', 1, NULL, NULL, NULL),
(635, '2511205', 10, 2, 1, 1, 0.00, 65.00, 65.00, 3.25, 'مقبول', 1, NULL, NULL, NULL),
(636, '2511205', 9, 2, 1, 1, 35.00, 30.00, 65.00, 3.25, 'مقبول', 1, NULL, NULL, NULL),
(637, '2511205', 8, 2, 1, 1, 0.00, 65.00, 65.00, 3.25, 'مقبول', 1, NULL, NULL, NULL),
(638, '2511205', 11, 2, 1, 1, 32.00, 29.00, 61.00, 3.05, 'مقبول', 1, NULL, NULL, NULL),
(639, '2511205', 13, 2, 1, 1, 37.00, 33.00, 70.00, 3.50, 'جيد', 1, NULL, NULL, NULL),
(640, '2511205', 12, 2, 1, 1, 32.00, 44.00, 76.00, 3.80, 'جيد', 1, NULL, NULL, NULL),
(641, '2511205', 14, 2, 1, 1, 30.00, 50.00, 80.00, 4.00, 'جيد جدا', 1, NULL, NULL, NULL),
(642, '2511106', 10, 2, 1, 1, 43.00, 35.00, 78.00, 3.90, 'جيد', 1, NULL, NULL, NULL),
(643, '2511106', 9, 2, 1, 1, 40.00, 60.00, 100.00, 5.00, 'ممتاز', 1, NULL, NULL, NULL),
(644, '2511106', 8, 2, 1, 1, 40.00, 57.00, 97.00, 4.85, 'ممتاز', 1, NULL, NULL, NULL),
(645, '2511106', 11, 2, 1, 1, 47.00, 46.00, 93.00, 4.65, 'ممتاز', 1, NULL, NULL, NULL),
(646, '2511106', 13, 2, 1, 1, 40.00, 55.00, 95.00, 4.75, 'ممتاز', 1, NULL, NULL, NULL),
(647, '2511106', 12, 2, 1, 1, 38.00, 59.00, 97.00, 4.85, 'ممتاز', 1, NULL, NULL, NULL),
(648, '2511106', 14, 2, 1, 1, 40.00, 58.00, 98.00, 4.90, 'ممتاز', 1, NULL, NULL, NULL),
(649, '2511207', 10, 2, 1, 1, 38.00, 36.00, 74.00, 3.70, 'جيد', 1, NULL, NULL, NULL),
(650, '2511207', 9, 2, 1, 1, 38.00, 42.00, 80.00, 4.00, 'جيد جدا', 1, NULL, NULL, NULL),
(651, '2511207', 8, 2, 1, 1, 38.00, 56.00, 94.00, 4.70, 'ممتاز', 1, NULL, NULL, NULL),
(652, '2511207', 11, 2, 1, 1, 45.00, 46.00, 91.00, 4.55, 'ممتاز', 1, NULL, NULL, NULL),
(653, '2511207', 13, 2, 1, 1, 39.00, 47.00, 86.00, 4.30, 'جيد جدا', 1, NULL, NULL, NULL),
(654, '2511207', 12, 2, 1, 1, 37.00, 50.00, 87.00, 4.35, 'جيد جدا', 1, NULL, NULL, NULL),
(655, '2511207', 14, 2, 1, 1, 40.00, 60.00, 100.00, 5.00, 'ممتاز', 1, NULL, NULL, NULL),
(656, '2511108', 10, 2, 1, 1, 42.00, 36.00, 78.00, 3.90, 'جيد', 1, NULL, NULL, NULL),
(657, '2511108', 9, 2, 1, 1, 38.00, 56.00, 94.00, 4.70, 'ممتاز', 1, NULL, NULL, NULL),
(658, '2511108', 8, 2, 1, 1, 40.00, 56.00, 96.00, 4.80, 'ممتاز', 1, NULL, NULL, NULL),
(659, '2511108', 11, 2, 1, 1, 46.00, 48.00, 94.00, 4.70, 'ممتاز', 1, NULL, NULL, NULL),
(660, '2511108', 13, 2, 1, 1, 40.00, 48.00, 88.00, 4.40, 'جيد جدا', 1, NULL, NULL, NULL),
(661, '2511108', 12, 2, 1, 1, 35.00, 53.00, 88.00, 4.40, 'جيد جدا', 1, NULL, NULL, NULL),
(662, '2511108', 14, 2, 1, 1, 40.00, 58.00, 98.00, 4.90, 'ممتاز', 1, NULL, NULL, NULL),
(663, '2511109', 10, 2, 1, 1, 37.00, 35.00, 72.00, 3.60, 'جيد', 1, NULL, NULL, NULL),
(664, '2511109', 9, 2, 1, 1, 28.00, 46.00, 74.00, 3.70, 'جيد', 1, NULL, NULL, NULL),
(665, '2511109', 8, 2, 1, 1, 37.00, 50.00, 87.00, 4.35, 'جيد جدا', 1, NULL, NULL, NULL),
(666, '2511109', 11, 2, 1, 1, 41.00, 36.00, 77.00, 3.85, 'جيد', 1, NULL, NULL, NULL),
(667, '2511109', 13, 2, 1, 1, 37.00, 39.00, 76.00, 3.80, 'جيد', 1, NULL, NULL, NULL),
(668, '2511109', 12, 2, 1, 1, 35.00, 41.00, 76.00, 3.80, 'جيد', 1, NULL, NULL, NULL),
(669, '2511109', 14, 2, 1, 1, 38.00, 52.00, 90.00, 4.50, 'ممتاز', 1, NULL, NULL, NULL),
(670, '2511210', 10, 2, 1, 1, 44.00, 44.00, 88.00, 4.40, 'جيد جدا', 1, NULL, NULL, NULL),
(671, '2511210', 9, 2, 1, 1, 39.00, 58.00, 97.00, 4.85, 'ممتاز', 1, NULL, NULL, NULL),
(672, '2511210', 8, 2, 1, 1, 38.00, 55.00, 93.00, 4.65, 'ممتاز', 1, NULL, NULL, NULL),
(673, '2511210', 11, 2, 1, 1, 48.00, 48.00, 96.00, 4.80, 'ممتاز', 1, NULL, NULL, NULL),
(674, '2511210', 13, 2, 1, 1, 40.00, 51.00, 91.00, 4.55, 'ممتاز', 1, NULL, NULL, NULL),
(675, '2511210', 12, 2, 1, 1, 38.00, 54.00, 92.00, 4.60, 'ممتاز', 1, NULL, NULL, NULL),
(676, '2511210', 14, 2, 1, 1, 40.00, 58.00, 98.00, 4.90, 'ممتاز', 1, NULL, NULL, NULL),
(677, '2511211', 10, 2, 1, 1, 46.00, 44.00, 90.00, 4.50, 'ممتاز', 1, NULL, NULL, NULL),
(678, '2511211', 9, 2, 1, 1, 38.00, 56.00, 94.00, 4.70, 'ممتاز', 1, NULL, NULL, NULL),
(679, '2511211', 8, 2, 1, 1, 40.00, 58.00, 98.00, 4.90, 'ممتاز', 1, NULL, NULL, NULL),
(680, '2511211', 11, 2, 1, 1, 45.00, 49.00, 94.00, 4.70, 'ممتاز', 1, NULL, NULL, NULL),
(681, '2511211', 13, 2, 1, 1, 40.00, 43.00, 83.00, 4.15, 'جيد جدا', 1, NULL, NULL, NULL),
(682, '2511211', 12, 2, 1, 1, 39.00, 52.00, 91.00, 4.55, 'ممتاز', 1, NULL, NULL, NULL),
(683, '2511211', 14, 2, 1, 1, 40.00, 59.00, 99.00, 4.95, 'ممتاز', 1, NULL, NULL, NULL),
(684, '2511212', 10, 2, 1, 1, 38.00, 39.00, 77.00, 3.85, 'جيد', 1, NULL, NULL, NULL),
(685, '2511212', 9, 2, 1, 1, 38.00, 52.00, 90.00, 4.50, 'ممتاز', 1, NULL, NULL, NULL),
(686, '2511212', 8, 2, 1, 1, 36.00, 58.00, 94.00, 4.70, 'ممتاز', 1, NULL, NULL, NULL),
(687, '2511212', 11, 2, 1, 1, 38.00, 42.00, 80.00, 4.00, 'جيد جدا', 1, NULL, NULL, NULL),
(688, '2511212', 13, 2, 1, 1, 38.00, 46.00, 84.00, 4.20, 'جيد جدا', 1, NULL, NULL, NULL),
(689, '2511212', 12, 2, 1, 1, 37.00, 55.00, 92.00, 4.60, 'ممتاز', 1, NULL, NULL, NULL),
(690, '2511212', 14, 2, 1, 1, 38.00, 59.00, 97.00, 4.85, 'ممتاز', 1, NULL, NULL, NULL),
(691, '2511213', 10, 2, 1, 1, 38.00, 33.00, 71.00, 3.55, 'جيد', 1, NULL, NULL, NULL),
(692, '2511213', 9, 2, 1, 1, 30.00, 30.00, 60.00, 3.00, 'مقبول', 1, NULL, NULL, NULL),
(693, '2511213', 8, 2, 1, 1, 31.00, 41.00, 72.00, 3.60, 'جيد', 1, NULL, NULL, NULL),
(694, '2511213', 11, 2, 1, 1, 32.00, 29.00, 61.00, 3.05, 'مقبول', 1, NULL, NULL, NULL),
(695, '2511213', 13, 2, 1, 1, 38.00, 39.00, 77.00, 3.85, 'جيد', 1, NULL, NULL, NULL),
(696, '2511213', 12, 2, 1, 1, 27.00, 45.00, 72.00, 3.60, 'جيد', 1, NULL, NULL, NULL),
(697, '2511213', 14, 2, 1, 1, 34.00, 33.00, 67.00, 3.35, 'مقبول', 1, NULL, NULL, NULL),
(698, '2511214', 10, 2, 1, 1, 0.00, 65.00, 65.00, 3.25, 'مقبول', 1, NULL, NULL, NULL),
(699, '2511214', 9, 2, 1, 1, 30.00, 30.00, 60.00, 3.00, 'مقبول', 1, NULL, NULL, NULL),
(700, '2511214', 8, 2, 1, 1, 28.00, 34.00, 62.00, 3.10, 'مقبول', 1, NULL, NULL, NULL),
(701, '2511214', 11, 2, 1, 1, 0.00, 65.00, 65.00, 3.25, 'مقبول', 1, NULL, NULL, NULL),
(702, '2511214', 13, 2, 1, 1, 31.00, 32.00, 63.00, 3.15, 'مقبول', 1, NULL, NULL, NULL),
(703, '2511214', 12, 2, 1, 1, 31.00, 40.00, 71.00, 3.55, 'جيد', 1, NULL, NULL, NULL),
(704, '2511214', 14, 2, 1, 1, 26.00, 34.00, 60.00, 3.00, 'مقبول', 1, NULL, NULL, NULL),
(705, '2511215', 10, 2, 1, 1, 37.00, 25.00, 62.00, 3.10, 'مقبول', 1, NULL, NULL, NULL),
(706, '2511215', 9, 2, 1, 1, 35.00, 42.00, 77.00, 3.85, 'جيد', 1, NULL, NULL, NULL),
(707, '2511215', 8, 2, 1, 1, 36.00, 52.00, 88.00, 4.40, 'جيد جدا', 1, NULL, NULL, NULL),
(708, '2511215', 11, 2, 1, 1, 30.00, 14.00, 0.00, 0.00, 'ضعيف', 0, NULL, NULL, NULL),
(709, '2511215', 13, 2, 1, 1, 38.00, 42.00, 80.00, 4.00, 'جيد جدا', 1, NULL, NULL, NULL),
(710, '2511215', 12, 2, 1, 1, 34.00, 43.00, 77.00, 3.85, 'جيد', 1, NULL, NULL, NULL),
(711, '2511215', 14, 2, 1, 1, 40.00, 50.00, 90.00, 4.50, 'ممتاز', 1, NULL, NULL, NULL),
(712, '2511216', 10, 2, 1, 1, 36.00, 34.00, 70.00, 3.50, 'جيد', 1, NULL, NULL, NULL),
(713, '2511216', 9, 2, 1, 1, 35.00, 50.00, 85.00, 4.25, 'جيد جدا', 1, NULL, NULL, NULL),
(714, '2511216', 8, 2, 1, 1, 36.00, 60.00, 96.00, 4.80, 'ممتاز', 1, NULL, NULL, NULL),
(715, '2511216', 11, 2, 1, 1, 42.00, 42.00, 84.00, 4.20, 'جيد جدا', 1, NULL, NULL, NULL),
(716, '2511216', 13, 2, 1, 1, 40.00, 47.00, 87.00, 4.35, 'جيد جدا', 1, NULL, NULL, NULL),
(717, '2511216', 12, 2, 1, 1, 38.00, 49.00, 87.00, 4.35, 'جيد جدا', 1, NULL, NULL, NULL),
(718, '2511216', 14, 2, 1, 1, 40.00, 59.00, 99.00, 4.95, 'ممتاز', 1, NULL, NULL, NULL),
(719, '2511217', 10, 2, 1, 1, 0.00, 0.00, 0.00, 0.00, 'محروم', 0, 'محروم', NULL, NULL),
(720, '2511217', 9, 2, 1, 1, 0.00, 0.00, 0.00, 0.00, 'محروم', 0, 'محروم', NULL, NULL),
(721, '2511217', 8, 2, 1, 1, 0.00, 0.00, 0.00, 0.00, 'محروم', 0, 'محروم', NULL, NULL),
(722, '2511217', 11, 2, 1, 1, 0.00, 0.00, 0.00, 0.00, 'محروم', 0, 'محروم', NULL, NULL),
(723, '2511217', 13, 2, 1, 1, 0.00, 0.00, 0.00, 0.00, 'محروم', 0, 'محروم', NULL, NULL),
(724, '2511217', 12, 2, 1, 1, 0.00, 0.00, 0.00, 0.00, 'محروم', 0, 'محروم', NULL, NULL),
(725, '2511217', 14, 2, 1, 1, 0.00, 0.00, 0.00, 0.00, 'محروم', 0, 'محروم', NULL, NULL),
(726, '2511218', 10, 2, 1, 1, 41.00, 33.00, 74.00, 3.70, 'جيد', 1, NULL, NULL, NULL),
(727, '2511218', 9, 2, 1, 1, 39.00, 52.00, 91.00, 4.55, 'ممتاز', 1, NULL, NULL, NULL),
(728, '2511218', 8, 2, 1, 1, 34.00, 56.00, 90.00, 4.50, 'ممتاز', 1, NULL, NULL, NULL),
(729, '2511218', 11, 2, 1, 1, 44.00, 38.00, 82.00, 4.10, 'جيد جدا', 1, NULL, NULL, NULL),
(730, '2511218', 13, 2, 1, 1, 39.00, 44.00, 83.00, 4.15, 'جيد جدا', 1, NULL, NULL, NULL),
(731, '2511218', 12, 2, 1, 1, 35.00, 46.00, 81.00, 4.05, 'جيد جدا', 1, NULL, NULL, NULL),
(732, '2511218', 14, 2, 1, 1, 40.00, 59.00, 99.00, 4.95, 'ممتاز', 1, NULL, NULL, NULL),
(733, '2511219', 10, 2, 1, 1, 39.00, 33.00, 72.00, 3.60, 'جيد', 1, NULL, NULL, NULL),
(734, '2511219', 9, 2, 1, 1, 37.00, 34.00, 71.00, 3.55, 'جيد', 1, NULL, NULL, NULL),
(735, '2511219', 8, 2, 1, 1, 34.00, 57.00, 91.00, 4.55, 'ممتاز', 1, NULL, NULL, NULL),
(736, '2511219', 11, 2, 1, 1, 39.00, 34.00, 73.00, 3.65, 'جيد', 1, NULL, NULL, NULL),
(737, '2511219', 13, 2, 1, 1, 40.00, 40.00, 80.00, 4.00, 'جيد جدا', 1, NULL, NULL, NULL),
(738, '2511219', 12, 2, 1, 1, 36.00, 44.00, 80.00, 4.00, 'جيد جدا', 1, NULL, NULL, NULL),
(739, '2511219', 14, 2, 1, 1, 40.00, 53.00, 93.00, 4.65, 'ممتاز', 1, NULL, NULL, NULL),
(740, '2511220', 10, 2, 1, 1, 37.00, 33.00, 70.00, 3.50, 'جيد', 1, NULL, NULL, NULL),
(741, '2511220', 9, 2, 1, 1, 36.00, 44.00, 80.00, 4.00, 'جيد جدا', 1, NULL, NULL, NULL),
(742, '2511220', 8, 2, 1, 1, 40.00, 56.00, 96.00, 4.80, 'ممتاز', 1, NULL, NULL, NULL),
(743, '2511220', 11, 2, 1, 1, 40.00, 32.00, 72.00, 3.60, 'جيد', 1, NULL, NULL, NULL),
(744, '2511220', 13, 2, 1, 1, 36.00, 39.00, 75.00, 3.75, 'جيد', 1, NULL, NULL, NULL),
(745, '2511220', 12, 2, 1, 1, 31.00, 43.00, 74.00, 3.70, 'جيد', 1, NULL, NULL, NULL),
(746, '2511220', 14, 2, 1, 1, 40.00, 55.00, 95.00, 4.75, 'ممتاز', 1, NULL, NULL, NULL),
(747, '2511221', 10, 2, 1, 1, 35.00, 33.00, 68.00, 3.40, 'مقبول', 1, NULL, NULL, NULL),
(748, '2511221', 9, 2, 1, 1, 37.00, 36.00, 73.00, 3.65, 'جيد', 1, NULL, NULL, NULL),
(749, '2511221', 8, 2, 1, 1, 35.00, 43.00, 78.00, 3.90, 'جيد', 1, NULL, NULL, NULL),
(750, '2511221', 11, 2, 1, 1, 39.00, 26.00, 65.00, 3.25, 'مقبول', 1, NULL, NULL, NULL),
(751, '2511221', 13, 2, 1, 1, 38.00, 39.00, 77.00, 3.85, 'جيد', 1, NULL, NULL, NULL),
(752, '2511221', 12, 2, 1, 1, 33.00, 42.00, 75.00, 3.75, 'جيد', 1, NULL, NULL, NULL),
(753, '2511221', 14, 2, 1, 1, 38.00, 45.00, 83.00, 4.15, 'جيد جدا', 1, NULL, NULL, NULL),
(754, '2511122', 10, 2, 1, 1, 0.00, 0.00, 0.00, 0.00, 'محروم', 0, 'محروم', NULL, NULL),
(755, '2511122', 9, 2, 1, 1, 0.00, 0.00, 0.00, 0.00, 'محروم', 0, 'محروم', NULL, NULL),
(756, '2511122', 8, 2, 1, 1, 0.00, 0.00, 0.00, 0.00, 'محروم', 0, 'محروم', NULL, NULL),
(757, '2511122', 11, 2, 1, 1, 0.00, 0.00, 0.00, 0.00, 'محروم', 0, 'محروم', NULL, NULL),
(758, '2511122', 13, 2, 1, 1, 0.00, 0.00, 0.00, 0.00, 'محروم', 0, 'محروم', NULL, NULL),
(759, '2511122', 12, 2, 1, 1, 0.00, 0.00, 0.00, 0.00, 'محروم', 0, 'محروم', NULL, NULL),
(760, '2511122', 14, 2, 1, 1, 0.00, 0.00, 0.00, 0.00, 'محروم', 0, 'محروم', NULL, NULL),
(761, '2511123', 10, 2, 1, 1, 0.00, 65.00, 65.00, 3.25, 'مقبول', 1, NULL, NULL, NULL),
(762, '2511123', 9, 2, 1, 1, 32.00, 42.00, 74.00, 3.70, 'جيد', 1, NULL, NULL, NULL),
(763, '2511123', 8, 2, 1, 1, 32.00, 46.00, 78.00, 3.90, 'جيد', 1, NULL, NULL, NULL),
(764, '2511123', 11, 2, 1, 1, 32.00, 28.00, 60.00, 3.00, 'مقبول', 1, NULL, NULL, NULL),
(765, '2511123', 13, 2, 1, 1, 30.00, 32.00, 62.00, 3.10, 'مقبول', 1, NULL, NULL, NULL),
(766, '2511123', 12, 2, 1, 1, 26.00, 47.00, 73.00, 3.65, 'جيد', 1, NULL, NULL, NULL),
(767, '2511123', 14, 2, 1, 1, 33.00, 30.00, 63.00, 3.15, 'مقبول', 1, NULL, NULL, NULL),
(768, '2511224', 10, 2, 1, 1, 44.00, 43.00, 87.00, 4.35, 'جيد جدا', 1, NULL, NULL, NULL),
(769, '2511224', 9, 2, 1, 1, 38.00, 54.00, 92.00, 4.60, 'ممتاز', 1, NULL, NULL, NULL),
(770, '2511224', 8, 2, 1, 1, 38.00, 53.00, 91.00, 4.55, 'ممتاز', 1, NULL, NULL, NULL),
(771, '2511224', 11, 2, 1, 1, 44.00, 46.00, 90.00, 4.50, 'ممتاز', 1, NULL, NULL, NULL),
(772, '2511224', 13, 2, 1, 1, 40.00, 40.00, 80.00, 4.00, 'جيد جدا', 1, NULL, NULL, NULL),
(773, '2511224', 12, 2, 1, 1, 38.00, 48.00, 86.00, 4.30, 'جيد جدا', 1, NULL, NULL, NULL),
(774, '2511224', 14, 2, 1, 1, 40.00, 54.00, 94.00, 4.70, 'ممتاز', 1, NULL, NULL, NULL),
(775, '2521101', 64, 2, 1, 1, 25.00, 1.00, 0.00, 0.00, 'ضعيف', 0, NULL, NULL, NULL),
(776, '2521101', 62, 2, 1, 1, 27.00, 30.00, 57.00, 2.85, 'مقبول', 1, NULL, NULL, NULL),
(777, '2521101', 63, 2, 1, 1, 20.00, 51.00, 71.00, 3.55, 'جيد', 1, NULL, NULL, NULL),
(778, '2521101', 66, 2, 1, 1, 25.00, 0.00, 0.00, 0.00, 'غائب', 0, NULL, NULL, NULL),
(779, '2521101', 68, 2, 1, 1, 45.00, 27.00, 72.00, 3.60, 'جيد', 1, NULL, NULL, NULL),
(780, '2521101', 65, 2, 1, 1, 0.00, 50.00, 50.00, 2.50, 'مقبول', 1, NULL, NULL, NULL),
(781, '2521101', 67, 2, 1, 1, 20.00, 55.00, 75.00, 3.75, 'جيد', 1, NULL, NULL, NULL),
(782, '2521102', 64, 2, 1, 1, 25.00, 1.00, 0.00, 0.00, 'ضعيف', 0, NULL, NULL, NULL),
(783, '2521102', 62, 2, 1, 1, 0.00, 50.00, 50.00, 2.50, 'مقبول', 1, NULL, NULL, NULL),
(784, '2521102', 63, 2, 1, 1, 26.00, 46.00, 72.00, 3.60, 'جيد', 1, NULL, NULL, NULL),
(785, '2521102', 66, 2, 1, 1, 0.00, 12.00, 0.00, 0.00, 'ضعيف', 0, NULL, NULL, NULL),
(786, '2521102', 68, 2, 1, 1, 41.00, 28.00, 69.00, 3.45, 'جيد', 1, NULL, NULL, NULL),
(787, '2521102', 65, 2, 1, 1, 35.00, 28.00, 63.00, 3.15, 'مقبول', 1, NULL, NULL, NULL),
(788, '2521102', 67, 2, 1, 1, 24.00, 44.00, 68.00, 3.40, 'جيد', 1, NULL, NULL, NULL),
(789, '2521103', 64, 2, 1, 1, 35.00, 1.00, 0.00, 0.00, 'ضعيف', 0, NULL, NULL, NULL),
(790, '2521103', 62, 2, 1, 1, 0.00, 50.00, 50.00, 2.50, 'مقبول', 1, NULL, NULL, NULL),
(791, '2521103', 63, 2, 1, 1, 28.00, 41.00, 69.00, 3.45, 'جيد', 1, NULL, NULL, NULL),
(792, '2521103', 66, 2, 1, 1, 25.00, 0.00, 0.00, 0.00, 'غائب', 0, NULL, NULL, NULL),
(793, '2521103', 68, 2, 1, 1, 44.00, 25.00, 69.00, 3.45, 'جيد', 1, NULL, NULL, NULL),
(794, '2521103', 65, 2, 1, 1, 0.00, 50.00, 50.00, 2.50, 'مقبول', 1, NULL, NULL, NULL),
(795, '2521103', 67, 2, 1, 1, 27.00, 43.00, 70.00, 3.50, 'جيد', 1, NULL, NULL, NULL),
(796, '2521104', 64, 2, 1, 1, 30.00, 0.00, 0.00, 0.00, 'غائب', 0, NULL, NULL, NULL),
(797, '2521104', 62, 2, 1, 1, 0.00, 50.00, 50.00, 2.50, 'مقبول', 1, NULL, NULL, NULL),
(798, '2521104', 63, 2, 1, 1, 25.00, 35.00, 60.00, 3.00, 'مقبول', 1, NULL, NULL, NULL),
(799, '2521104', 66, 2, 1, 1, 0.00, 12.00, 0.00, 0.00, 'ضعيف', 0, NULL, NULL, NULL),
(800, '2521104', 68, 2, 1, 1, 0.00, 50.00, 50.00, 2.50, 'مقبول', 1, NULL, NULL, NULL),
(801, '2521104', 65, 2, 1, 1, 36.00, 37.00, 73.00, 3.65, 'جيد', 1, NULL, NULL, NULL),
(802, '2521104', 67, 2, 1, 1, 30.00, 32.00, 62.00, 3.10, 'مقبول', 1, NULL, NULL, NULL),
(803, '2521105', 64, 2, 1, 1, 40.00, 1.00, 0.00, 0.00, 'ضعيف', 0, NULL, NULL, NULL),
(804, '2521105', 62, 2, 1, 1, 35.00, 30.00, 65.00, 3.25, 'جيد', 1, NULL, NULL, NULL),
(805, '2521105', 63, 2, 1, 1, 34.00, 42.00, 76.00, 3.80, 'جيد', 1, NULL, NULL, NULL),
(806, '2521105', 66, 2, 1, 1, 0.00, 50.00, 50.00, 2.50, 'مقبول', 1, NULL, NULL, NULL),
(807, '2521105', 68, 2, 1, 1, 47.00, 35.00, 82.00, 4.10, 'جيد جدا', 1, NULL, NULL, NULL),
(808, '2521105', 65, 2, 1, 1, 0.00, 50.00, 50.00, 2.50, 'مقبول', 1, NULL, NULL, NULL),
(809, '2521105', 67, 2, 1, 1, 30.00, 46.00, 76.00, 3.80, 'جيد', 1, NULL, NULL, NULL),
(810, '2521106', 64, 2, 1, 1, 0.00, 0.00, 0.00, 0.00, 'محروم', 0, 'محروم', NULL, NULL),
(811, '2521106', 62, 2, 1, 1, 0.00, 0.00, 0.00, 0.00, 'محروم', 0, 'محروم', NULL, NULL),
(812, '2521106', 63, 2, 1, 1, 0.00, 0.00, 0.00, 0.00, 'محروم', 0, 'محروم', NULL, NULL),
(813, '2521106', 66, 2, 1, 1, 0.00, 0.00, 0.00, 0.00, 'محروم', 0, 'محروم', NULL, NULL),
(814, '2521106', 68, 2, 1, 1, 0.00, 0.00, 0.00, 0.00, 'محروم', 0, 'محروم', NULL, NULL),
(815, '2521106', 65, 2, 1, 1, 0.00, 0.00, 0.00, 0.00, 'محروم', 0, 'محروم', NULL, NULL),
(816, '2521106', 67, 2, 1, 1, 0.00, 0.00, 0.00, 0.00, 'محروم', 0, 'محروم', NULL, NULL),
(817, '2521107', 64, 2, 1, 1, 0.00, 50.00, 50.00, 2.50, 'مقبول', 1, NULL, NULL, NULL),
(818, '2521107', 62, 2, 1, 1, 27.00, 40.00, 67.00, 3.35, 'جيد', 1, NULL, NULL, NULL),
(819, '2521107', 63, 2, 1, 1, 33.00, 52.00, 85.00, 4.25, 'جيد جدا', 1, NULL, NULL, NULL),
(820, '2521107', 66, 2, 1, 1, 25.00, 21.00, 0.00, 0.00, 'ضعيف', 0, NULL, NULL, NULL),
(821, '2521107', 68, 2, 1, 1, 47.00, 28.00, 75.00, 3.75, 'جيد', 1, NULL, NULL, NULL),
(822, '2521107', 65, 2, 1, 1, 41.00, 34.00, 75.00, 3.75, 'جيد', 1, NULL, NULL, NULL),
(823, '2521107', 67, 2, 1, 1, 23.00, 30.00, 53.00, 2.65, 'مقبول', 1, NULL, NULL, NULL),
(824, '2521108', 64, 2, 1, 1, 0.00, 50.00, 50.00, 2.50, 'مقبول', 1, NULL, NULL, NULL),
(825, '2521108', 62, 2, 1, 1, 35.00, 30.00, 65.00, 3.25, 'جيد', 1, NULL, NULL, NULL),
(826, '2521108', 63, 2, 1, 1, 26.00, 37.00, 63.00, 3.15, 'مقبول', 1, NULL, NULL, NULL),
(827, '2521108', 66, 2, 1, 1, 25.00, 25.00, 50.00, 2.50, 'مقبول', 1, NULL, NULL, NULL),
(828, '2521108', 68, 2, 1, 1, 44.00, 31.00, 75.00, 3.75, 'جيد', 1, NULL, NULL, NULL),
(829, '2521108', 65, 2, 1, 1, 38.00, 32.00, 70.00, 3.50, 'جيد', 1, NULL, NULL, NULL),
(830, '2521108', 67, 2, 1, 1, 20.00, 36.00, 56.00, 2.80, 'مقبول', 1, NULL, NULL, NULL),
(831, '2521109', 64, 2, 1, 1, 0.00, 0.00, 0.00, 0.00, 'محروم', 0, 'محروم', NULL, NULL),
(832, '2521109', 62, 2, 1, 1, 0.00, 0.00, 0.00, 0.00, 'محروم', 0, 'محروم', NULL, NULL),
(833, '2521109', 63, 2, 1, 1, 0.00, 0.00, 0.00, 0.00, 'محروم', 0, 'محروم', NULL, NULL),
(834, '2521109', 66, 2, 1, 1, 0.00, 0.00, 0.00, 0.00, 'محروم', 0, 'محروم', NULL, NULL),
(835, '2521109', 68, 2, 1, 1, 0.00, 0.00, 0.00, 0.00, 'محروم', 0, 'محروم', NULL, NULL),
(836, '2521109', 65, 2, 1, 1, 0.00, 0.00, 0.00, 0.00, 'محروم', 0, 'محروم', NULL, NULL),
(837, '2521109', 67, 2, 1, 1, 23.00, 0.00, 0.00, 0.00, 'غائب', 0, NULL, NULL, NULL),
(838, '2521110', 64, 2, 1, 1, 35.00, 35.00, 70.00, 3.50, 'جيد', 1, NULL, NULL, NULL),
(839, '2521110', 62, 2, 1, 1, 36.00, 48.00, 84.00, 4.20, 'جيد جدا', 1, NULL, NULL, NULL),
(840, '2521110', 63, 2, 1, 1, 34.00, 46.00, 80.00, 4.00, 'جيد جدا', 1, NULL, NULL, NULL),
(841, '2521110', 66, 2, 1, 1, 32.00, 30.00, 62.00, 3.10, 'مقبول', 1, NULL, NULL, NULL),
(842, '2521110', 68, 2, 1, 1, 47.00, 36.00, 83.00, 4.15, 'جيد جدا', 1, NULL, NULL, NULL),
(843, '2521110', 65, 2, 1, 1, 50.00, 46.00, 96.00, 4.80, 'ممتاز', 1, NULL, NULL, NULL),
(844, '2521110', 67, 2, 1, 1, 36.00, 54.00, 90.00, 4.50, 'ممتاز', 1, NULL, NULL, NULL),
(845, '2521111', 64, 2, 1, 1, 40.00, 30.00, 70.00, 3.50, 'جيد', 1, NULL, NULL, NULL),
(846, '2521111', 62, 2, 1, 1, 32.00, 38.00, 70.00, 3.50, 'جيد', 1, NULL, NULL, NULL),
(847, '2521111', 63, 2, 1, 1, 35.00, 41.00, 76.00, 3.80, 'جيد', 1, NULL, NULL, NULL),
(848, '2521111', 66, 2, 1, 1, 26.00, 25.00, 51.00, 2.55, 'مقبول', 1, NULL, NULL, NULL),
(849, '2521111', 68, 2, 1, 1, 45.00, 32.00, 77.00, 3.85, 'جيد', 1, NULL, NULL, NULL),
(850, '2521111', 65, 2, 1, 1, 41.00, 29.00, 70.00, 3.50, 'جيد', 1, NULL, NULL, NULL),
(851, '2521111', 67, 2, 1, 1, 21.00, 30.00, 51.00, 2.55, 'مقبول', 1, NULL, NULL, NULL),
(852, '2521112', 64, 2, 1, 1, 39.00, 1.00, 0.00, 0.00, 'ضعيف', 0, NULL, NULL, NULL),
(853, '2521112', 62, 2, 1, 1, 31.00, 34.00, 65.00, 3.25, 'جيد', 1, NULL, NULL, NULL),
(854, '2521112', 63, 2, 1, 1, 0.00, 50.00, 50.00, 2.50, 'مقبول', 1, NULL, NULL, NULL),
(855, '2521112', 66, 2, 1, 1, 39.00, 17.00, 0.00, 0.00, 'ضعيف', 0, NULL, NULL, NULL),
(856, '2521112', 68, 2, 1, 1, 48.00, 42.00, 90.00, 4.50, 'ممتاز', 1, NULL, NULL, NULL),
(857, '2521112', 65, 2, 1, 1, 0.00, 50.00, 50.00, 2.50, 'مقبول', 1, NULL, NULL, NULL),
(858, '2521112', 67, 2, 1, 1, 30.00, 30.00, 60.00, 3.00, 'مقبول', 1, NULL, NULL, NULL),
(859, '2521113', 64, 2, 1, 1, 38.00, 46.00, 84.00, 4.20, 'جيد جدا', 1, NULL, NULL, NULL),
(860, '2521113', 62, 2, 1, 1, 30.00, 40.00, 70.00, 3.50, 'جيد', 1, NULL, NULL, NULL),
(861, '2521113', 63, 2, 1, 1, 34.00, 53.00, 87.00, 4.35, 'جيد جدا', 1, NULL, NULL, NULL),
(862, '2521113', 66, 2, 1, 1, 35.00, 25.00, 60.00, 3.00, 'مقبول', 1, NULL, NULL, NULL),
(863, '2521113', 68, 2, 1, 1, 46.00, 42.00, 88.00, 4.40, 'جيد جدا', 1, NULL, NULL, NULL),
(864, '2521113', 65, 2, 1, 1, 50.00, 43.00, 93.00, 4.65, 'ممتاز', 1, NULL, NULL, NULL),
(865, '2521113', 67, 2, 1, 1, 38.00, 43.00, 81.00, 4.05, 'جيد جدا', 1, NULL, NULL, NULL),
(866, '2521114', 64, 2, 1, 1, 39.00, 35.00, 74.00, 3.70, 'جيد', 1, NULL, NULL, NULL),
(867, '2521114', 62, 2, 1, 1, 39.00, 42.00, 81.00, 4.05, 'جيد جدا', 1, NULL, NULL, NULL),
(868, '2521114', 63, 2, 1, 1, 34.00, 53.00, 87.00, 4.35, 'جيد جدا', 1, NULL, NULL, NULL),
(869, '2521114', 66, 2, 1, 1, 34.00, 31.00, 65.00, 3.25, 'جيد', 1, NULL, NULL, NULL),
(870, '2521114', 68, 2, 1, 1, 49.00, 38.00, 87.00, 4.35, 'جيد جدا', 1, NULL, NULL, NULL),
(871, '2521114', 65, 2, 1, 1, 47.00, 41.00, 88.00, 4.40, 'جيد جدا', 1, NULL, NULL, NULL),
(872, '2521114', 67, 2, 1, 1, 40.00, 53.00, 93.00, 4.65, 'ممتاز', 1, NULL, NULL, NULL),
(873, '2521215', 64, 2, 1, 1, 25.00, 1.00, 0.00, 0.00, 'ضعيف', 0, NULL, NULL, NULL),
(874, '2521215', 62, 2, 1, 1, 35.00, 45.00, 80.00, 4.00, 'جيد جدا', 1, NULL, NULL, NULL),
(875, '2521215', 63, 2, 1, 1, 29.00, 46.00, 75.00, 3.75, 'جيد', 1, NULL, NULL, NULL),
(876, '2521215', 66, 2, 1, 1, 25.00, 12.00, 0.00, 0.00, 'ضعيف', 0, NULL, NULL, NULL),
(877, '2521215', 68, 2, 1, 1, 49.00, 35.00, 84.00, 4.20, 'جيد جدا', 1, NULL, NULL, NULL),
(878, '2521215', 65, 2, 1, 1, 41.00, 35.00, 76.00, 3.80, 'جيد', 1, NULL, NULL, NULL),
(879, '2521215', 67, 2, 1, 1, 0.00, 50.00, 50.00, 2.50, 'مقبول', 1, NULL, NULL, NULL),
(880, '2521216', 64, 2, 1, 1, 38.00, 60.00, 98.00, 4.90, 'ممتاز', 1, NULL, NULL, NULL),
(881, '2521216', 62, 2, 1, 1, 40.00, 60.00, 100.00, 5.00, 'ممتاز', 1, NULL, NULL, NULL),
(882, '2521216', 63, 2, 1, 1, 40.00, 58.00, 98.00, 4.90, 'ممتاز', 1, NULL, NULL, NULL),
(883, '2521216', 66, 2, 1, 1, 49.00, 50.00, 99.00, 4.95, 'ممتاز', 1, NULL, NULL, NULL),
(884, '2521216', 68, 2, 1, 1, 50.00, 48.00, 98.00, 4.90, 'ممتاز', 1, NULL, NULL, NULL),
(885, '2521216', 65, 2, 1, 1, 50.00, 50.00, 100.00, 5.00, 'ممتاز', 1, NULL, NULL, NULL),
(886, '2521216', 67, 2, 1, 1, 40.00, 59.00, 99.00, 4.95, 'ممتاز', 1, NULL, NULL, NULL),
(887, '2521217', 64, 2, 1, 1, 38.00, 3.00, 0.00, 0.00, 'ضعيف', 0, NULL, NULL, NULL),
(888, '2521217', 62, 2, 1, 1, 34.00, 32.00, 66.00, 3.30, 'جيد', 1, NULL, NULL, NULL),
(889, '2521217', 63, 2, 1, 1, 27.00, 47.00, 74.00, 3.70, 'جيد', 1, NULL, NULL, NULL),
(890, '2521217', 66, 2, 1, 1, 0.00, 50.00, 50.00, 2.50, 'مقبول', 1, NULL, NULL, NULL),
(891, '2521217', 68, 2, 1, 1, 50.00, 48.00, 98.00, 4.90, 'ممتاز', 1, NULL, NULL, NULL),
(892, '2521217', 65, 2, 1, 1, 49.00, 37.00, 86.00, 4.30, 'جيد جدا', 1, NULL, NULL, NULL),
(893, '2521217', 67, 2, 1, 1, 40.00, 47.00, 87.00, 4.35, 'جيد جدا', 1, NULL, NULL, NULL),
(894, '2521118', 64, 2, 1, 1, 30.00, 7.00, 0.00, 0.00, 'ضعيف', 0, NULL, NULL, NULL),
(895, '2521118', 62, 2, 1, 1, 0.00, 50.00, 50.00, 2.50, 'مقبول', 1, NULL, NULL, NULL),
(896, '2521118', 63, 2, 1, 1, 30.00, 41.00, 71.00, 3.55, 'جيد', 1, NULL, NULL, NULL),
(897, '2521118', 66, 2, 1, 1, 34.00, 18.00, 0.00, 0.00, 'ضعيف', 0, NULL, NULL, NULL),
(898, '2521118', 68, 2, 1, 1, 45.00, 31.00, 76.00, 3.80, 'جيد', 1, NULL, NULL, NULL),
(899, '2521118', 65, 2, 1, 1, 38.00, 33.00, 71.00, 3.55, 'جيد', 1, NULL, NULL, NULL),
(900, '2521118', 67, 2, 1, 1, 30.00, 30.00, 60.00, 3.00, 'مقبول', 1, NULL, NULL, NULL),
(901, '2521119', 64, 2, 1, 1, 25.00, 1.00, 0.00, 0.00, 'ضعيف', 0, NULL, NULL, NULL),
(902, '2521119', 62, 2, 1, 1, 0.00, 50.00, 50.00, 2.50, 'مقبول', 1, NULL, NULL, NULL),
(903, '2521119', 63, 2, 1, 1, 0.00, 50.00, 50.00, 2.50, 'مقبول', 1, NULL, NULL, NULL),
(904, '2521119', 66, 2, 1, 1, 32.00, 17.00, 0.00, 0.00, 'ضعيف', 0, NULL, NULL, NULL),
(905, '2521119', 68, 2, 1, 1, 43.00, 25.00, 68.00, 3.40, 'جيد', 1, NULL, NULL, NULL),
(906, '2521119', 65, 2, 1, 1, 38.00, 34.00, 72.00, 3.60, 'جيد', 1, NULL, NULL, NULL),
(907, '2521119', 67, 2, 1, 1, 25.00, 30.00, 55.00, 2.75, 'مقبول', 1, NULL, NULL, NULL),
(908, '2521220', 64, 2, 1, 1, 40.00, 60.00, 100.00, 5.00, 'ممتاز', 1, NULL, NULL, NULL),
(909, '2521220', 62, 2, 1, 1, 40.00, 60.00, 100.00, 5.00, 'ممتاز', 1, NULL, NULL, NULL),
(910, '2521220', 63, 2, 1, 1, 40.00, 59.00, 99.00, 4.95, 'ممتاز', 1, NULL, NULL, NULL),
(911, '2521220', 66, 2, 1, 1, 49.00, 50.00, 99.00, 4.95, 'ممتاز', 1, NULL, NULL, NULL),
(912, '2521220', 68, 2, 1, 1, 50.00, 50.00, 100.00, 5.00, 'ممتاز', 1, NULL, NULL, NULL),
(913, '2521220', 65, 2, 1, 1, 50.00, 50.00, 100.00, 5.00, 'ممتاز', 1, NULL, NULL, NULL),
(914, '2521220', 67, 2, 1, 1, 40.00, 60.00, 100.00, 5.00, 'ممتاز', 1, NULL, NULL, NULL),
(915, '2521221', 64, 2, 1, 1, 30.00, 13.00, 0.00, 0.00, 'ضعيف', 0, NULL, NULL, NULL),
(916, '2521221', 62, 2, 1, 1, 0.00, 50.00, 50.00, 2.50, 'مقبول', 1, NULL, NULL, NULL),
(917, '2521221', 63, 2, 1, 1, 34.00, 35.00, 69.00, 3.45, 'جيد', 1, NULL, NULL, NULL),
(918, '2521221', 66, 2, 1, 1, 0.00, 50.00, 50.00, 2.50, 'مقبول', 1, NULL, NULL, NULL),
(919, '2521221', 68, 2, 1, 1, 48.00, 46.00, 94.00, 4.70, 'ممتاز', 1, NULL, NULL, NULL),
(920, '2521221', 65, 2, 1, 1, 0.00, 50.00, 50.00, 2.50, 'مقبول', 1, NULL, NULL, NULL),
(921, '2521221', 67, 2, 1, 1, 28.00, 33.00, 61.00, 3.05, 'مقبول', 1, NULL, NULL, NULL),
(922, '2521122', 64, 2, 1, 1, 0.00, 0.00, 0.00, 0.00, 'محروم', 0, 'محروم', NULL, NULL),
(923, '2521122', 62, 2, 1, 1, 0.00, 0.00, 0.00, 0.00, 'محروم', 0, 'محروم', NULL, NULL),
(924, '2521122', 63, 2, 1, 1, 0.00, 0.00, 0.00, 0.00, 'محروم', 0, 'محروم', NULL, NULL),
(925, '2521122', 66, 2, 1, 1, 0.00, 0.00, 0.00, 0.00, 'محروم', 0, 'محروم', NULL, NULL),
(926, '2521122', 68, 2, 1, 1, 0.00, 0.00, 0.00, 0.00, 'محروم', 0, 'محروم', NULL, NULL),
(927, '2521122', 65, 2, 1, 1, 0.00, 0.00, 0.00, 0.00, 'محروم', 0, 'محروم', NULL, NULL),
(928, '2521122', 67, 2, 1, 1, 0.00, 0.00, 0.00, 0.00, 'محروم', 0, 'محروم', NULL, NULL),
(929, '2521123', 64, 2, 1, 1, 0.00, 0.00, 0.00, 0.00, 'محروم', 0, 'محروم', NULL, NULL),
(930, '2521123', 62, 2, 1, 1, 0.00, 0.00, 0.00, 0.00, 'محروم', 0, 'محروم', NULL, NULL),
(931, '2521123', 63, 2, 1, 1, 0.00, 0.00, 0.00, 0.00, 'محروم', 0, 'محروم', NULL, NULL),
(932, '2521123', 66, 2, 1, 1, 0.00, 0.00, 0.00, 0.00, 'محروم', 0, 'محروم', NULL, NULL),
(933, '2521123', 68, 2, 1, 1, 0.00, 0.00, 0.00, 0.00, 'محروم', 0, 'محروم', NULL, NULL),
(934, '2521123', 65, 2, 1, 1, 0.00, 0.00, 0.00, 0.00, 'محروم', 0, 'محروم', NULL, NULL),
(935, '2521123', 67, 2, 1, 1, 0.00, 0.00, 0.00, 0.00, 'محروم', 0, 'محروم', NULL, NULL),
(936, '2521124', 64, 2, 1, 1, 25.00, 1.00, 0.00, 0.00, 'ضعيف', 0, NULL, NULL, NULL),
(937, '2521124', 62, 2, 1, 1, 23.00, 34.00, 57.00, 2.85, 'مقبول', 1, NULL, NULL, NULL),
(938, '2521124', 63, 2, 1, 1, 20.00, 45.00, 65.00, 3.25, 'جيد', 1, NULL, NULL, NULL),
(939, '2521124', 66, 2, 1, 1, 25.00, 0.00, 0.00, 0.00, 'غائب', 0, NULL, NULL, NULL),
(940, '2521124', 68, 2, 1, 1, 45.00, 32.00, 77.00, 3.85, 'جيد', 1, NULL, NULL, NULL),
(941, '2521124', 65, 2, 1, 1, 38.00, 25.00, 63.00, 3.15, 'مقبول', 1, NULL, NULL, NULL),
(942, '2521124', 67, 2, 1, 1, 25.00, 30.00, 55.00, 2.75, 'مقبول', 1, NULL, NULL, NULL),
(943, '2511202', 55, 3, 2, 1, 39.00, 60.00, 99.00, 4.95, 'ممتاز', 1, NULL, '2026-01-04 09:23:53', '2026-01-04 09:23:53'),
(944, '2511203', 55, 3, 2, 1, 37.00, 53.00, 90.00, 4.50, 'ممتاز', 1, NULL, '2026-01-04 09:23:53', '2026-01-04 09:23:53'),
(945, '2511204', 55, 3, 2, 1, 40.00, 46.00, 86.00, 4.30, 'جيد جدا', 1, NULL, '2026-01-04 09:23:53', '2026-01-04 09:23:53'),
(946, '2511205', 55, 3, 2, 1, 33.00, 42.00, 75.00, 3.75, 'جيد', 1, NULL, '2026-01-04 09:23:53', '2026-01-04 09:23:53'),
(947, '2511106', 55, 3, 2, 1, 39.00, 60.00, 99.00, 4.95, 'ممتاز', 1, NULL, '2026-01-04 09:23:53', '2026-01-04 09:23:53'),
(948, '2511207', 55, 3, 2, 1, 39.00, 58.00, 97.00, 4.85, 'ممتاز', 1, NULL, '2026-01-04 09:23:53', '2026-01-04 09:23:53'),
(949, '2511108', 55, 3, 2, 1, 40.00, 58.00, 98.00, 4.90, 'ممتاز', 1, NULL, '2026-01-04 09:23:53', '2026-01-04 09:23:53'),
(950, '2511109', 55, 3, 2, 1, 40.00, 40.00, 80.00, 4.00, 'جيد جدا', 1, NULL, '2026-01-04 09:23:53', '2026-01-04 09:23:53'),
(951, '2511210', 55, 3, 2, 1, 39.00, 60.00, 99.00, 4.95, 'ممتاز', 1, NULL, '2026-01-04 09:23:53', '2026-01-04 09:23:53'),
(952, '2511211', 55, 3, 2, 1, 40.00, 60.00, 100.00, 5.00, 'ممتاز', 1, NULL, '2026-01-04 09:23:53', '2026-01-04 09:23:53'),
(953, '2511212', 55, 3, 2, 1, 40.00, 60.00, 100.00, 5.00, 'ممتاز', 1, NULL, '2026-01-04 09:23:53', '2026-01-04 09:23:53'),
(954, '2511213', 55, 3, 2, 1, 34.00, 31.00, 65.00, 3.25, 'مقبول', 1, NULL, '2026-01-04 09:23:53', '2026-01-25 08:28:08'),
(955, '2511214', 55, 3, 2, 1, 38.00, 30.00, 68.00, 3.40, 'مقبول', 1, NULL, '2026-01-04 09:23:53', '2026-01-25 08:28:08'),
(956, '2511215', 55, 3, 2, 1, 40.00, 46.00, 86.00, 4.30, 'جيد جدا', 1, NULL, '2026-01-04 09:23:53', '2026-01-04 09:23:53'),
(957, '2511216', 55, 3, 2, 1, 38.00, 53.00, 91.00, 4.55, 'ممتاز', 1, NULL, '2026-01-04 09:23:53', '2026-01-04 09:23:53'),
(958, '2511218', 55, 3, 2, 1, 40.00, 50.00, 90.00, 4.50, 'ممتاز', 1, NULL, '2026-01-04 09:23:53', '2026-01-04 09:23:53'),
(959, '2511219', 55, 3, 2, 1, 37.00, 30.00, 67.00, 3.35, 'مقبول', 1, NULL, '2026-01-04 09:23:53', '2026-01-04 09:23:53'),
(960, '2511220', 55, 3, 2, 1, 40.00, 37.00, 77.00, 3.85, 'جيد', 1, NULL, '2026-01-04 09:23:53', '2026-01-04 09:23:53'),
(961, '2511221', 55, 3, 2, 1, 35.00, 0.00, 0.00, 0.00, 'غائب', 0, NULL, '2026-01-04 09:23:53', '2026-01-04 09:23:53'),
(962, '2511123', 55, 3, 2, 1, 35.00, 31.00, 66.00, 3.30, 'مقبول', 1, NULL, '2026-01-04 09:23:53', '2026-01-04 09:23:53'),
(963, '2621201', 59, 1, 2, 1, 30.00, 30.00, 60.00, 3.00, 'مقبول', 1, NULL, '2026-01-04 09:35:26', '2026-01-04 09:35:26'),
(964, '2621102', 59, 1, 2, 1, 40.00, 54.00, 94.00, 4.70, 'ممتاز', 1, NULL, '2026-01-04 09:35:26', '2026-01-04 09:35:26'),
(965, '2621103', 59, 1, 2, 1, 35.00, 43.00, 78.00, 3.90, 'جيد', 1, NULL, '2026-01-04 09:35:26', '2026-01-04 09:35:26'),
(966, '2621204', 59, 1, 2, 1, 30.00, 12.00, 0.00, 0.00, 'ضعيف', 0, NULL, '2026-01-04 09:35:26', '2026-01-04 09:38:55'),
(967, '2621105', 59, 1, 2, 1, 35.00, 30.00, 65.00, 3.25, 'جيد', 1, NULL, '2026-01-04 09:35:26', '2026-01-04 09:35:26'),
(968, '2621106', 59, 1, 2, 1, 33.00, 0.00, 0.00, 0.00, 'غائب', 0, NULL, '2026-01-04 09:35:26', '2026-01-04 09:35:26'),
(969, '2621207', 59, 1, 2, 1, 38.00, 46.00, 84.00, 4.20, 'جيد جدا', 1, NULL, '2026-01-04 09:35:26', '2026-01-04 09:35:26'),
(970, '2621108', 59, 1, 2, 1, 31.00, 6.00, 0.00, 0.00, 'ضعيف', 0, NULL, '2026-01-04 09:35:26', '2026-01-04 09:35:26'),
(971, '2621109', 59, 1, 2, 1, 30.00, 6.00, 0.00, 0.00, 'ضعيف', 0, NULL, '2026-01-04 09:35:26', '2026-01-04 09:35:26'),
(972, '2621210', 59, 1, 2, 1, 37.00, 30.00, 67.00, 3.35, 'جيد', 1, NULL, '2026-01-04 09:35:26', '2026-01-04 09:35:26'),
(973, '2621111', 59, 1, 2, 1, 36.00, 40.00, 76.00, 3.80, 'جيد', 1, NULL, '2026-01-04 09:35:26', '2026-01-04 09:35:26'),
(974, '2621212', 59, 1, 2, 1, 40.00, 54.00, 94.00, 4.70, 'ممتاز', 1, NULL, '2026-01-04 09:35:26', '2026-01-04 09:35:26'),
(975, '2621113', 59, 1, 2, 1, 25.00, 11.00, 0.00, 0.00, 'ضعيف', 0, NULL, '2026-01-04 09:35:26', '2026-01-04 09:35:26'),
(976, '2621114', 59, 1, 2, 1, 33.00, 36.00, 69.00, 3.45, 'جيد', 1, NULL, '2026-01-04 09:35:26', '2026-01-04 09:35:26'),
(977, '2621115', 59, 1, 2, 1, 25.00, 0.00, 0.00, 0.00, 'غائب', 0, NULL, '2026-01-04 09:35:26', '2026-01-04 09:35:26'),
(978, '2621116', 59, 1, 2, 1, 30.00, 0.00, 0.00, 0.00, 'غائب', 0, NULL, '2026-01-04 09:35:26', '2026-01-04 09:35:26'),
(979, '2621117', 59, 1, 2, 1, 25.00, 0.00, 0.00, 0.00, 'غائب', 0, NULL, '2026-01-04 09:35:26', '2026-01-04 09:35:26'),
(980, '2621218', 59, 1, 2, 1, 32.00, 30.00, 62.00, 3.10, 'مقبول', 1, NULL, '2026-01-04 09:35:26', '2026-01-04 09:35:26'),
(981, '2532101', 48, 3, 2, 1, 32.00, 36.00, 68.00, 3.40, 'جيد', 1, NULL, '2026-01-04 10:50:30', '2026-01-04 10:50:30'),
(982, '2532102', 48, 3, 2, 1, 36.00, 54.00, 90.00, 4.50, 'ممتاز', 1, NULL, '2026-01-04 10:50:30', '2026-01-04 10:50:30'),
(983, '2531203', 48, 3, 2, 1, 36.00, 57.00, 93.00, 4.65, 'ممتاز', 1, NULL, '2026-01-04 10:50:30', '2026-01-04 10:50:30'),
(984, '2532104', 48, 3, 2, 1, 27.00, 33.00, 60.00, 3.00, 'مقبول', 1, NULL, '2026-01-04 10:50:30', '2026-01-04 10:50:30'),
(985, '2532105', 48, 3, 2, 1, 37.00, 57.00, 94.00, 4.70, 'ممتاز', 1, NULL, '2026-01-04 10:50:30', '2026-01-04 10:50:30'),
(986, '2532107', 48, 3, 2, 1, 40.00, 58.00, 98.00, 4.90, 'ممتاز', 1, NULL, '2026-01-04 10:50:30', '2026-01-04 10:50:30'),
(987, '2531109', 48, 3, 2, 1, 30.00, 50.00, 80.00, 4.00, 'جيد جدا', 1, NULL, '2026-01-04 10:50:30', '2026-01-04 10:50:30'),
(988, '2532110', 48, 3, 2, 1, 30.00, 50.00, 80.00, 4.00, 'جيد جدا', 1, NULL, '2026-01-04 10:50:30', '2026-01-04 10:50:30'),
(989, '2532211', 48, 3, 2, 1, 37.00, 56.00, 93.00, 4.65, 'ممتاز', 1, NULL, '2026-01-04 10:50:30', '2026-01-04 10:50:30'),
(990, '2532212', 48, 3, 2, 1, 38.00, 59.00, 97.00, 4.85, 'ممتاز', 1, NULL, '2026-01-04 10:50:30', '2026-01-04 10:50:30'),
(991, '2532113', 48, 3, 2, 1, 36.00, 54.00, 90.00, 4.50, 'ممتاز', 1, NULL, '2026-01-04 10:50:30', '2026-01-04 10:50:30'),
(992, '2532115', 48, 3, 2, 1, 20.00, 15.00, 0.00, 0.00, 'ضعيف', 0, NULL, '2026-01-04 10:50:30', '2026-01-04 10:50:30'),
(993, '2532117', 48, 3, 2, 1, 27.00, 0.00, 0.00, 0.00, 'غائب', 0, NULL, '2026-01-04 10:50:30', '2026-01-04 10:50:30'),
(994, '2532218', 48, 3, 2, 1, 40.00, 59.00, 99.00, 4.95, 'ممتاز', 1, NULL, '2026-01-04 10:50:30', '2026-01-04 10:50:30'),
(995, '2532119', 48, 3, 2, 1, 38.00, 52.00, 90.00, 4.50, 'ممتاز', 1, NULL, '2026-01-04 10:50:30', '2026-01-04 10:50:30'),
(996, '2532220', 48, 3, 2, 1, 33.00, 42.00, 75.00, 3.75, 'جيد', 1, NULL, '2026-01-04 10:50:30', '2026-01-04 10:50:30'),
(997, '2511202', 52, 3, 2, 1, 40.00, 30.00, 70.00, 3.50, 'جيد', 1, NULL, '2026-01-05 06:39:48', '2026-01-05 06:39:48'),
(998, '2511203', 52, 3, 2, 1, 37.00, 18.00, 0.00, 0.00, 'ضعيف', 0, NULL, '2026-01-05 06:39:48', '2026-01-05 06:39:48'),
(999, '2511204', 52, 3, 2, 1, 38.00, 28.00, 66.00, 3.30, 'مقبول', 1, NULL, '2026-01-05 06:39:48', '2026-01-05 06:39:48'),
(1000, '2511205', 52, 3, 2, 1, 34.00, 13.00, 0.00, 0.00, 'ضعيف', 0, NULL, '2026-01-05 06:39:48', '2026-01-05 06:39:48'),
(1001, '2511106', 52, 3, 2, 1, 45.00, 45.00, 90.00, 4.50, 'ممتاز', 1, NULL, '2026-01-05 06:39:48', '2026-01-05 06:39:48'),
(1002, '2511207', 52, 3, 2, 1, 42.00, 31.00, 73.00, 3.65, 'جيد', 1, NULL, '2026-01-05 06:39:48', '2026-01-05 06:39:48'),
(1003, '2511108', 52, 3, 2, 1, 41.00, 41.00, 82.00, 4.10, 'جيد جدا', 1, NULL, '2026-01-05 06:39:48', '2026-01-05 06:39:48'),
(1004, '2511109', 52, 3, 2, 1, 41.00, 30.00, 71.00, 3.55, 'جيد', 1, NULL, '2026-01-05 06:39:48', '2026-01-05 06:39:48'),
(1005, '2511210', 52, 3, 2, 1, 47.00, 43.00, 90.00, 4.50, 'ممتاز', 1, NULL, '2026-01-05 06:39:48', '2026-01-05 06:39:48'),
(1006, '2511211', 52, 3, 2, 1, 41.00, 36.00, 77.00, 3.85, 'جيد', 1, NULL, '2026-01-05 06:39:48', '2026-01-05 06:39:48'),
(1007, '2511212', 52, 3, 2, 1, 42.00, 30.00, 72.00, 3.60, 'جيد', 1, NULL, '2026-01-05 06:39:48', '2026-01-05 06:39:48'),
(1008, '2511213', 52, 3, 2, 1, 36.00, 30.00, 66.00, 3.30, 'مقبول', 1, NULL, '2026-01-05 06:39:48', '2026-01-05 06:39:48'),
(1009, '2511214', 52, 3, 2, 1, 41.00, 25.00, 66.00, 3.30, 'مقبول', 1, NULL, '2026-01-05 06:39:48', '2026-01-05 06:39:48'),
(1010, '2511215', 52, 3, 2, 1, 38.00, 16.00, 0.00, 0.00, 'ضعيف', 0, NULL, '2026-01-05 06:39:48', '2026-01-05 06:39:48'),
(1011, '2511216', 52, 3, 2, 1, 38.00, 28.00, 66.00, 3.30, 'مقبول', 1, NULL, '2026-01-05 06:39:48', '2026-01-05 06:39:48'),
(1012, '2511218', 52, 3, 2, 1, 38.00, 27.00, 65.00, 3.25, 'مقبول', 1, NULL, '2026-01-05 06:39:48', '2026-01-05 06:39:48'),
(1013, '2511219', 52, 3, 2, 1, 38.00, 27.00, 65.00, 3.25, 'مقبول', 1, NULL, '2026-01-05 06:39:48', '2026-01-05 06:39:48'),
(1014, '2511220', 52, 3, 2, 1, 38.00, 27.00, 65.00, 3.25, 'مقبول', 1, NULL, '2026-01-05 06:39:48', '2026-01-05 06:39:48'),
(1015, '2511221', 52, 3, 2, 1, 0.00, 0.00, 0.00, 0.00, 'محروم', 0, NULL, '2026-01-05 06:39:48', '2026-01-05 06:39:48'),
(1016, '2511123', 52, 3, 2, 1, 33.00, 22.00, 0.00, 0.00, 'ضعيف', 0, NULL, '2026-01-05 06:39:48', '2026-01-05 06:39:48'),
(1017, '2532101', 44, 3, 2, 1, 33.00, 40.00, 73.00, 3.65, 'جيد', 1, NULL, '2026-01-05 06:59:47', '2026-01-05 06:59:47'),
(1018, '2532102', 44, 3, 2, 1, 35.00, 42.00, 77.00, 3.85, 'جيد', 1, NULL, '2026-01-05 06:59:47', '2026-01-05 06:59:47'),
(1019, '2531203', 44, 3, 2, 1, 38.00, 53.00, 91.00, 4.55, 'ممتاز', 1, NULL, '2026-01-05 06:59:47', '2026-01-05 06:59:47'),
(1020, '2532104', 44, 3, 2, 1, 30.00, 30.00, 60.00, 3.00, 'مقبول', 1, NULL, '2026-01-05 06:59:47', '2026-01-05 06:59:47'),
(1021, '2532105', 44, 3, 2, 1, 37.00, 55.00, 92.00, 4.60, 'ممتاز', 1, NULL, '2026-01-05 06:59:47', '2026-01-05 06:59:47'),
(1022, '2532107', 44, 3, 2, 1, 38.00, 44.00, 82.00, 4.10, 'جيد جدا', 1, NULL, '2026-01-05 06:59:47', '2026-01-05 06:59:47'),
(1023, '2531109', 44, 3, 2, 1, 29.00, 30.00, 59.00, 2.95, 'مقبول', 1, NULL, '2026-01-05 06:59:47', '2026-01-05 06:59:47'),
(1024, '2532110', 44, 3, 2, 1, 20.00, 34.00, 54.00, 2.70, 'مقبول', 1, NULL, '2026-01-05 06:59:47', '2026-01-05 06:59:47'),
(1025, '2532211', 44, 3, 2, 1, 31.00, 40.00, 71.00, 3.55, 'جيد', 1, NULL, '2026-01-05 06:59:47', '2026-01-05 06:59:47'),
(1026, '2532212', 44, 3, 2, 1, 36.00, 55.00, 91.00, 4.55, 'ممتاز', 1, NULL, '2026-01-05 06:59:47', '2026-01-05 06:59:47'),
(1027, '2532113', 44, 3, 2, 1, 33.00, 40.00, 73.00, 3.65, 'جيد', 1, NULL, '2026-01-05 06:59:47', '2026-01-05 06:59:47'),
(1028, '2532115', 44, 3, 2, 1, 26.00, 30.00, 56.00, 2.80, 'مقبول', 1, NULL, '2026-01-05 06:59:48', '2026-01-05 06:59:48'),
(1029, '2532117', 44, 3, 2, 1, 27.00, 30.00, 57.00, 2.85, 'مقبول', 1, NULL, '2026-01-05 06:59:48', '2026-01-05 06:59:48'),
(1030, '2532218', 44, 3, 2, 1, 38.00, 50.00, 88.00, 4.40, 'جيد جدا', 1, NULL, '2026-01-05 06:59:48', '2026-01-05 06:59:48'),
(1031, '2532119', 44, 3, 2, 1, 39.00, 42.00, 81.00, 4.05, 'جيد جدا', 1, NULL, '2026-01-05 06:59:48', '2026-01-05 06:59:48'),
(1032, '2532220', 44, 3, 2, 1, 32.00, 43.00, 75.00, 3.75, 'جيد', 1, NULL, '2026-01-05 06:59:48', '2026-01-05 06:59:48'),
(1033, '2632101', 19, 1, 2, 1, 0.00, 0.00, 0.00, 0.00, 'محروم', 0, NULL, '2026-01-05 07:08:24', '2026-01-05 07:08:24'),
(1034, '2632102', 19, 1, 2, 1, 30.00, 15.00, 0.00, 0.00, 'ضعيف', 0, NULL, '2026-01-05 07:08:24', '2026-01-05 07:08:24'),
(1035, '2632203', 19, 1, 2, 1, 30.00, 30.00, 60.00, 3.00, 'مقبول', 1, NULL, '2026-01-05 07:08:24', '2026-01-05 07:08:24'),
(1036, '2632104', 19, 1, 2, 1, 0.00, 0.00, 0.00, 0.00, 'محروم', 0, NULL, '2026-01-05 07:08:24', '2026-01-05 07:08:24'),
(1037, '2632105', 19, 1, 2, 1, 0.00, 0.00, 0.00, 0.00, 'محروم', 0, NULL, '2026-01-05 07:08:24', '2026-01-05 07:08:24'),
(1038, '2632106', 19, 1, 2, 1, 34.00, 46.00, 80.00, 4.00, 'جيد جدا', 1, NULL, '2026-01-05 07:08:24', '2026-01-21 09:59:04'),
(1039, '2632107', 19, 1, 2, 1, 30.00, 36.00, 66.00, 3.30, 'جيد', 1, NULL, '2026-01-05 07:08:24', '2026-01-21 09:59:04'),
(1040, '2632108', 19, 1, 2, 1, 35.00, 33.00, 68.00, 3.40, 'جيد', 1, NULL, '2026-01-05 07:08:24', '2026-01-05 07:08:24'),
(1041, '2632109', 19, 1, 2, 1, 20.00, 17.00, 0.00, 0.00, 'ضعيف', 0, NULL, '2026-01-05 07:08:24', '2026-01-05 07:08:24'),
(1042, '2632110', 19, 1, 2, 1, 36.00, 54.00, 90.00, 4.50, 'ممتاز', 1, NULL, '2026-01-05 07:08:24', '2026-01-05 07:08:24'),
(1043, '2632111', 19, 1, 2, 1, 28.00, 30.00, 58.00, 2.90, 'مقبول', 1, NULL, '2026-01-05 07:08:24', '2026-01-21 09:59:04'),
(1044, '2632112', 19, 1, 2, 1, 20.00, 19.00, 0.00, 0.00, 'ضعيف', 0, NULL, '2026-01-05 07:08:24', '2026-01-05 07:08:24'),
(1045, '2632113', 19, 1, 2, 1, 20.00, 14.00, 0.00, 0.00, 'ضعيف', 0, NULL, '2026-01-05 07:08:24', '2026-01-05 07:08:24'),
(1046, '2632214', 19, 1, 2, 1, 0.00, 0.00, 0.00, 0.00, 'محروم', 0, NULL, '2026-01-05 07:08:24', '2026-01-05 07:08:24'),
(1047, '2632115', 19, 1, 2, 1, 20.00, 16.00, 0.00, 0.00, 'ضعيف', 0, NULL, '2026-01-05 07:08:24', '2026-01-05 07:08:24'),
(1048, '2632116', 19, 1, 2, 1, 22.00, 38.00, 60.00, 3.00, 'مقبول', 1, NULL, '2026-01-05 07:08:24', '2026-01-05 07:08:24'),
(1049, '2632217', 19, 1, 2, 1, 0.00, 0.00, 0.00, 0.00, 'محروم', 0, NULL, '2026-01-05 07:08:24', '2026-01-05 07:08:24'),
(1050, '2632118', 19, 1, 2, 1, 0.00, 0.00, 0.00, 0.00, 'محروم', 0, NULL, '2026-01-05 07:08:24', '2026-01-05 07:08:24'),
(1051, '2532101', 49, 3, 2, 1, 30.00, 30.00, 60.00, 3.00, 'مقبول', 1, NULL, '2026-01-05 09:22:21', '2026-01-05 09:22:21'),
(1052, '2532102', 49, 3, 2, 1, 40.00, 46.00, 86.00, 4.30, 'جيد جدا', 1, NULL, '2026-01-05 09:22:21', '2026-01-05 09:22:21'),
(1053, '2531203', 49, 3, 2, 1, 40.00, 53.00, 93.00, 4.65, 'ممتاز', 1, NULL, '2026-01-05 09:22:21', '2026-01-05 09:22:21'),
(1054, '2532104', 49, 3, 2, 1, 30.00, 37.00, 67.00, 3.35, 'جيد', 1, NULL, '2026-01-05 09:22:21', '2026-01-05 09:22:21'),
(1055, '2532105', 49, 3, 2, 1, 40.00, 55.00, 95.00, 4.75, 'ممتاز', 1, NULL, '2026-01-05 09:22:21', '2026-01-05 09:22:21'),
(1056, '2532107', 49, 3, 2, 1, 40.00, 55.00, 95.00, 4.75, 'ممتاز', 1, NULL, '2026-01-05 09:22:21', '2026-01-05 09:22:21'),
(1057, '2531109', 49, 3, 2, 1, 28.00, 35.00, 63.00, 3.15, 'مقبول', 1, NULL, '2026-01-05 09:22:21', '2026-01-05 09:22:21'),
(1058, '2532110', 49, 3, 2, 1, 29.00, 51.00, 80.00, 4.00, 'جيد جدا', 1, NULL, '2026-01-05 09:22:21', '2026-01-05 09:22:21'),
(1059, '2532211', 49, 3, 2, 1, 25.00, 36.00, 61.00, 3.05, 'مقبول', 1, NULL, '2026-01-05 09:22:21', '2026-01-05 09:22:21'),
(1060, '2532212', 49, 3, 2, 1, 40.00, 47.00, 87.00, 4.35, 'جيد جدا', 1, NULL, '2026-01-05 09:22:21', '2026-01-05 09:22:21'),
(1061, '2532113', 49, 3, 2, 1, 40.00, 42.00, 82.00, 4.10, 'جيد جدا', 1, NULL, '2026-01-05 09:22:21', '2026-01-05 09:22:21'),
(1062, '2532115', 49, 3, 2, 1, 28.00, 6.00, 0.00, 0.00, 'ضعيف', 0, NULL, '2026-01-05 09:22:21', '2026-01-05 09:22:21'),
(1063, '2532117', 49, 3, 2, 1, 20.00, 20.00, 0.00, 0.00, 'ضعيف', 0, NULL, '2026-01-05 09:22:21', '2026-01-05 09:22:21'),
(1064, '2532218', 49, 3, 2, 1, 40.00, 60.00, 100.00, 5.00, 'ممتاز', 1, NULL, '2026-01-05 09:22:21', '2026-01-05 09:22:21'),
(1065, '2532119', 49, 3, 2, 1, 40.00, 47.00, 87.00, 4.35, 'جيد جدا', 1, NULL, '2026-01-05 09:22:21', '2026-01-05 09:22:21'),
(1066, '2532220', 49, 3, 2, 1, 29.00, 33.00, 62.00, 3.10, 'مقبول', 1, NULL, '2026-01-05 09:22:21', '2026-01-05 09:22:21'),
(1067, '2521101', 69, 3, 2, 1, 30.00, 52.00, 82.00, 4.10, 'جيد جدا', 1, NULL, '2026-01-06 08:32:59', '2026-01-06 08:32:59'),
(1068, '2521102', 69, 3, 2, 1, 21.00, 6.00, 0.00, 0.00, 'ضعيف', 0, NULL, '2026-01-06 08:32:59', '2026-01-06 08:32:59'),
(1069, '2521104', 69, 3, 2, 1, 20.00, 30.00, 50.00, 2.50, 'مقبول', 1, NULL, '2026-01-06 08:32:59', '2026-01-06 08:32:59'),
(1070, '2521105', 69, 3, 2, 1, 39.00, 37.00, 76.00, 3.80, 'جيد', 1, NULL, '2026-01-06 08:32:59', '2026-01-06 08:32:59'),
(1071, '2521107', 69, 3, 2, 1, 30.00, 16.00, 0.00, 0.00, 'ضعيف', 0, NULL, '2026-01-06 08:32:59', '2026-01-06 08:32:59'),
(1072, '2521108', 69, 3, 2, 1, 28.00, 37.00, 65.00, 3.25, 'جيد', 1, '+1', '2026-01-06 08:32:59', '2026-01-21 08:34:41'),
(1073, '2521110', 69, 3, 2, 1, 35.00, 55.00, 90.00, 4.50, 'ممتاز', 1, '+1', '2026-01-06 08:32:59', '2026-01-21 08:34:41'),
(1074, '2521111', 69, 3, 2, 1, 0.00, 0.00, 0.00, 0.00, 'محروم', 0, NULL, '2026-01-06 08:32:59', '2026-01-06 08:32:59'),
(1075, '2521112', 69, 3, 2, 1, 25.00, 14.00, 0.00, 0.00, 'ضعيف', 0, NULL, '2026-01-06 08:32:59', '2026-01-06 08:32:59'),
(1076, '2521113', 69, 3, 2, 1, 38.00, 53.00, 91.00, 4.55, 'ممتاز', 1, NULL, '2026-01-06 08:32:59', '2026-01-06 08:32:59'),
(1077, '2521114', 69, 3, 2, 1, 30.00, 60.00, 90.00, 4.50, 'ممتاز', 1, '+1', '2026-01-06 08:32:59', '2026-01-21 08:34:41'),
(1078, '2521215', 69, 3, 2, 1, 26.00, 4.00, 0.00, 0.00, 'ضعيف', 0, NULL, '2026-01-06 08:32:59', '2026-01-06 08:32:59'),
(1079, '2521216', 69, 3, 2, 1, 40.00, 60.00, 100.00, 5.00, 'ممتاز', 1, NULL, '2026-01-06 08:32:59', '2026-01-06 08:32:59'),
(1080, '2521217', 69, 3, 2, 1, 37.00, 0.00, 0.00, 0.00, 'غائب', 0, NULL, '2026-01-06 08:32:59', '2026-01-06 08:32:59'),
(1081, '2521118', 69, 3, 2, 1, 0.00, 0.00, 0.00, 0.00, 'محروم', 0, NULL, '2026-01-06 08:32:59', '2026-01-06 08:32:59'),
(1082, '2521119', 69, 3, 2, 1, 31.00, 30.00, 61.00, 3.05, 'مقبول', 1, NULL, '2026-01-06 08:32:59', '2026-01-06 08:32:59'),
(1083, '2521220', 69, 3, 2, 1, 40.00, 60.00, 100.00, 5.00, 'ممتاز', 1, NULL, '2026-01-06 08:32:59', '2026-01-06 08:32:59'),
(1084, '2521221', 69, 3, 2, 1, 37.00, 40.00, 77.00, 3.85, 'جيد', 1, NULL, '2026-01-06 08:32:59', '2026-01-06 08:32:59'),
(1085, '2521124', 69, 3, 2, 1, 20.00, 16.00, 0.00, 0.00, 'ضعيف', 0, NULL, '2026-01-06 08:32:59', '2026-01-06 08:32:59'),
(1086, '2611201', 6, 1, 2, 1, 45.00, 47.00, 92.00, 4.60, 'ممتاز', 1, NULL, '2026-01-12 08:23:40', '2026-01-12 08:23:40'),
(1087, '2611202', 6, 1, 2, 1, 39.00, 31.00, 70.00, 3.50, 'جيد', 1, NULL, '2026-01-12 08:23:40', '2026-01-12 08:23:40'),
(1088, '2611203', 6, 1, 2, 1, 47.00, 44.00, 91.00, 4.55, 'ممتاز', 1, NULL, '2026-01-12 08:23:40', '2026-01-12 08:23:40'),
(1089, '2611104', 6, 1, 2, 1, 34.00, 16.00, 0.00, 0.00, 'ضعيف', 0, NULL, '2026-01-12 08:23:40', '2026-01-12 08:23:40'),
(1090, '2611205', 6, 1, 2, 1, 37.00, 39.00, 76.00, 3.80, 'جيد', 1, NULL, '2026-01-12 08:23:40', '2026-01-12 08:23:40'),
(1091, '2611206', 6, 1, 2, 1, 42.00, 31.00, 73.00, 3.65, 'جيد', 1, NULL, '2026-01-12 08:23:40', '2026-01-12 08:23:40'),
(1092, '2611207', 6, 1, 2, 1, 0.00, 0.00, 0.00, 0.00, 'محروم', 0, NULL, '2026-01-12 08:23:40', '2026-01-12 08:23:40'),
(1093, '2611208', 6, 1, 2, 1, 49.00, 50.00, 99.00, 4.95, 'ممتاز', 1, NULL, '2026-01-12 08:23:40', '2026-01-12 08:23:40'),
(1094, '2611209', 6, 1, 2, 1, 41.00, 43.00, 84.00, 4.20, 'جيد جدا', 1, NULL, '2026-01-12 08:23:40', '2026-01-12 08:23:40'),
(1095, '2611110', 6, 1, 2, 1, 39.00, 27.00, 66.00, 3.30, 'مقبول', 1, NULL, '2026-01-12 08:23:40', '2026-01-12 08:23:40'),
(1096, '2611111', 6, 1, 2, 1, 41.00, 39.00, 80.00, 4.00, 'جيد جدا', 1, NULL, '2026-01-12 08:23:40', '2026-01-12 08:23:40'),
(1097, '2611212', 6, 1, 2, 1, 49.00, 50.00, 99.00, 4.95, 'ممتاز', 1, NULL, '2026-01-12 08:23:40', '2026-01-12 08:23:40'),
(1098, '2611213', 6, 1, 2, 1, 44.00, 50.00, 94.00, 4.70, 'ممتاز', 1, NULL, '2026-01-12 08:23:40', '2026-01-12 08:23:40'),
(1099, '2611214', 6, 1, 2, 1, 41.00, 43.00, 84.00, 4.20, 'جيد جدا', 1, NULL, '2026-01-12 08:23:40', '2026-01-12 08:23:40'),
(1100, '2611215', 6, 1, 2, 1, 47.00, 50.00, 97.00, 4.85, 'ممتاز', 1, NULL, '2026-01-12 08:23:40', '2026-01-12 08:23:40'),
(1101, '2611216', 6, 1, 2, 1, 44.00, 46.00, 90.00, 4.50, 'ممتاز', 1, NULL, '2026-01-12 08:23:40', '2026-01-12 08:23:40'),
(1102, '2611117', 6, 1, 2, 1, 37.00, 50.00, 87.00, 4.35, 'جيد جدا', 1, NULL, '2026-01-12 08:23:40', '2026-01-12 08:23:40');
INSERT INTO `grades` (`id`, `student_id`, `course_id`, `semester_id`, `academic_year_id`, `turn`, `gsemster`, `gexam`, `gfinal`, `gpa`, `letter_grade`, `result`, `note`, `created_at`, `updated_at`) VALUES
(1103, '2611218', 6, 1, 2, 1, 27.00, 16.00, 0.00, 0.00, 'ضعيف', 0, NULL, '2026-01-12 08:23:40', '2026-01-12 08:23:40'),
(1104, '2611201', 2, 1, 2, 1, 32.00, 42.00, 74.00, 3.70, 'جيد', 1, NULL, '2026-01-12 08:40:18', '2026-01-12 08:40:18'),
(1105, '2611202', 2, 1, 2, 1, 33.00, 35.00, 68.00, 3.40, 'مقبول', 1, NULL, '2026-01-12 08:40:18', '2026-01-12 08:40:18'),
(1106, '2611203', 2, 1, 2, 1, 36.00, 42.00, 78.00, 3.90, 'جيد', 1, NULL, '2026-01-12 08:40:18', '2026-01-12 08:40:18'),
(1107, '2611104', 2, 1, 2, 1, 33.00, 32.00, 65.00, 3.25, 'مقبول', 1, NULL, '2026-01-12 08:40:18', '2026-01-12 08:40:18'),
(1108, '2611205', 2, 1, 2, 1, 30.00, 35.00, 65.00, 3.25, 'مقبول', 1, NULL, '2026-01-12 08:40:18', '2026-01-12 08:40:18'),
(1109, '2611206', 2, 1, 2, 1, 38.00, 45.00, 83.00, 4.15, 'جيد جدا', 1, NULL, '2026-01-12 08:40:18', '2026-01-12 08:40:18'),
(1110, '2611207', 2, 1, 2, 1, 0.00, 0.00, 0.00, 0.00, 'محروم', 0, NULL, '2026-01-12 08:40:18', '2026-01-12 08:40:18'),
(1111, '2611208', 2, 1, 2, 1, 40.00, 54.00, 94.00, 4.70, 'ممتاز', 1, NULL, '2026-01-12 08:40:18', '2026-01-12 08:40:18'),
(1112, '2611209', 2, 1, 2, 1, 39.00, 57.00, 96.00, 4.80, 'ممتاز', 1, NULL, '2026-01-12 08:40:18', '2026-01-12 08:40:18'),
(1113, '2611110', 2, 1, 2, 1, 35.00, 37.00, 72.00, 3.60, 'جيد', 1, NULL, '2026-01-12 08:40:18', '2026-01-12 08:40:18'),
(1114, '2611111', 2, 1, 2, 1, 35.00, 36.00, 71.00, 3.55, 'جيد', 1, NULL, '2026-01-12 08:40:18', '2026-01-12 08:40:18'),
(1115, '2611212', 2, 1, 2, 1, 40.00, 53.00, 93.00, 4.65, 'ممتاز', 1, NULL, '2026-01-12 08:40:18', '2026-01-12 08:40:18'),
(1116, '2611213', 2, 1, 2, 1, 39.00, 56.00, 95.00, 4.75, 'ممتاز', 1, NULL, '2026-01-12 08:40:18', '2026-01-12 08:40:18'),
(1117, '2611214', 2, 1, 2, 1, 40.00, 55.00, 95.00, 4.75, 'ممتاز', 1, NULL, '2026-01-12 08:40:18', '2026-01-12 08:40:18'),
(1118, '2611215', 2, 1, 2, 1, 39.00, 57.00, 96.00, 4.80, 'ممتاز', 1, NULL, '2026-01-12 08:40:18', '2026-01-12 08:40:18'),
(1119, '2611216', 2, 1, 2, 1, 37.00, 33.00, 70.00, 3.50, 'جيد', 1, NULL, '2026-01-12 08:40:18', '2026-01-12 08:40:18'),
(1120, '2611117', 2, 1, 2, 1, 30.00, 38.00, 68.00, 3.40, 'مقبول', 1, NULL, '2026-01-12 08:40:18', '2026-01-12 08:40:18'),
(1121, '2611218', 2, 1, 2, 1, 30.00, 10.00, 0.00, 0.00, 'ضعيف', 0, NULL, '2026-01-12 08:40:18', '2026-01-12 08:40:18'),
(1122, '2621201', 57, 1, 2, 1, 36.00, 30.00, 66.00, 3.30, 'جيد', 1, NULL, '2026-01-12 08:48:35', '2026-01-12 08:48:35'),
(1123, '2621102', 57, 1, 2, 1, 40.00, 59.00, 99.00, 4.95, 'ممتاز', 1, NULL, '2026-01-12 08:48:35', '2026-01-12 08:48:35'),
(1124, '2621103', 57, 1, 2, 1, 35.00, 55.00, 90.00, 4.50, 'ممتاز', 1, NULL, '2026-01-12 08:48:35', '2026-01-12 08:48:35'),
(1125, '2621204', 57, 1, 2, 1, 34.00, 44.00, 78.00, 3.90, 'جيد', 1, NULL, '2026-01-12 08:48:35', '2026-01-12 08:48:35'),
(1126, '2621105', 57, 1, 2, 1, 34.00, 33.00, 67.00, 3.35, 'جيد', 1, NULL, '2026-01-12 08:48:35', '2026-01-12 08:48:35'),
(1127, '2621106', 57, 1, 2, 1, 40.00, 30.00, 70.00, 3.50, 'جيد', 1, NULL, '2026-01-12 08:48:35', '2026-01-12 08:48:35'),
(1128, '2621207', 57, 1, 2, 1, 37.00, 59.00, 96.00, 4.80, 'ممتاز', 1, NULL, '2026-01-12 08:48:35', '2026-01-12 08:48:35'),
(1129, '2621108', 57, 1, 2, 1, 29.00, 6.00, 0.00, 0.00, 'ضعيف', 0, NULL, '2026-01-12 08:48:35', '2026-01-12 08:48:35'),
(1130, '2621109', 57, 1, 2, 1, 30.00, 8.00, 0.00, 0.00, 'ضعيف', 0, NULL, '2026-01-12 08:48:35', '2026-01-12 08:48:35'),
(1131, '2621210', 57, 1, 2, 1, 37.00, 50.00, 87.00, 4.35, 'جيد جدا', 1, NULL, '2026-01-12 08:48:35', '2026-01-12 08:48:35'),
(1132, '2621111', 57, 1, 2, 1, 40.00, 56.00, 96.00, 4.80, 'ممتاز', 1, NULL, '2026-01-12 08:48:35', '2026-01-12 08:48:35'),
(1133, '2621212', 57, 1, 2, 1, 40.00, 60.00, 100.00, 5.00, 'ممتاز', 1, NULL, '2026-01-12 08:48:35', '2026-01-12 08:48:35'),
(1134, '2621113', 57, 1, 2, 1, 29.00, 15.00, 0.00, 0.00, 'ضعيف', 0, NULL, '2026-01-12 08:48:35', '2026-01-12 08:48:35'),
(1135, '2621114', 57, 1, 2, 1, 30.00, 44.00, 74.00, 3.70, 'جيد', 1, NULL, '2026-01-12 08:48:35', '2026-01-12 08:48:35'),
(1136, '2621115', 57, 1, 2, 1, 0.00, 0.00, 0.00, 0.00, 'محروم', 0, NULL, '2026-01-12 08:48:35', '2026-01-12 08:48:35'),
(1137, '2621116', 57, 1, 2, 1, 35.00, 0.00, 0.00, 0.00, 'غائب', 0, NULL, '2026-01-12 08:48:35', '2026-01-12 08:48:35'),
(1138, '2621117', 57, 1, 2, 1, 0.00, 0.00, 0.00, 0.00, 'محروم', 0, NULL, '2026-01-12 08:48:35', '2026-01-12 08:48:35'),
(1139, '2621218', 57, 1, 2, 1, 39.00, 54.00, 93.00, 4.65, 'ممتاز', 1, NULL, '2026-01-12 08:48:35', '2026-01-12 08:48:35'),
(1140, '2632101', 15, 1, 2, 1, 0.00, 0.00, 0.00, 0.00, 'محروم', 0, NULL, '2026-01-12 08:59:39', '2026-01-12 08:59:39'),
(1141, '2632102', 15, 1, 2, 1, 30.00, 30.00, 60.00, 3.00, 'مقبول', 1, NULL, '2026-01-12 08:59:39', '2026-01-12 08:59:39'),
(1142, '2632203', 15, 1, 2, 1, 30.00, 30.00, 60.00, 3.00, 'مقبول', 1, NULL, '2026-01-12 08:59:39', '2026-01-12 08:59:39'),
(1143, '2632104', 15, 1, 2, 1, 0.00, 0.00, 0.00, 0.00, 'محروم', 0, NULL, '2026-01-12 08:59:39', '2026-01-12 08:59:39'),
(1144, '2632105', 15, 1, 2, 1, 0.00, 0.00, 0.00, 0.00, 'محروم', 0, NULL, '2026-01-12 08:59:39', '2026-01-12 08:59:39'),
(1145, '2632106', 15, 1, 2, 1, 38.00, 58.00, 96.00, 4.80, 'ممتاز', 1, NULL, '2026-01-12 08:59:39', '2026-01-12 08:59:39'),
(1146, '2632107', 15, 1, 2, 1, 35.00, 30.00, 65.00, 3.25, 'جيد', 1, NULL, '2026-01-12 08:59:39', '2026-01-12 08:59:39'),
(1147, '2632108', 15, 1, 2, 1, 30.00, 30.00, 60.00, 3.00, 'مقبول', 1, NULL, '2026-01-12 08:59:39', '2026-01-12 08:59:39'),
(1148, '2632109', 15, 1, 2, 1, 29.00, 11.00, 0.00, 0.00, 'ضعيف', 0, NULL, '2026-01-12 08:59:39', '2026-01-12 08:59:39'),
(1149, '2632110', 15, 1, 2, 1, 30.00, 23.00, 0.00, 0.00, 'ضعيف', 0, NULL, '2026-01-12 08:59:39', '2026-01-12 08:59:39'),
(1150, '2632111', 15, 1, 2, 1, 29.00, 30.00, 59.00, 2.95, 'مقبول', 1, NULL, '2026-01-12 08:59:39', '2026-01-12 08:59:39'),
(1151, '2632112', 15, 1, 2, 1, 30.00, 17.00, 0.00, 0.00, 'ضعيف', 0, NULL, '2026-01-12 08:59:39', '2026-01-12 08:59:39'),
(1152, '2632113', 15, 1, 2, 1, 30.00, 30.00, 60.00, 3.00, 'مقبول', 1, NULL, '2026-01-12 08:59:39', '2026-01-12 08:59:39'),
(1153, '2632214', 15, 1, 2, 1, 0.00, 0.00, 0.00, 0.00, 'محروم', 0, NULL, '2026-01-12 08:59:39', '2026-01-12 08:59:39'),
(1154, '2632115', 15, 1, 2, 1, 30.00, 17.00, 0.00, 0.00, 'ضعيف', 0, NULL, '2026-01-12 08:59:39', '2026-01-12 08:59:39'),
(1155, '2632116', 15, 1, 2, 1, 30.00, 50.00, 80.00, 4.00, 'جيد جدا', 1, NULL, '2026-01-12 08:59:39', '2026-01-12 08:59:39'),
(1156, '2632217', 15, 1, 2, 1, 0.00, 0.00, 0.00, 0.00, 'محروم', 0, NULL, '2026-01-12 08:59:39', '2026-01-12 08:59:39'),
(1157, '2632118', 15, 1, 2, 1, 0.00, 0.00, 0.00, 0.00, 'محروم', 0, NULL, '2026-01-12 08:59:39', '2026-01-12 08:59:39'),
(1158, '2511202', 53, 3, 2, 1, 49.00, 46.00, 95.00, 4.75, 'ممتاز', 1, NULL, '2026-01-12 09:07:04', '2026-01-12 09:07:04'),
(1159, '2511203', 53, 3, 2, 1, 49.00, 42.00, 91.00, 4.55, 'ممتاز', 1, NULL, '2026-01-12 09:07:04', '2026-01-12 09:07:04'),
(1160, '2511204', 53, 3, 2, 1, 49.00, 47.00, 96.00, 4.80, 'ممتاز', 1, NULL, '2026-01-12 09:07:04', '2026-01-12 09:07:04'),
(1161, '2511205', 53, 3, 2, 1, 49.00, 33.00, 82.00, 4.10, 'جيد جدا', 1, NULL, '2026-01-12 09:07:04', '2026-01-12 09:07:04'),
(1162, '2511106', 53, 3, 2, 1, 49.00, 50.00, 99.00, 4.95, 'ممتاز', 1, NULL, '2026-01-12 09:07:04', '2026-01-12 09:07:04'),
(1163, '2511207', 53, 3, 2, 1, 49.00, 47.00, 96.00, 4.80, 'ممتاز', 1, NULL, '2026-01-12 09:07:04', '2026-01-12 09:07:04'),
(1164, '2511108', 53, 3, 2, 1, 49.00, 50.00, 99.00, 4.95, 'ممتاز', 1, NULL, '2026-01-12 09:07:04', '2026-01-12 09:07:04'),
(1165, '2511109', 53, 3, 2, 1, 47.00, 40.00, 87.00, 4.35, 'جيد جدا', 1, NULL, '2026-01-12 09:07:04', '2026-01-12 09:07:04'),
(1166, '2511210', 53, 3, 2, 1, 49.00, 49.00, 98.00, 4.90, 'ممتاز', 1, NULL, '2026-01-12 09:07:04', '2026-01-12 09:07:04'),
(1167, '2511211', 53, 3, 2, 1, 49.00, 49.00, 98.00, 4.90, 'ممتاز', 1, NULL, '2026-01-12 09:07:04', '2026-01-12 09:07:04'),
(1168, '2511212', 53, 3, 2, 1, 49.00, 49.00, 98.00, 4.90, 'ممتاز', 1, NULL, '2026-01-12 09:07:04', '2026-01-12 09:07:04'),
(1169, '2511213', 53, 3, 2, 1, 47.00, 38.00, 85.00, 4.25, 'جيد جدا', 1, NULL, '2026-01-12 09:07:04', '2026-01-12 09:07:04'),
(1170, '2511214', 53, 3, 2, 1, 49.00, 25.00, 74.00, 3.70, 'جيد', 1, NULL, '2026-01-12 09:07:04', '2026-01-12 09:07:04'),
(1171, '2511215', 53, 3, 2, 1, 49.00, 45.00, 94.00, 4.70, 'ممتاز', 1, NULL, '2026-01-12 09:07:04', '2026-01-12 09:07:04'),
(1172, '2511216', 53, 3, 2, 1, 49.00, 47.00, 96.00, 4.80, 'ممتاز', 1, NULL, '2026-01-12 09:07:04', '2026-01-12 09:07:04'),
(1173, '2511218', 53, 3, 2, 1, 49.00, 41.00, 90.00, 4.50, 'ممتاز', 1, NULL, '2026-01-12 09:07:04', '2026-01-12 09:07:04'),
(1174, '2511219', 53, 3, 2, 1, 49.00, 33.00, 82.00, 4.10, 'جيد جدا', 1, NULL, '2026-01-12 09:07:04', '2026-01-12 09:07:04'),
(1175, '2511220', 53, 3, 2, 1, 49.00, 41.00, 90.00, 4.50, 'ممتاز', 1, NULL, '2026-01-12 09:07:04', '2026-01-12 09:07:04'),
(1176, '2511221', 53, 3, 2, 1, 0.00, 0.00, 0.00, 0.00, 'محروم', 0, NULL, '2026-01-12 09:07:04', '2026-01-12 09:07:04'),
(1177, '2511123', 53, 3, 2, 1, 44.00, 46.00, 90.00, 4.50, 'ممتاز', 1, NULL, '2026-01-12 09:07:04', '2026-01-12 09:07:04'),
(1178, '2532101', 47, 3, 2, 1, 39.00, 30.00, 69.00, 3.45, 'جيد', 1, NULL, '2026-01-12 09:11:28', '2026-01-12 09:11:28'),
(1179, '2532102', 47, 3, 2, 1, 38.00, 35.00, 73.00, 3.65, 'جيد', 1, NULL, '2026-01-12 09:11:28', '2026-01-12 09:11:28'),
(1180, '2531203', 47, 3, 2, 1, 37.00, 56.00, 93.00, 4.65, 'ممتاز', 1, NULL, '2026-01-12 09:11:28', '2026-01-12 09:11:28'),
(1181, '2532104', 47, 3, 2, 1, 35.00, 30.00, 65.00, 3.25, 'جيد', 1, NULL, '2026-01-12 09:11:28', '2026-01-12 09:11:28'),
(1182, '2532105', 47, 3, 2, 1, 40.00, 56.00, 96.00, 4.80, 'ممتاز', 1, NULL, '2026-01-12 09:11:28', '2026-01-12 09:11:28'),
(1183, '2532107', 47, 3, 2, 1, 40.00, 56.00, 96.00, 4.80, 'ممتاز', 1, NULL, '2026-01-12 09:11:28', '2026-01-12 09:11:28'),
(1184, '2531109', 47, 3, 2, 1, 32.00, 18.00, 0.00, 0.00, 'ضعيف', 0, NULL, '2026-01-12 09:11:28', '2026-01-12 09:11:28'),
(1185, '2532110', 47, 3, 2, 1, 33.00, 33.00, 66.00, 3.30, 'جيد', 1, NULL, '2026-01-12 09:11:28', '2026-01-12 09:11:28'),
(1186, '2532211', 47, 3, 2, 1, 38.00, 32.00, 70.00, 3.50, 'جيد', 1, NULL, '2026-01-12 09:11:28', '2026-01-12 09:11:28'),
(1187, '2532212', 47, 3, 2, 1, 40.00, 60.00, 100.00, 5.00, 'ممتاز', 1, NULL, '2026-01-12 09:11:28', '2026-01-12 09:11:28'),
(1188, '2532113', 47, 3, 2, 1, 39.00, 60.00, 99.00, 4.95, 'ممتاز', 1, NULL, '2026-01-12 09:11:28', '2026-01-12 09:11:28'),
(1189, '2532115', 47, 3, 2, 1, 32.00, 5.00, 0.00, 0.00, 'ضعيف', 0, NULL, '2026-01-12 09:11:28', '2026-01-12 09:11:28'),
(1190, '2532117', 47, 3, 2, 1, 33.00, 5.00, 0.00, 0.00, 'ضعيف', 0, NULL, '2026-01-12 09:11:28', '2026-01-12 09:11:28'),
(1191, '2532218', 47, 3, 2, 1, 40.00, 60.00, 100.00, 5.00, 'ممتاز', 1, NULL, '2026-01-12 09:11:28', '2026-01-12 09:11:28'),
(1192, '2532119', 47, 3, 2, 1, 40.00, 58.00, 98.00, 4.90, 'ممتاز', 1, NULL, '2026-01-12 09:11:28', '2026-01-12 09:11:28'),
(1193, '2532220', 47, 3, 2, 1, 40.00, 30.00, 70.00, 3.50, 'جيد', 1, NULL, '2026-01-12 09:11:28', '2026-01-12 09:11:28'),
(1194, '2521101', 72, 3, 2, 1, 35.00, 31.00, 66.00, 3.30, 'جيد', 1, NULL, '2026-01-14 05:22:26', '2026-01-14 05:22:26'),
(1195, '2521102', 72, 3, 2, 1, 32.00, 18.00, 0.00, 0.00, 'ضعيف', 0, NULL, '2026-01-14 05:22:26', '2026-01-14 05:22:26'),
(1196, '2521104', 72, 3, 2, 1, 31.00, 20.00, 0.00, 0.00, 'ضعيف', 0, NULL, '2026-01-14 05:22:26', '2026-01-14 05:22:26'),
(1197, '2521105', 72, 3, 2, 1, 43.00, 27.00, 70.00, 3.50, 'جيد', 1, NULL, '2026-01-14 05:22:26', '2026-01-14 05:22:26'),
(1198, '2521107', 72, 3, 2, 1, 45.00, 15.00, 0.00, 0.00, 'ضعيف', 0, NULL, '2026-01-14 05:22:26', '2026-01-14 05:22:26'),
(1199, '2521108', 72, 3, 2, 1, 26.00, 25.00, 51.00, 2.55, 'مقبول', 1, NULL, '2026-01-14 05:22:26', '2026-01-14 05:22:26'),
(1200, '2521110', 72, 3, 2, 1, 45.00, 37.00, 82.00, 4.10, 'جيد جدا', 1, NULL, '2026-01-14 05:22:26', '2026-01-14 05:22:26'),
(1201, '2521111', 72, 3, 2, 1, 0.00, 0.00, 0.00, 0.00, 'محروم', 0, NULL, '2026-01-14 05:22:26', '2026-01-14 05:22:26'),
(1202, '2521112', 72, 3, 2, 1, 37.00, 34.00, 71.00, 3.55, 'جيد', 1, NULL, '2026-01-14 05:22:26', '2026-01-14 05:22:26'),
(1203, '2521113', 72, 3, 2, 1, 48.00, 42.00, 90.00, 4.50, 'ممتاز', 1, NULL, '2026-01-14 05:22:26', '2026-01-14 05:22:26'),
(1204, '2521114', 72, 3, 2, 1, 48.00, 48.00, 96.00, 4.80, 'ممتاز', 1, NULL, '2026-01-14 05:22:26', '2026-01-14 05:22:26'),
(1205, '2521215', 72, 3, 2, 1, 33.00, 27.00, 60.00, 3.00, 'مقبول', 1, NULL, '2026-01-14 05:22:26', '2026-01-14 05:22:26'),
(1206, '2521216', 72, 3, 2, 1, 50.00, 50.00, 100.00, 5.00, 'ممتاز', 1, NULL, '2026-01-14 05:22:26', '2026-01-14 05:22:26'),
(1207, '2521217', 72, 3, 2, 1, 48.00, 28.00, 76.00, 3.80, 'جيد', 1, NULL, '2026-01-14 05:22:26', '2026-01-14 05:22:26'),
(1208, '2521118', 72, 3, 2, 1, 0.00, 0.00, 0.00, 0.00, 'محروم', 0, NULL, '2026-01-14 05:22:26', '2026-01-14 05:22:26'),
(1209, '2521119', 72, 3, 2, 1, 31.00, 0.00, 0.00, 0.00, 'غائب', 0, NULL, '2026-01-14 05:22:26', '2026-01-14 05:22:26'),
(1210, '2521220', 72, 3, 2, 1, 50.00, 50.00, 100.00, 5.00, 'ممتاز', 1, NULL, '2026-01-14 05:22:26', '2026-01-14 05:22:26'),
(1211, '2521221', 72, 3, 2, 1, 42.00, 36.00, 78.00, 3.90, 'جيد', 1, NULL, '2026-01-14 05:22:26', '2026-01-14 05:22:26'),
(1212, '2521124', 72, 3, 2, 1, 33.00, 32.00, 65.00, 3.25, 'جيد', 1, NULL, '2026-01-14 05:22:26', '2026-01-14 05:22:26'),
(1213, '2621201', 58, 1, 2, 1, 47.00, 33.00, 80.00, 4.00, 'جيد جدا', 1, NULL, '2026-01-14 05:38:48', '2026-01-14 05:38:48'),
(1214, '2621102', 58, 1, 2, 1, 49.00, 44.00, 93.00, 4.65, 'ممتاز', 1, NULL, '2026-01-14 05:38:48', '2026-01-14 05:38:48'),
(1215, '2621103', 58, 1, 2, 1, 48.00, 46.00, 94.00, 4.70, 'ممتاز', 1, NULL, '2026-01-14 05:38:48', '2026-01-14 05:38:48'),
(1216, '2621204', 58, 1, 2, 1, 44.00, 29.00, 73.00, 3.65, 'جيد', 1, NULL, '2026-01-14 05:38:48', '2026-01-14 05:38:48'),
(1217, '2621105', 58, 1, 2, 1, 49.00, 27.00, 76.00, 3.80, 'جيد', 1, NULL, '2026-01-14 05:38:48', '2026-01-14 05:38:48'),
(1218, '2621106', 58, 1, 2, 1, 48.00, 42.00, 90.00, 4.50, 'ممتاز', 1, NULL, '2026-01-14 05:38:48', '2026-01-14 05:38:48'),
(1219, '2621207', 58, 1, 2, 1, 47.00, 40.00, 87.00, 4.35, 'جيد جدا', 1, NULL, '2026-01-14 05:38:48', '2026-01-14 05:38:48'),
(1220, '2621108', 58, 1, 2, 1, 43.00, 13.00, 0.00, 0.00, 'ضعيف', 0, NULL, '2026-01-14 05:38:48', '2026-01-14 05:38:48'),
(1221, '2621109', 58, 1, 2, 1, 43.00, 0.00, 0.00, 0.00, 'غائب', 0, NULL, '2026-01-14 05:38:48', '2026-01-14 05:38:48'),
(1222, '2621210', 58, 1, 2, 1, 49.00, 44.00, 93.00, 4.65, 'ممتاز', 1, NULL, '2026-01-14 05:38:48', '2026-01-14 05:38:48'),
(1223, '2621111', 58, 1, 2, 1, 47.00, 45.00, 92.00, 4.60, 'ممتاز', 1, NULL, '2026-01-14 05:38:48', '2026-01-14 05:38:48'),
(1224, '2621212', 58, 1, 2, 1, 49.00, 46.00, 95.00, 4.75, 'ممتاز', 1, NULL, '2026-01-14 05:38:48', '2026-01-14 05:38:48'),
(1225, '2621113', 58, 1, 2, 1, 45.00, 0.00, 0.00, 0.00, 'غائب', 0, NULL, '2026-01-14 05:38:48', '2026-01-14 05:38:48'),
(1226, '2621114', 58, 1, 2, 1, 48.00, 45.00, 93.00, 4.65, 'ممتاز', 1, NULL, '2026-01-14 05:38:48', '2026-01-14 05:38:48'),
(1227, '2621115', 58, 1, 2, 1, 0.00, 0.00, 0.00, 0.00, 'محروم', 0, NULL, '2026-01-14 05:38:48', '2026-01-14 05:38:48'),
(1228, '2621116', 58, 1, 2, 1, 45.00, 43.00, 88.00, 4.40, 'جيد جدا', 1, NULL, '2026-01-14 05:38:48', '2026-01-14 05:38:48'),
(1229, '2621117', 58, 1, 2, 1, 45.00, 0.00, 0.00, 0.00, 'غائب', 0, NULL, '2026-01-14 05:38:48', '2026-01-14 05:38:48'),
(1230, '2621218', 58, 1, 2, 1, 49.00, 45.00, 94.00, 4.70, 'ممتاز', 1, NULL, '2026-01-14 05:38:48', '2026-01-14 05:38:48'),
(1231, '2611201', 7, 1, 2, 1, 45.00, 25.00, 70.00, 3.50, 'جيد', 1, NULL, '2026-01-14 07:44:49', '2026-01-14 07:44:49'),
(1232, '2611202', 7, 1, 2, 1, 43.00, 11.00, 0.00, 0.00, 'ضعيف', 0, NULL, '2026-01-14 07:44:49', '2026-01-14 07:44:49'),
(1233, '2611203', 7, 1, 2, 1, 49.00, 35.00, 84.00, 4.20, 'جيد جدا', 1, NULL, '2026-01-14 07:44:49', '2026-01-14 07:44:49'),
(1234, '2611104', 7, 1, 2, 1, 40.00, 10.00, 0.00, 0.00, 'ضعيف', 0, NULL, '2026-01-14 07:44:49', '2026-01-14 07:44:49'),
(1235, '2611205', 7, 1, 2, 1, 40.00, 15.00, 0.00, 0.00, 'ضعيف', 0, NULL, '2026-01-14 07:44:49', '2026-01-14 07:44:49'),
(1236, '2611206', 7, 1, 2, 1, 42.00, 25.00, 67.00, 3.35, 'مقبول', 1, NULL, '2026-01-14 07:44:49', '2026-01-14 07:44:49'),
(1237, '2611207', 7, 1, 2, 1, 0.00, 0.00, 0.00, 0.00, 'محروم', 0, NULL, '2026-01-14 07:44:49', '2026-01-14 07:44:49'),
(1238, '2611208', 7, 1, 2, 1, 49.00, 41.00, 90.00, 4.50, 'ممتاز', 1, NULL, '2026-01-14 07:44:49', '2026-01-14 07:44:49'),
(1239, '2611209', 7, 1, 2, 1, 42.00, 25.00, 67.00, 3.35, 'مقبول', 1, NULL, '2026-01-14 07:44:49', '2026-01-14 07:44:49'),
(1240, '2611110', 7, 1, 2, 1, 44.00, 11.00, 0.00, 0.00, 'ضعيف', 0, NULL, '2026-01-14 07:44:49', '2026-01-14 07:44:49'),
(1241, '2611111', 7, 1, 2, 1, 40.00, 25.00, 65.00, 3.25, 'مقبول', 1, NULL, '2026-01-14 07:44:49', '2026-01-14 07:44:49'),
(1242, '2611212', 7, 1, 2, 1, 48.00, 46.00, 94.00, 4.70, 'ممتاز', 1, NULL, '2026-01-14 07:44:49', '2026-01-14 07:44:49'),
(1243, '2611213', 7, 1, 2, 1, 49.00, 36.00, 85.00, 4.25, 'جيد جدا', 1, NULL, '2026-01-14 07:44:49', '2026-01-14 07:44:49'),
(1244, '2611214', 7, 1, 2, 1, 41.00, 26.00, 67.00, 3.35, 'مقبول', 1, NULL, '2026-01-14 07:44:49', '2026-01-14 07:44:49'),
(1245, '2611215', 7, 1, 2, 1, 50.00, 49.00, 99.00, 4.95, 'ممتاز', 1, NULL, '2026-01-14 07:44:49', '2026-01-14 07:44:49'),
(1246, '2611216', 7, 1, 2, 1, 49.00, 35.00, 84.00, 4.20, 'جيد جدا', 1, NULL, '2026-01-14 07:44:49', '2026-01-14 07:44:49'),
(1247, '2611117', 7, 1, 2, 1, 41.00, 25.00, 66.00, 3.30, 'مقبول', 1, NULL, '2026-01-14 07:44:49', '2026-01-14 07:44:49'),
(1248, '2611218', 7, 1, 2, 1, 30.00, 13.00, 0.00, 0.00, 'ضعيف', 0, NULL, '2026-01-14 07:44:49', '2026-01-14 07:44:49'),
(1249, '2511202', 50, 3, 2, 1, 49.00, 46.00, 95.00, 4.75, 'ممتاز', 1, NULL, '2026-01-14 07:51:49', '2026-01-14 07:51:49'),
(1250, '2511203', 50, 3, 2, 1, 47.00, 50.00, 97.00, 4.85, 'ممتاز', 1, NULL, '2026-01-14 07:51:49', '2026-01-14 07:51:49'),
(1251, '2511204', 50, 3, 2, 1, 47.00, 44.00, 91.00, 4.55, 'ممتاز', 1, NULL, '2026-01-14 07:51:49', '2026-01-14 07:51:49'),
(1252, '2511205', 50, 3, 2, 1, 37.00, 28.00, 65.00, 3.25, 'مقبول', 1, NULL, '2026-01-14 07:51:50', '2026-01-14 07:51:50'),
(1253, '2511106', 50, 3, 2, 1, 50.00, 50.00, 100.00, 5.00, 'ممتاز', 1, NULL, '2026-01-14 07:51:50', '2026-01-14 07:51:50'),
(1254, '2511207', 50, 3, 2, 1, 46.00, 47.00, 93.00, 4.65, 'ممتاز', 1, NULL, '2026-01-14 07:51:50', '2026-01-14 07:51:50'),
(1255, '2511108', 50, 3, 2, 1, 50.00, 50.00, 100.00, 5.00, 'ممتاز', 1, NULL, '2026-01-14 07:51:50', '2026-01-14 07:51:50'),
(1256, '2511109', 50, 3, 2, 1, 47.00, 46.00, 93.00, 4.65, 'ممتاز', 1, NULL, '2026-01-14 07:51:50', '2026-01-14 07:51:50'),
(1257, '2511210', 50, 3, 2, 1, 49.00, 48.00, 97.00, 4.85, 'ممتاز', 1, NULL, '2026-01-14 07:51:50', '2026-01-14 07:51:50'),
(1258, '2511211', 50, 3, 2, 1, 50.00, 49.00, 99.00, 4.95, 'ممتاز', 1, NULL, '2026-01-14 07:51:50', '2026-01-14 07:51:50'),
(1259, '2511212', 50, 3, 2, 1, 47.00, 50.00, 97.00, 4.85, 'ممتاز', 1, NULL, '2026-01-14 07:51:50', '2026-01-14 07:51:50'),
(1260, '2511213', 50, 3, 2, 1, 30.00, 26.00, 0.00, 0.00, 'ضعيف', 0, NULL, '2026-01-14 07:51:50', '2026-01-14 07:51:50'),
(1261, '2511214', 50, 3, 2, 1, 32.00, 14.00, 0.00, 0.00, 'ضعيف', 0, NULL, '2026-01-14 07:51:50', '2026-01-14 07:51:50'),
(1262, '2511215', 50, 3, 2, 1, 45.00, 36.00, 81.00, 4.05, 'جيد جدا', 1, NULL, '2026-01-14 07:51:50', '2026-01-14 07:51:50'),
(1263, '2511216', 50, 3, 2, 1, 46.00, 50.00, 96.00, 4.80, 'ممتاز', 1, NULL, '2026-01-14 07:51:50', '2026-01-14 07:51:50'),
(1264, '2511218', 50, 3, 2, 1, 47.00, 44.00, 91.00, 4.55, 'ممتاز', 1, NULL, '2026-01-14 07:51:50', '2026-01-14 07:51:50'),
(1265, '2511219', 50, 3, 2, 1, 41.00, 41.00, 82.00, 4.10, 'جيد جدا', 1, NULL, '2026-01-14 07:51:50', '2026-01-14 07:51:50'),
(1266, '2511220', 50, 3, 2, 1, 50.00, 48.00, 98.00, 4.90, 'ممتاز', 1, NULL, '2026-01-14 07:51:50', '2026-01-14 07:51:50'),
(1267, '2511221', 50, 3, 2, 1, 0.00, 0.00, 0.00, 0.00, 'محروم', 0, NULL, '2026-01-14 07:51:50', '2026-01-14 07:51:50'),
(1268, '2511123', 50, 3, 2, 1, 0.00, 0.00, 0.00, 0.00, 'محروم', 0, NULL, '2026-01-14 07:51:50', '2026-01-14 07:51:50'),
(1269, '2521101', 73, 3, 2, 1, 30.00, 30.00, 60.00, 3.00, 'مقبول', 1, NULL, '2026-01-20 07:32:45', '2026-01-20 07:32:45'),
(1270, '2521102', 73, 3, 2, 1, 28.00, 8.00, 0.00, 0.00, 'ضعيف', 0, NULL, '2026-01-20 07:32:45', '2026-01-20 07:32:45'),
(1271, '2521104', 73, 3, 2, 1, 30.00, 6.00, 0.00, 0.00, 'ضعيف', 0, NULL, '2026-01-20 07:32:45', '2026-01-20 07:32:45'),
(1272, '2521105', 73, 3, 2, 1, 30.00, 14.00, 0.00, 0.00, 'ضعيف', 0, NULL, '2026-01-20 07:32:45', '2026-01-20 07:32:45'),
(1273, '2521107', 73, 3, 2, 1, 30.00, 37.00, 67.00, 3.35, 'جيد', 1, NULL, '2026-01-20 07:32:45', '2026-01-20 07:32:45'),
(1274, '2521108', 73, 3, 2, 1, 30.00, 30.00, 60.00, 3.00, 'مقبول', 1, NULL, '2026-01-20 07:32:45', '2026-01-20 07:32:45'),
(1275, '2521110', 73, 3, 2, 1, 36.00, 40.00, 76.00, 3.80, 'جيد', 1, NULL, '2026-01-20 07:32:45', '2026-01-20 07:32:45'),
(1276, '2521111', 73, 3, 2, 1, 0.00, 0.00, 0.00, 0.00, 'محروم', 0, NULL, '2026-01-20 07:32:45', '2026-01-20 07:32:45'),
(1277, '2521112', 73, 3, 2, 1, 32.00, 8.00, 0.00, 0.00, 'ضعيف', 0, NULL, '2026-01-20 07:32:45', '2026-01-20 07:32:45'),
(1278, '2521113', 73, 3, 2, 1, 35.00, 42.00, 77.00, 3.85, 'جيد', 1, NULL, '2026-01-20 07:32:45', '2026-01-20 07:32:45'),
(1279, '2521114', 73, 3, 2, 1, 40.00, 56.00, 96.00, 4.80, 'ممتاز', 1, NULL, '2026-01-20 07:32:45', '2026-01-20 07:32:45'),
(1280, '2521215', 73, 3, 2, 1, 33.00, 9.00, 0.00, 0.00, 'ضعيف', 0, NULL, '2026-01-20 07:32:45', '2026-01-20 07:32:45'),
(1281, '2521216', 73, 3, 2, 1, 40.00, 58.00, 98.00, 4.90, 'ممتاز', 1, NULL, '2026-01-20 07:32:45', '2026-01-20 07:32:45'),
(1282, '2521217', 73, 3, 2, 1, 32.00, 35.00, 67.00, 3.35, 'جيد', 1, NULL, '2026-01-20 07:32:45', '2026-01-20 07:32:45'),
(1283, '2521118', 73, 3, 2, 1, 0.00, 0.00, 0.00, 0.00, 'محروم', 0, NULL, '2026-01-20 07:32:45', '2026-01-20 07:32:45'),
(1284, '2521119', 73, 3, 2, 1, 29.00, 8.00, 0.00, 0.00, 'ضعيف', 0, NULL, '2026-01-20 07:32:45', '2026-01-20 07:32:45'),
(1285, '2521220', 73, 3, 2, 1, 40.00, 59.00, 99.00, 4.95, 'ممتاز', 1, NULL, '2026-01-20 07:32:45', '2026-01-20 07:32:45'),
(1286, '2521221', 73, 3, 2, 1, 38.00, 39.00, 77.00, 3.85, 'جيد', 1, NULL, '2026-01-20 07:32:45', '2026-01-20 07:32:45'),
(1287, '2521124', 73, 3, 2, 1, 30.00, 11.00, 0.00, 0.00, 'ضعيف', 0, NULL, '2026-01-20 07:32:45', '2026-01-20 07:32:45'),
(1288, '2621201', 56, 1, 2, 1, 38.00, 58.00, 96.00, 4.80, 'ممتاز', 1, NULL, '2026-01-20 08:27:11', '2026-01-20 08:27:11'),
(1289, '2621102', 56, 1, 2, 1, 40.00, 60.00, 100.00, 5.00, 'ممتاز', 1, NULL, '2026-01-20 08:27:11', '2026-01-20 08:27:11'),
(1290, '2621103', 56, 1, 2, 1, 38.00, 58.00, 96.00, 4.80, 'ممتاز', 1, NULL, '2026-01-20 08:27:11', '2026-01-20 08:27:11'),
(1291, '2621204', 56, 1, 2, 1, 39.00, 35.00, 74.00, 3.70, 'جيد', 1, NULL, '2026-01-20 08:27:11', '2026-01-20 08:27:11'),
(1292, '2621105', 56, 1, 2, 1, 38.00, 53.00, 91.00, 4.55, 'ممتاز', 1, NULL, '2026-01-20 08:27:11', '2026-01-20 08:27:11'),
(1293, '2621106', 56, 1, 2, 1, 39.00, 56.00, 95.00, 4.75, 'ممتاز', 1, NULL, '2026-01-20 08:27:11', '2026-01-20 08:27:11'),
(1294, '2621207', 56, 1, 2, 1, 37.00, 54.00, 91.00, 4.55, 'ممتاز', 1, NULL, '2026-01-20 08:27:11', '2026-01-20 08:27:11'),
(1295, '2621108', 56, 1, 2, 1, 33.00, 37.00, 70.00, 3.50, 'جيد', 1, NULL, '2026-01-20 08:27:11', '2026-01-20 08:27:11'),
(1296, '2621109', 56, 1, 2, 1, 25.00, 0.00, 0.00, 0.00, 'غائب', 0, NULL, '2026-01-20 08:27:11', '2026-01-20 08:27:11'),
(1297, '2621210', 56, 1, 2, 1, 40.00, 54.00, 94.00, 4.70, 'ممتاز', 1, NULL, '2026-01-20 08:27:11', '2026-01-20 08:27:11'),
(1298, '2621111', 56, 1, 2, 1, 37.00, 58.00, 95.00, 4.75, 'ممتاز', 1, NULL, '2026-01-20 08:27:11', '2026-01-20 08:27:11'),
(1299, '2621212', 56, 1, 2, 1, 40.00, 58.00, 98.00, 4.90, 'ممتاز', 1, NULL, '2026-01-20 08:27:11', '2026-01-20 08:27:11'),
(1300, '2621113', 56, 1, 2, 1, 25.00, 0.00, 0.00, 0.00, 'غائب', 0, NULL, '2026-01-20 08:27:11', '2026-01-20 08:27:11'),
(1301, '2621114', 56, 1, 2, 1, 36.00, 36.00, 72.00, 3.60, 'جيد', 1, NULL, '2026-01-20 08:27:11', '2026-01-20 08:27:11'),
(1302, '2621115', 56, 1, 2, 1, 0.00, 0.00, 0.00, 0.00, 'محروم', 0, NULL, '2026-01-20 08:27:11', '2026-01-20 08:27:11'),
(1303, '2621116', 56, 1, 2, 1, 40.00, 60.00, 100.00, 5.00, 'ممتاز', 1, NULL, '2026-01-20 08:27:11', '2026-01-20 08:27:11'),
(1304, '2621117', 56, 1, 2, 1, 30.00, 0.00, 0.00, 0.00, 'غائب', 0, NULL, '2026-01-20 08:27:11', '2026-01-20 08:27:11'),
(1305, '2621218', 56, 1, 2, 1, 38.00, 53.00, 91.00, 4.55, 'ممتاز', 1, NULL, '2026-01-20 08:27:11', '2026-01-20 08:27:11'),
(1306, '2521101', 70, 3, 2, 1, 42.00, 41.00, 83.00, 4.15, 'جيد جدا', 1, NULL, '2026-01-20 08:35:02', '2026-01-20 08:35:02'),
(1307, '2521102', 70, 3, 2, 1, 35.00, 27.00, 62.00, 3.10, 'مقبول', 1, NULL, '2026-01-20 08:35:02', '2026-01-20 08:35:02'),
(1308, '2521104', 70, 3, 2, 1, 35.00, 26.00, 61.00, 3.05, 'مقبول', 1, NULL, '2026-01-20 08:35:02', '2026-01-20 08:35:02'),
(1309, '2521105', 70, 3, 2, 1, 43.00, 31.00, 74.00, 3.70, 'جيد', 1, NULL, '2026-01-20 08:35:02', '2026-01-20 08:35:02'),
(1310, '2521107', 70, 3, 2, 1, 44.00, 30.00, 74.00, 3.70, 'جيد', 1, NULL, '2026-01-20 08:35:02', '2026-01-20 08:35:02'),
(1311, '2521108', 70, 3, 2, 1, 40.00, 38.00, 78.00, 3.90, 'جيد', 1, NULL, '2026-01-20 08:35:02', '2026-01-20 08:35:02'),
(1312, '2521110', 70, 3, 2, 1, 45.00, 37.00, 82.00, 4.10, 'جيد جدا', 1, NULL, '2026-01-20 08:35:02', '2026-01-20 08:35:02'),
(1313, '2521111', 70, 3, 2, 1, 0.00, 0.00, 0.00, 0.00, 'محروم', 0, NULL, '2026-01-20 08:35:02', '2026-01-20 08:35:02'),
(1314, '2521112', 70, 3, 2, 1, 42.00, 29.00, 71.00, 3.55, 'جيد', 1, NULL, '2026-01-20 08:35:02', '2026-01-20 08:35:02'),
(1315, '2521113', 70, 3, 2, 1, 46.00, 48.00, 94.00, 4.70, 'ممتاز', 1, NULL, '2026-01-20 08:35:02', '2026-01-20 08:35:02'),
(1316, '2521114', 70, 3, 2, 1, 46.00, 45.00, 91.00, 4.55, 'ممتاز', 1, NULL, '2026-01-20 08:35:02', '2026-01-20 08:35:02'),
(1317, '2521215', 70, 3, 2, 1, 40.00, 32.00, 72.00, 3.60, 'جيد', 1, NULL, '2026-01-20 08:35:02', '2026-01-20 08:35:02'),
(1318, '2521216', 70, 3, 2, 1, 50.00, 47.00, 97.00, 4.85, 'ممتاز', 1, NULL, '2026-01-20 08:35:02', '2026-01-20 08:35:02'),
(1319, '2521217', 70, 3, 2, 1, 40.00, 37.00, 77.00, 3.85, 'جيد', 1, NULL, '2026-01-20 08:35:02', '2026-01-20 08:35:02'),
(1320, '2521118', 70, 3, 2, 1, 0.00, 0.00, 0.00, 0.00, 'محروم', 0, NULL, '2026-01-20 08:35:02', '2026-01-20 08:35:02'),
(1321, '2521119', 70, 3, 2, 1, 40.00, 32.00, 72.00, 3.60, 'جيد', 1, NULL, '2026-01-20 08:35:02', '2026-01-20 08:35:02'),
(1322, '2521220', 70, 3, 2, 1, 48.00, 48.00, 96.00, 4.80, 'ممتاز', 1, NULL, '2026-01-20 08:35:02', '2026-01-20 08:35:02'),
(1323, '2521221', 70, 3, 2, 1, 41.00, 39.00, 80.00, 4.00, 'جيد جدا', 1, NULL, '2026-01-20 08:35:02', '2026-01-20 08:35:02'),
(1324, '2521124', 70, 3, 2, 1, 38.00, 0.00, 0.00, 0.00, 'غائب', 0, NULL, '2026-01-20 08:35:02', '2026-01-20 08:35:02'),
(1325, '2521101', 71, 3, 2, 1, 35.00, 41.00, 76.00, 3.80, 'جيد', 1, NULL, '2026-01-21 08:09:03', '2026-01-21 08:09:03'),
(1326, '2521102', 71, 3, 2, 1, 36.00, 42.00, 78.00, 3.90, 'جيد', 1, NULL, '2026-01-21 08:09:03', '2026-01-21 08:09:03'),
(1327, '2521104', 71, 3, 2, 1, 40.00, 36.00, 76.00, 3.80, 'جيد', 1, NULL, '2026-01-21 08:09:03', '2026-01-21 08:09:03'),
(1328, '2521105', 71, 3, 2, 1, 44.00, 25.00, 69.00, 3.45, 'جيد', 1, NULL, '2026-01-21 08:09:03', '2026-01-21 08:09:03'),
(1329, '2521107', 71, 3, 2, 1, 48.00, 28.00, 76.00, 3.80, 'جيد', 1, NULL, '2026-01-21 08:09:03', '2026-01-21 08:09:03'),
(1330, '2521108', 71, 3, 2, 1, 38.00, 33.00, 71.00, 3.55, 'جيد', 1, NULL, '2026-01-21 08:09:03', '2026-01-21 08:09:03'),
(1331, '2521110', 71, 3, 2, 1, 43.00, 35.00, 78.00, 3.90, 'جيد', 1, NULL, '2026-01-21 08:09:03', '2026-01-21 08:09:03'),
(1332, '2521111', 71, 3, 2, 1, 0.00, 0.00, 0.00, 0.00, 'محروم', 0, NULL, '2026-01-21 08:09:03', '2026-01-21 08:09:03'),
(1333, '2521112', 71, 3, 2, 1, 36.00, 27.00, 63.00, 3.15, 'مقبول', 1, NULL, '2026-01-21 08:09:03', '2026-01-21 08:09:03'),
(1334, '2521113', 71, 3, 2, 1, 46.00, 50.00, 96.00, 4.80, 'ممتاز', 1, NULL, '2026-01-21 08:09:03', '2026-01-21 08:09:03'),
(1335, '2521114', 71, 3, 2, 1, 44.00, 50.00, 94.00, 4.70, 'ممتاز', 1, NULL, '2026-01-21 08:09:03', '2026-01-21 08:09:03'),
(1336, '2521215', 71, 3, 2, 1, 41.00, 40.00, 81.00, 4.05, 'جيد جدا', 1, NULL, '2026-01-21 08:09:03', '2026-01-21 10:16:19'),
(1337, '2521216', 71, 3, 2, 1, 50.00, 50.00, 100.00, 5.00, 'ممتاز', 1, NULL, '2026-01-21 08:09:03', '2026-01-21 08:09:03'),
(1338, '2521217', 71, 3, 2, 1, 48.00, 32.00, 80.00, 4.00, 'جيد جدا', 1, NULL, '2026-01-21 08:09:03', '2026-01-21 08:09:03'),
(1339, '2521118', 71, 3, 2, 1, 0.00, 0.00, 0.00, 0.00, 'محروم', 0, NULL, '2026-01-21 08:09:03', '2026-01-21 08:09:03'),
(1340, '2521119', 71, 3, 2, 1, 38.00, 25.00, 63.00, 3.15, 'مقبول', 1, NULL, '2026-01-21 08:09:03', '2026-01-21 08:09:03'),
(1341, '2521220', 71, 3, 2, 1, 50.00, 50.00, 100.00, 5.00, 'ممتاز', 1, NULL, '2026-01-21 08:09:03', '2026-01-21 08:09:03'),
(1342, '2521221', 71, 3, 2, 1, 42.00, 32.00, 74.00, 3.70, 'جيد', 1, NULL, '2026-01-21 08:09:03', '2026-01-21 08:09:03'),
(1343, '2521124', 71, 3, 2, 1, 39.00, 41.00, 80.00, 4.00, 'جيد جدا', 1, NULL, '2026-01-21 08:09:03', '2026-01-21 08:09:03'),
(1344, '2611201', 5, 1, 2, 1, 41.00, 35.00, 76.00, 3.80, 'جيد', 1, NULL, '2026-01-21 08:26:04', '2026-01-21 08:26:04'),
(1345, '2611202', 5, 1, 2, 1, 37.00, 15.00, 0.00, 0.00, 'ضعيف', 0, NULL, '2026-01-21 08:26:04', '2026-01-21 08:26:04'),
(1346, '2611203', 5, 1, 2, 1, 42.00, 40.00, 82.00, 4.10, 'جيد جدا', 1, NULL, '2026-01-21 08:26:04', '2026-01-21 08:26:04'),
(1347, '2611104', 5, 1, 2, 1, 36.00, 30.00, 66.00, 3.30, 'مقبول', 1, NULL, '2026-01-21 08:26:04', '2026-01-21 08:26:04'),
(1348, '2611205', 5, 1, 2, 1, 33.00, 15.00, 0.00, 0.00, 'ضعيف', 0, NULL, '2026-01-21 08:26:04', '2026-01-21 08:26:04'),
(1349, '2611206', 5, 1, 2, 1, 42.00, 49.00, 91.00, 4.55, 'ممتاز', 1, NULL, '2026-01-21 08:26:04', '2026-01-21 08:26:04'),
(1350, '2611207', 5, 1, 2, 1, 0.00, 0.00, 0.00, 0.00, 'محروم', 0, NULL, '2026-01-21 08:26:04', '2026-01-21 08:26:04'),
(1351, '2611208', 5, 1, 2, 1, 47.00, 47.00, 94.00, 4.70, 'ممتاز', 1, NULL, '2026-01-21 08:26:04', '2026-01-21 08:26:04'),
(1352, '2611209', 5, 1, 2, 1, 41.00, 43.00, 84.00, 4.20, 'جيد جدا', 1, NULL, '2026-01-21 08:26:04', '2026-01-21 08:26:04'),
(1353, '2611110', 5, 1, 2, 1, 36.00, 42.00, 78.00, 3.90, 'جيد', 1, NULL, '2026-01-21 08:26:04', '2026-01-21 08:26:04'),
(1354, '2611111', 5, 1, 2, 1, 40.00, 35.00, 75.00, 3.75, 'جيد', 1, NULL, '2026-01-21 08:26:04', '2026-01-21 08:26:04'),
(1355, '2611212', 5, 1, 2, 1, 49.00, 48.00, 97.00, 4.85, 'ممتاز', 1, NULL, '2026-01-21 08:26:04', '2026-01-21 08:26:04'),
(1356, '2611213', 5, 1, 2, 1, 40.00, 40.00, 80.00, 4.00, 'جيد جدا', 1, NULL, '2026-01-21 08:26:04', '2026-01-21 08:26:04'),
(1357, '2611214', 5, 1, 2, 1, 43.00, 44.00, 87.00, 4.35, 'جيد جدا', 1, NULL, '2026-01-21 08:26:04', '2026-01-21 08:26:04'),
(1358, '2611215', 5, 1, 2, 1, 50.00, 49.00, 99.00, 4.95, 'ممتاز', 1, NULL, '2026-01-21 08:26:04', '2026-01-21 08:26:04'),
(1359, '2611216', 5, 1, 2, 1, 47.00, 48.00, 95.00, 4.75, 'ممتاز', 1, NULL, '2026-01-21 08:26:04', '2026-01-21 08:26:04'),
(1360, '2611117', 5, 1, 2, 1, 40.00, 25.00, 65.00, 3.25, 'مقبول', 1, NULL, '2026-01-21 08:26:04', '2026-01-21 08:26:04'),
(1361, '2611218', 5, 1, 2, 1, 32.00, 33.00, 65.00, 3.25, 'مقبول', 1, NULL, '2026-01-21 08:26:04', '2026-01-21 08:26:04'),
(1362, '2621201', 60, 1, 2, 1, 47.00, 31.00, 78.00, 3.90, 'جيد', 1, NULL, '2026-01-21 08:28:56', '2026-01-21 08:28:56'),
(1363, '2621102', 60, 1, 2, 1, 50.00, 47.00, 97.00, 4.85, 'ممتاز', 1, NULL, '2026-01-21 08:28:56', '2026-01-21 08:28:56'),
(1364, '2621103', 60, 1, 2, 1, 49.00, 50.00, 99.00, 4.95, 'ممتاز', 1, NULL, '2026-01-21 08:28:56', '2026-01-21 08:28:56'),
(1365, '2621204', 60, 1, 2, 1, 49.00, 36.00, 85.00, 4.25, 'جيد جدا', 1, NULL, '2026-01-21 08:28:56', '2026-01-21 08:28:56'),
(1366, '2621105', 60, 1, 2, 1, 50.00, 46.00, 96.00, 4.80, 'ممتاز', 1, NULL, '2026-01-21 08:28:56', '2026-01-21 08:28:56'),
(1367, '2621106', 60, 1, 2, 1, 48.00, 32.00, 80.00, 4.00, 'جيد جدا', 1, NULL, '2026-01-21 08:28:56', '2026-01-21 08:28:56'),
(1368, '2621207', 60, 1, 2, 1, 48.00, 42.00, 90.00, 4.50, 'ممتاز', 1, NULL, '2026-01-21 08:28:56', '2026-01-21 08:28:56'),
(1369, '2621108', 60, 1, 2, 1, 47.00, 25.00, 72.00, 3.60, 'جيد', 1, NULL, '2026-01-21 08:28:56', '2026-01-21 08:28:56'),
(1370, '2621109', 60, 1, 2, 1, 42.00, 33.00, 75.00, 3.75, 'جيد', 1, NULL, '2026-01-21 08:28:56', '2026-01-21 08:28:56'),
(1371, '2621210', 60, 1, 2, 1, 50.00, 36.00, 86.00, 4.30, 'جيد جدا', 1, NULL, '2026-01-21 08:28:56', '2026-01-21 08:28:56'),
(1372, '2621111', 60, 1, 2, 1, 47.00, 49.00, 96.00, 4.80, 'ممتاز', 1, NULL, '2026-01-21 08:28:56', '2026-01-21 08:28:56'),
(1373, '2621212', 60, 1, 2, 1, 50.00, 50.00, 100.00, 5.00, 'ممتاز', 1, NULL, '2026-01-21 08:28:56', '2026-01-21 08:28:56'),
(1374, '2621113', 60, 1, 2, 1, 35.00, 40.00, 75.00, 3.75, 'جيد', 1, NULL, '2026-01-21 08:28:56', '2026-01-21 08:28:56'),
(1375, '2621114', 60, 1, 2, 1, 50.00, 33.00, 83.00, 4.15, 'جيد جدا', 1, NULL, '2026-01-21 08:28:57', '2026-01-21 08:28:57'),
(1376, '2621115', 60, 1, 2, 1, 0.00, 0.00, 0.00, 0.00, 'محروم', 0, NULL, '2026-01-21 08:28:57', '2026-01-21 08:28:57'),
(1377, '2621116', 60, 1, 2, 1, 50.00, 45.00, 95.00, 4.75, 'ممتاز', 1, NULL, '2026-01-21 08:28:57', '2026-01-21 08:28:57'),
(1378, '2621117', 60, 1, 2, 1, 25.00, 0.00, 0.00, 0.00, 'غائب', 0, NULL, '2026-01-21 08:28:57', '2026-01-21 08:28:57'),
(1379, '2621218', 60, 1, 2, 1, 47.00, 43.00, 90.00, 4.50, 'ممتاز', 1, NULL, '2026-01-21 08:28:57', '2026-01-21 08:28:57'),
(1380, '2611201', 3, 1, 2, 1, 31.00, 46.00, 77.00, 3.85, 'جيد', 1, NULL, '2026-01-21 08:33:22', '2026-01-21 08:33:22'),
(1381, '2611202', 3, 1, 2, 1, 32.00, 38.00, 70.00, 3.50, 'جيد', 1, NULL, '2026-01-21 08:33:22', '2026-01-21 08:33:22'),
(1382, '2611203', 3, 1, 2, 1, 33.00, 52.00, 85.00, 4.25, 'جيد جدا', 1, NULL, '2026-01-21 08:33:22', '2026-01-21 08:33:22'),
(1383, '2611104', 3, 1, 2, 1, 35.00, 30.00, 65.00, 3.25, 'مقبول', 1, NULL, '2026-01-21 08:33:22', '2026-01-21 08:33:22'),
(1384, '2611205', 3, 1, 2, 1, 31.00, 34.00, 65.00, 3.25, 'مقبول', 1, NULL, '2026-01-21 08:33:22', '2026-01-21 08:33:22'),
(1385, '2611206', 3, 1, 2, 1, 38.00, 52.00, 90.00, 4.50, 'ممتاز', 1, NULL, '2026-01-21 08:33:22', '2026-01-21 08:33:22'),
(1386, '2611207', 3, 1, 2, 1, 0.00, 0.00, 0.00, 0.00, 'محروم', 0, NULL, '2026-01-21 08:33:22', '2026-01-21 08:33:22'),
(1387, '2611208', 3, 1, 2, 1, 37.00, 58.00, 95.00, 4.75, 'ممتاز', 1, NULL, '2026-01-21 08:33:22', '2026-01-21 08:33:22'),
(1388, '2611209', 3, 1, 2, 1, 31.00, 40.00, 71.00, 3.55, 'جيد', 1, NULL, '2026-01-21 08:33:22', '2026-01-21 08:33:22'),
(1389, '2611110', 3, 1, 2, 1, 32.00, 34.00, 66.00, 3.30, 'مقبول', 1, NULL, '2026-01-21 08:33:22', '2026-01-21 08:33:22'),
(1390, '2611111', 3, 1, 2, 1, 30.00, 41.00, 71.00, 3.55, 'جيد', 1, NULL, '2026-01-21 08:33:22', '2026-01-21 08:33:22'),
(1391, '2611212', 3, 1, 2, 1, 32.00, 44.00, 76.00, 3.80, 'جيد', 1, NULL, '2026-01-21 08:33:22', '2026-01-21 08:33:22'),
(1392, '2611213', 3, 1, 2, 1, 39.00, 58.00, 97.00, 4.85, 'ممتاز', 1, NULL, '2026-01-21 08:33:22', '2026-01-21 08:33:22'),
(1393, '2611214', 3, 1, 2, 1, 38.00, 58.00, 96.00, 4.80, 'ممتاز', 1, NULL, '2026-01-21 08:33:22', '2026-01-21 08:33:22'),
(1394, '2611215', 3, 1, 2, 1, 39.00, 57.00, 96.00, 4.80, 'ممتاز', 1, NULL, '2026-01-21 08:33:22', '2026-01-21 08:33:22'),
(1395, '2611216', 3, 1, 2, 1, 33.00, 42.00, 75.00, 3.75, 'جيد', 1, NULL, '2026-01-21 08:33:22', '2026-01-21 08:33:22'),
(1396, '2611117', 3, 1, 2, 1, 30.00, 50.00, 80.00, 4.00, 'جيد جدا', 1, NULL, '2026-01-21 08:33:22', '2026-01-21 08:33:22'),
(1397, '2611218', 3, 1, 2, 1, 33.00, 32.00, 65.00, 3.25, 'مقبول', 1, NULL, '2026-01-21 08:33:22', '2026-01-21 08:33:22'),
(1398, '2611201', 4, 1, 2, 1, 48.00, 35.00, 83.00, 4.15, 'جيد جدا', 1, NULL, '2026-01-21 08:44:09', '2026-01-21 08:44:09'),
(1399, '2611202', 4, 1, 2, 1, 44.00, 26.00, 70.00, 3.50, 'جيد', 1, '+1', '2026-01-21 08:44:09', '2026-01-21 08:44:09'),
(1400, '2611203', 4, 1, 2, 1, 49.00, 31.00, 80.00, 4.00, 'جيد جدا', 1, '+1', '2026-01-21 08:44:09', '2026-01-21 08:44:09'),
(1401, '2611104', 4, 1, 2, 1, 48.00, 13.00, 0.00, 0.00, 'ضعيف', 0, NULL, '2026-01-21 08:44:09', '2026-01-21 08:44:09'),
(1402, '2611205', 4, 1, 2, 1, 46.00, 32.00, 78.00, 3.90, 'جيد', 1, NULL, '2026-01-21 08:44:09', '2026-01-21 08:44:09'),
(1403, '2611206', 4, 1, 2, 1, 49.00, 43.00, 92.00, 4.60, 'ممتاز', 1, NULL, '2026-01-21 08:44:09', '2026-01-21 08:44:09'),
(1404, '2611207', 4, 1, 2, 1, 0.00, 0.00, 0.00, 0.00, 'محروم', 0, NULL, '2026-01-21 08:44:09', '2026-01-21 08:44:09'),
(1405, '2611208', 4, 1, 2, 1, 50.00, 45.00, 95.00, 4.75, 'ممتاز', 1, NULL, '2026-01-21 08:44:09', '2026-01-21 08:44:09'),
(1406, '2611209', 4, 1, 2, 1, 48.00, 34.00, 82.00, 4.10, 'جيد جدا', 1, NULL, '2026-01-21 08:44:09', '2026-01-21 08:44:09'),
(1407, '2611110', 4, 1, 2, 1, 44.00, 37.00, 81.00, 4.05, 'جيد جدا', 1, NULL, '2026-01-21 08:44:09', '2026-01-21 08:44:09'),
(1408, '2611111', 4, 1, 2, 1, 50.00, 43.00, 93.00, 4.65, 'ممتاز', 1, NULL, '2026-01-21 08:44:09', '2026-01-21 08:44:09'),
(1409, '2611212', 4, 1, 2, 1, 49.00, 49.00, 98.00, 4.90, 'ممتاز', 1, NULL, '2026-01-21 08:44:09', '2026-01-21 08:44:09'),
(1410, '2611213', 4, 1, 2, 1, 50.00, 43.00, 93.00, 4.65, 'ممتاز', 1, NULL, '2026-01-21 08:44:09', '2026-01-21 08:44:09'),
(1411, '2611214', 4, 1, 2, 1, 48.00, 43.00, 91.00, 4.55, 'ممتاز', 1, NULL, '2026-01-21 08:44:09', '2026-01-21 08:44:09'),
(1412, '2611215', 4, 1, 2, 1, 50.00, 46.00, 96.00, 4.80, 'ممتاز', 1, NULL, '2026-01-21 08:44:09', '2026-01-21 08:44:09'),
(1413, '2611216', 4, 1, 2, 1, 50.00, 41.00, 91.00, 4.55, 'ممتاز', 1, NULL, '2026-01-21 08:44:09', '2026-01-21 08:44:09'),
(1414, '2611117', 4, 1, 2, 1, 48.00, 32.00, 80.00, 4.00, 'جيد جدا', 1, '+1', '2026-01-21 08:44:09', '2026-01-21 08:44:09'),
(1415, '2611218', 4, 1, 2, 1, 43.00, 14.00, 0.00, 0.00, 'ضعيف', 0, NULL, '2026-01-21 08:44:09', '2026-01-21 08:44:09'),
(1416, '2511202', 54, 3, 2, 1, 47.00, 44.00, 91.00, 4.55, 'ممتاز', 1, NULL, '2026-01-21 09:12:33', '2026-01-21 09:12:33'),
(1417, '2511203', 54, 3, 2, 1, 45.00, 33.00, 78.00, 3.90, 'جيد', 1, NULL, '2026-01-21 09:12:33', '2026-01-21 09:12:33'),
(1418, '2511204', 54, 3, 2, 1, 47.00, 35.00, 82.00, 4.10, 'جيد جدا', 1, NULL, '2026-01-21 09:12:33', '2026-01-21 09:12:33'),
(1419, '2511205', 54, 3, 2, 1, 25.00, 11.00, 0.00, 0.00, 'ضعيف', 0, NULL, '2026-01-21 09:12:33', '2026-01-21 09:12:33'),
(1420, '2511106', 54, 3, 2, 1, 47.00, 45.00, 92.00, 4.60, 'ممتاز', 1, NULL, '2026-01-21 09:12:33', '2026-01-21 09:12:33'),
(1421, '2511207', 54, 3, 2, 1, 48.00, 0.00, 0.00, 0.00, 'غائب', 0, NULL, '2026-01-21 09:12:33', '2026-01-21 09:12:33'),
(1422, '2511108', 54, 3, 2, 1, 49.00, 36.00, 85.00, 4.25, 'جيد جدا', 1, NULL, '2026-01-21 09:12:33', '2026-01-21 09:12:33'),
(1423, '2511109', 54, 3, 2, 1, 37.00, 29.00, 66.00, 3.30, 'مقبول', 1, NULL, '2026-01-21 09:12:33', '2026-01-21 09:12:33'),
(1424, '2511210', 54, 3, 2, 1, 49.00, 45.00, 94.00, 4.70, 'ممتاز', 1, NULL, '2026-01-21 09:12:33', '2026-01-21 09:12:33'),
(1425, '2511211', 54, 3, 2, 1, 49.00, 49.00, 98.00, 4.90, 'ممتاز', 1, NULL, '2026-01-21 09:12:33', '2026-01-21 09:12:33'),
(1426, '2511212', 54, 3, 2, 1, 43.00, 44.00, 87.00, 4.35, 'جيد جدا', 1, NULL, '2026-01-21 09:12:34', '2026-01-21 09:12:34'),
(1427, '2511213', 54, 3, 2, 1, 36.00, 20.00, 0.00, 0.00, 'ضعيف', 0, NULL, '2026-01-21 09:12:34', '2026-01-21 09:12:34'),
(1428, '2511214', 54, 3, 2, 1, 25.00, 0.00, 0.00, 0.00, 'غائب', 0, NULL, '2026-01-21 09:12:34', '2026-01-21 10:19:35'),
(1429, '2511215', 54, 3, 2, 1, 31.00, 39.00, 70.00, 3.50, 'جيد', 1, NULL, '2026-01-21 09:12:34', '2026-01-21 09:12:34'),
(1430, '2511216', 54, 3, 2, 1, 42.00, 43.00, 85.00, 4.25, 'جيد جدا', 1, NULL, '2026-01-21 09:12:34', '2026-01-21 09:12:34'),
(1431, '2511218', 54, 3, 2, 1, 45.00, 37.00, 82.00, 4.10, 'جيد جدا', 1, NULL, '2026-01-21 09:12:34', '2026-01-21 09:12:34'),
(1432, '2511219', 54, 3, 2, 1, 40.00, 25.00, 65.00, 3.25, 'مقبول', 1, NULL, '2026-01-21 09:12:34', '2026-01-21 09:12:34'),
(1433, '2511220', 54, 3, 2, 1, 37.00, 28.00, 65.00, 3.25, 'مقبول', 1, NULL, '2026-01-21 09:12:34', '2026-01-21 09:12:34'),
(1434, '2511221', 54, 3, 2, 1, 0.00, 0.00, 0.00, 0.00, 'محروم', 0, NULL, '2026-01-21 09:12:34', '2026-01-21 09:12:34'),
(1435, '2511123', 54, 3, 2, 1, 25.00, 12.00, 0.00, 0.00, 'ضعيف', 0, NULL, '2026-01-21 09:12:34', '2026-01-25 08:21:54'),
(1436, '2511202', 51, 3, 2, 1, 43.00, 45.00, 88.00, 4.40, 'جيد جدا', 1, NULL, '2026-01-21 09:17:44', '2026-01-21 09:17:44'),
(1437, '2511203', 51, 3, 2, 1, 41.00, 41.00, 82.00, 4.10, 'جيد جدا', 1, NULL, '2026-01-21 09:17:44', '2026-01-21 09:17:44'),
(1438, '2511204', 51, 3, 2, 1, 41.00, 31.00, 72.00, 3.60, 'جيد', 1, NULL, '2026-01-21 09:17:44', '2026-01-21 09:17:44'),
(1439, '2511205', 51, 3, 2, 1, 32.00, 16.00, 0.00, 0.00, 'ضعيف', 0, NULL, '2026-01-21 09:17:44', '2026-01-21 09:17:44'),
(1440, '2511106', 51, 3, 2, 1, 42.00, 46.00, 88.00, 4.40, 'جيد جدا', 1, NULL, '2026-01-21 09:17:44', '2026-01-21 09:17:44'),
(1441, '2511207', 51, 3, 2, 1, 39.00, 42.00, 81.00, 4.05, 'جيد جدا', 1, NULL, '2026-01-21 09:17:44', '2026-01-21 09:17:44'),
(1442, '2511108', 51, 3, 2, 1, 49.00, 45.00, 94.00, 4.70, 'ممتاز', 1, NULL, '2026-01-21 09:17:44', '2026-01-21 09:17:44'),
(1443, '2511109', 51, 3, 2, 1, 43.00, 38.00, 81.00, 4.05, 'جيد جدا', 1, NULL, '2026-01-21 09:17:44', '2026-01-21 09:17:44'),
(1444, '2511210', 51, 3, 2, 1, 46.00, 46.00, 92.00, 4.60, 'ممتاز', 1, NULL, '2026-01-21 09:17:44', '2026-01-21 09:17:44'),
(1445, '2511211', 51, 3, 2, 1, 47.00, 47.00, 94.00, 4.70, 'ممتاز', 1, NULL, '2026-01-21 09:17:44', '2026-01-21 09:17:44'),
(1446, '2511212', 51, 3, 2, 1, 36.00, 41.00, 77.00, 3.85, 'جيد', 1, NULL, '2026-01-21 09:17:44', '2026-01-21 09:17:44'),
(1447, '2511213', 51, 3, 2, 1, 34.00, 20.00, 0.00, 0.00, 'ضعيف', 0, NULL, '2026-01-21 09:17:44', '2026-01-21 09:17:44'),
(1448, '2511214', 51, 3, 2, 1, 35.00, 23.00, 0.00, 0.00, 'ضعيف', 0, NULL, '2026-01-21 09:17:44', '2026-01-21 09:17:44'),
(1449, '2511215', 51, 3, 2, 1, 37.00, 33.00, 70.00, 3.50, 'جيد', 1, NULL, '2026-01-21 09:17:44', '2026-01-21 09:17:44'),
(1450, '2511216', 51, 3, 2, 1, 43.00, 42.00, 85.00, 4.25, 'جيد جدا', 1, NULL, '2026-01-21 09:17:44', '2026-01-21 09:17:44'),
(1451, '2511218', 51, 3, 2, 1, 33.00, 35.00, 68.00, 3.40, 'مقبول', 1, NULL, '2026-01-21 09:17:44', '2026-01-21 09:17:44'),
(1452, '2511219', 51, 3, 2, 1, 40.00, 28.00, 68.00, 3.40, 'مقبول', 1, NULL, '2026-01-21 09:17:44', '2026-01-21 09:17:44'),
(1453, '2511220', 51, 3, 2, 1, 39.00, 36.00, 75.00, 3.75, 'جيد', 1, NULL, '2026-01-21 09:17:44', '2026-01-21 09:17:44'),
(1454, '2511221', 51, 3, 2, 1, 0.00, 0.00, 0.00, 0.00, 'محروم', 0, NULL, '2026-01-21 09:17:44', '2026-01-21 09:17:44'),
(1455, '2511123', 51, 3, 2, 1, 25.00, 14.00, 0.00, 0.00, 'ضعيف', 0, NULL, '2026-01-21 09:17:44', '2026-01-25 08:20:26'),
(1456, '2632101', 20, 1, 2, 1, 0.00, 0.00, 0.00, 0.00, 'محروم', 0, NULL, '2026-01-21 09:55:47', '2026-01-21 09:55:47'),
(1457, '2632102', 20, 1, 2, 1, 44.00, 32.00, 76.00, 3.80, 'جيد', 1, NULL, '2026-01-21 09:55:47', '2026-01-21 09:55:47'),
(1458, '2632203', 20, 1, 2, 1, 44.00, 27.00, 71.00, 3.55, 'جيد', 1, NULL, '2026-01-21 09:55:47', '2026-01-21 09:55:47'),
(1459, '2632104', 20, 1, 2, 1, 0.00, 0.00, 0.00, 0.00, 'محروم', 0, NULL, '2026-01-21 09:55:47', '2026-01-21 09:55:47'),
(1460, '2632105', 20, 1, 2, 1, 0.00, 0.00, 0.00, 0.00, 'محروم', 0, NULL, '2026-01-21 09:55:47', '2026-01-21 09:55:47'),
(1461, '2632106', 20, 1, 2, 1, 50.00, 36.00, 86.00, 4.30, 'جيد جدا', 1, NULL, '2026-01-21 09:55:47', '2026-01-21 09:55:47'),
(1462, '2632107', 20, 1, 2, 1, 41.00, 25.00, 66.00, 3.30, 'جيد', 1, NULL, '2026-01-21 09:55:47', '2026-01-21 09:55:47'),
(1463, '2632108', 20, 1, 2, 1, 47.00, 33.00, 80.00, 4.00, 'جيد جدا', 1, NULL, '2026-01-21 09:55:47', '2026-01-21 09:55:47'),
(1464, '2632109', 20, 1, 2, 1, 45.00, 25.00, 70.00, 3.50, 'جيد', 1, NULL, '2026-01-21 09:55:47', '2026-01-21 09:55:47'),
(1465, '2632110', 20, 1, 2, 1, 49.00, 42.00, 91.00, 4.55, 'ممتاز', 1, NULL, '2026-01-21 09:55:47', '2026-01-21 09:55:47'),
(1466, '2632111', 20, 1, 2, 1, 49.00, 38.00, 87.00, 4.35, 'جيد جدا', 1, NULL, '2026-01-21 09:55:47', '2026-01-21 09:55:47'),
(1467, '2632112', 20, 1, 2, 1, 47.00, 15.00, 0.00, 0.00, 'ضعيف', 0, NULL, '2026-01-21 09:55:47', '2026-01-21 09:55:47'),
(1468, '2632113', 20, 1, 2, 1, 48.00, 17.00, 0.00, 0.00, 'ضعيف', 0, NULL, '2026-01-21 09:55:47', '2026-01-21 09:55:47'),
(1469, '2632214', 20, 1, 2, 1, 0.00, 0.00, 0.00, 0.00, 'محروم', 0, NULL, '2026-01-21 09:55:47', '2026-01-21 09:55:47'),
(1470, '2632115', 20, 1, 2, 1, 39.00, 26.00, 65.00, 3.25, 'جيد', 1, NULL, '2026-01-21 09:55:47', '2026-01-21 09:55:47'),
(1471, '2632116', 20, 1, 2, 1, 47.00, 34.00, 81.00, 4.05, 'جيد جدا', 1, NULL, '2026-01-21 09:55:47', '2026-01-21 09:55:47'),
(1472, '2632217', 20, 1, 2, 1, 0.00, 0.00, 0.00, 0.00, 'محروم', 0, NULL, '2026-01-21 09:55:47', '2026-01-21 09:55:47'),
(1473, '2632118', 20, 1, 2, 1, 0.00, 0.00, 0.00, 0.00, 'محروم', 0, NULL, '2026-01-21 09:55:47', '2026-01-21 09:55:47'),
(1474, '2632101', 21, 1, 2, 1, 20.00, 0.00, 0.00, 0.00, 'غائب', 0, NULL, '2026-01-21 10:08:25', '2026-01-21 10:08:25'),
(1475, '2632102', 21, 1, 2, 1, 35.00, 38.00, 73.00, 3.65, 'جيد', 1, NULL, '2026-01-21 10:08:25', '2026-01-21 10:08:25'),
(1476, '2632203', 21, 1, 2, 1, 39.00, 48.00, 87.00, 4.35, 'جيد جدا', 1, NULL, '2026-01-21 10:08:25', '2026-01-21 10:08:25'),
(1477, '2632104', 21, 1, 2, 1, 20.00, 0.00, 0.00, 0.00, 'غائب', 0, NULL, '2026-01-21 10:08:25', '2026-01-21 10:08:25'),
(1478, '2632105', 21, 1, 2, 1, 20.00, 0.00, 0.00, 0.00, 'غائب', 0, NULL, '2026-01-21 10:08:25', '2026-01-21 10:08:25'),
(1479, '2632106', 21, 1, 2, 1, 39.00, 48.00, 87.00, 4.35, 'جيد جدا', 1, NULL, '2026-01-21 10:08:25', '2026-01-21 10:08:25'),
(1480, '2632107', 21, 1, 2, 1, 33.00, 38.00, 71.00, 3.55, 'جيد', 1, NULL, '2026-01-21 10:08:25', '2026-01-21 10:08:25'),
(1481, '2632108', 21, 1, 2, 1, 30.00, 47.00, 77.00, 3.85, 'جيد', 1, NULL, '2026-01-21 10:08:25', '2026-01-21 10:08:25'),
(1482, '2632109', 21, 1, 2, 1, 29.00, 30.00, 59.00, 2.95, 'مقبول', 1, NULL, '2026-01-21 10:08:25', '2026-01-21 10:08:25'),
(1483, '2632110', 21, 1, 2, 1, 39.00, 60.00, 99.00, 4.95, 'ممتاز', 1, NULL, '2026-01-21 10:08:25', '2026-01-21 10:08:25'),
(1484, '2632111', 21, 1, 2, 1, 33.00, 55.00, 88.00, 4.40, 'جيد جدا', 1, NULL, '2026-01-21 10:08:25', '2026-01-21 10:08:25'),
(1485, '2632112', 21, 1, 2, 1, 28.00, 30.00, 58.00, 2.90, 'مقبول', 1, NULL, '2026-01-21 10:08:25', '2026-01-21 10:08:25'),
(1486, '2632113', 21, 1, 2, 1, 33.00, 15.00, 0.00, 0.00, 'ضعيف', 0, NULL, '2026-01-21 10:08:25', '2026-01-21 10:08:25'),
(1487, '2632214', 21, 1, 2, 1, 20.00, 0.00, 0.00, 0.00, 'غائب', 0, NULL, '2026-01-21 10:08:25', '2026-01-21 10:08:25'),
(1488, '2632115', 21, 1, 2, 1, 31.00, 38.00, 69.00, 3.45, 'جيد', 1, NULL, '2026-01-21 10:08:25', '2026-01-21 10:08:25'),
(1489, '2632116', 21, 1, 2, 1, 34.00, 33.00, 67.00, 3.35, 'جيد', 1, NULL, '2026-01-21 10:08:26', '2026-01-21 10:08:26'),
(1490, '2632217', 21, 1, 2, 1, 25.00, 0.00, 0.00, 0.00, 'غائب', 0, NULL, '2026-01-21 10:08:26', '2026-01-21 10:08:26'),
(1491, '2632118', 21, 1, 2, 1, 20.00, 0.00, 0.00, 0.00, 'غائب', 0, NULL, '2026-01-21 10:08:26', '2026-01-21 10:08:26'),
(1492, '2632101', 16, 1, 2, 1, 0.00, 0.00, 0.00, 0.00, 'محروم', 0, NULL, '2026-01-21 10:12:47', '2026-01-21 10:12:47'),
(1493, '2632102', 16, 1, 2, 1, 30.00, 30.00, 60.00, 3.00, 'مقبول', 1, NULL, '2026-01-21 10:12:47', '2026-01-21 10:12:47'),
(1494, '2632203', 16, 1, 2, 1, 37.00, 43.00, 80.00, 4.00, 'جيد جدا', 1, NULL, '2026-01-21 10:12:47', '2026-01-21 10:12:47'),
(1495, '2632104', 16, 1, 2, 1, 0.00, 0.00, 0.00, 0.00, 'محروم', 0, NULL, '2026-01-21 10:12:47', '2026-01-21 10:12:47'),
(1496, '2632105', 16, 1, 2, 1, 0.00, 0.00, 0.00, 0.00, 'محروم', 0, NULL, '2026-01-21 10:12:47', '2026-01-21 10:12:47'),
(1497, '2632106', 16, 1, 2, 1, 38.00, 56.00, 94.00, 4.70, 'ممتاز', 1, NULL, '2026-01-21 10:12:47', '2026-01-21 10:12:47'),
(1498, '2632107', 16, 1, 2, 1, 30.00, 30.00, 60.00, 3.00, 'مقبول', 1, NULL, '2026-01-21 10:12:47', '2026-01-21 10:12:47'),
(1499, '2632108', 16, 1, 2, 1, 30.00, 32.00, 62.00, 3.10, 'مقبول', 1, NULL, '2026-01-21 10:12:47', '2026-01-21 10:12:47'),
(1500, '2632109', 16, 1, 2, 1, 25.00, 4.00, 0.00, 0.00, 'ضعيف', 0, NULL, '2026-01-21 10:12:47', '2026-01-21 10:12:47'),
(1501, '2632110', 16, 1, 2, 1, 34.00, 31.00, 65.00, 3.25, 'جيد', 1, '+1', '2026-01-21 10:12:47', '2026-02-01 09:52:35'),
(1502, '2632111', 16, 1, 2, 1, 30.00, 30.00, 60.00, 3.00, 'مقبول', 1, NULL, '2026-01-21 10:12:47', '2026-01-21 10:12:47'),
(1503, '2632112', 16, 1, 2, 1, 30.00, 30.00, 60.00, 3.00, 'مقبول', 1, NULL, '2026-01-21 10:12:47', '2026-01-21 10:12:47'),
(1504, '2632113', 16, 1, 2, 1, 30.00, 30.00, 60.00, 3.00, 'مقبول', 1, NULL, '2026-01-21 10:12:47', '2026-01-21 10:12:47'),
(1505, '2632214', 16, 1, 2, 1, 0.00, 0.00, 0.00, 0.00, 'محروم', 0, NULL, '2026-01-21 10:12:47', '2026-01-21 10:12:47'),
(1506, '2632115', 16, 1, 2, 1, 30.00, 30.00, 60.00, 3.00, 'مقبول', 1, NULL, '2026-01-21 10:12:47', '2026-01-21 10:12:47'),
(1507, '2632116', 16, 1, 2, 1, 31.00, 39.00, 70.00, 3.50, 'جيد', 1, NULL, '2026-01-21 10:12:47', '2026-01-21 10:12:47'),
(1508, '2632217', 16, 1, 2, 1, 0.00, 0.00, 0.00, 0.00, 'محروم', 0, NULL, '2026-01-21 10:12:47', '2026-01-21 10:12:47'),
(1509, '2632118', 16, 1, 2, 1, 0.00, 0.00, 0.00, 0.00, 'محروم', 0, NULL, '2026-01-21 10:12:47', '2026-01-21 10:12:47'),
(1510, '2632101', 18, 1, 2, 1, 0.00, 0.00, 0.00, 0.00, 'محروم', 0, NULL, '2026-01-21 10:16:08', '2026-01-21 10:16:08'),
(1511, '2632102', 18, 1, 2, 1, 36.00, 31.00, 67.00, 3.35, 'جيد', 1, NULL, '2026-01-21 10:16:08', '2026-01-21 10:16:08'),
(1512, '2632203', 18, 1, 2, 1, 31.00, 30.00, 61.00, 3.05, 'مقبول', 1, NULL, '2026-01-21 10:16:08', '2026-01-21 10:16:08'),
(1513, '2632104', 18, 1, 2, 1, 0.00, 0.00, 0.00, 0.00, 'محروم', 0, NULL, '2026-01-21 10:16:08', '2026-01-21 10:16:08'),
(1514, '2632105', 18, 1, 2, 1, 0.00, 0.00, 0.00, 0.00, 'محروم', 0, NULL, '2026-01-21 10:16:08', '2026-01-21 10:16:08'),
(1515, '2632106', 18, 1, 2, 1, 39.00, 46.00, 85.00, 4.25, 'جيد جدا', 1, NULL, '2026-01-21 10:16:08', '2026-01-21 10:16:08'),
(1516, '2632107', 18, 1, 2, 1, 30.00, 35.00, 65.00, 3.25, 'جيد', 1, NULL, '2026-01-21 10:16:08', '2026-01-21 10:16:08'),
(1517, '2632108', 18, 1, 2, 1, 30.00, 38.00, 68.00, 3.40, 'جيد', 1, NULL, '2026-01-21 10:16:08', '2026-01-21 10:16:08');
INSERT INTO `grades` (`id`, `student_id`, `course_id`, `semester_id`, `academic_year_id`, `turn`, `gsemster`, `gexam`, `gfinal`, `gpa`, `letter_grade`, `result`, `note`, `created_at`, `updated_at`) VALUES
(1518, '2632109', 18, 1, 2, 1, 34.00, 33.00, 67.00, 3.35, 'جيد', 1, NULL, '2026-01-21 10:16:08', '2026-01-21 10:16:08'),
(1519, '2632110', 18, 1, 2, 1, 40.00, 57.00, 97.00, 4.85, 'ممتاز', 1, NULL, '2026-01-21 10:16:08', '2026-01-21 10:16:08'),
(1520, '2632111', 18, 1, 2, 1, 37.00, 41.00, 78.00, 3.90, 'جيد', 1, NULL, '2026-01-21 10:16:08', '2026-01-21 10:16:08'),
(1521, '2632112', 18, 1, 2, 1, 30.00, 30.00, 60.00, 3.00, 'مقبول', 1, NULL, '2026-01-21 10:16:08', '2026-01-21 10:16:08'),
(1522, '2632113', 18, 1, 2, 1, 25.00, 30.00, 55.00, 2.75, 'مقبول', 1, NULL, '2026-01-21 10:16:08', '2026-01-21 10:16:08'),
(1523, '2632214', 18, 1, 2, 1, 0.00, 0.00, 0.00, 0.00, 'محروم', 0, NULL, '2026-01-21 10:16:08', '2026-01-21 10:16:08'),
(1524, '2632115', 18, 1, 2, 1, 25.00, 30.00, 55.00, 2.75, 'مقبول', 1, NULL, '2026-01-21 10:16:08', '2026-01-21 10:16:08'),
(1525, '2632116', 18, 1, 2, 1, 25.00, 30.00, 55.00, 2.75, 'مقبول', 1, NULL, '2026-01-21 10:16:08', '2026-01-21 10:16:08'),
(1526, '2632217', 18, 1, 2, 1, 0.00, 0.00, 0.00, 0.00, 'محروم', 0, NULL, '2026-01-21 10:16:08', '2026-01-21 10:16:08'),
(1527, '2632118', 18, 1, 2, 1, 0.00, 0.00, 0.00, 0.00, 'محروم', 0, NULL, '2026-01-21 10:16:08', '2026-01-21 10:16:08'),
(1528, '2532101', 45, 3, 2, 1, 32.00, 48.00, 80.00, 4.00, 'جيد جدا', 1, NULL, '2026-01-21 10:28:18', '2026-01-21 10:28:18'),
(1529, '2532102', 45, 3, 2, 1, 40.00, 52.00, 92.00, 4.60, 'ممتاز', 1, NULL, '2026-01-21 10:28:18', '2026-01-21 10:28:18'),
(1530, '2531203', 45, 3, 2, 1, 40.00, 58.00, 98.00, 4.90, 'ممتاز', 1, NULL, '2026-01-21 10:28:18', '2026-01-21 10:28:18'),
(1531, '2532104', 45, 3, 2, 1, 39.00, 47.00, 86.00, 4.30, 'جيد جدا', 1, NULL, '2026-01-21 10:28:18', '2026-01-21 10:28:18'),
(1532, '2532105', 45, 3, 2, 1, 40.00, 56.00, 96.00, 4.80, 'ممتاز', 1, NULL, '2026-01-21 10:28:18', '2026-01-21 10:28:18'),
(1533, '2532107', 45, 3, 2, 1, 40.00, 0.00, 0.00, 0.00, 'غائب', 0, NULL, '2026-01-21 10:28:18', '2026-01-21 10:28:18'),
(1534, '2531109', 45, 3, 2, 1, 27.00, 33.00, 60.00, 3.00, 'مقبول', 1, NULL, '2026-01-21 10:28:18', '2026-01-21 10:28:18'),
(1535, '2532110', 45, 3, 2, 1, 31.00, 49.00, 80.00, 4.00, 'جيد جدا', 1, '+1', '2026-01-21 10:28:18', '2026-02-01 09:42:15'),
(1536, '2532211', 45, 3, 2, 1, 38.00, 54.00, 92.00, 4.60, 'ممتاز', 1, NULL, '2026-01-21 10:28:18', '2026-01-21 10:28:18'),
(1537, '2532212', 45, 3, 2, 1, 40.00, 56.00, 96.00, 4.80, 'ممتاز', 1, NULL, '2026-01-21 10:28:18', '2026-01-21 10:28:18'),
(1538, '2532113', 45, 3, 2, 1, 40.00, 58.00, 98.00, 4.90, 'ممتاز', 1, NULL, '2026-01-21 10:28:18', '2026-01-21 10:28:18'),
(1539, '2532115', 45, 3, 2, 1, 37.00, 30.00, 67.00, 3.35, 'جيد', 1, NULL, '2026-01-21 10:28:18', '2026-01-21 10:28:18'),
(1540, '2532117', 45, 3, 2, 1, 33.00, 30.00, 63.00, 3.15, 'مقبول', 1, NULL, '2026-01-21 10:28:18', '2026-01-21 10:28:18'),
(1541, '2532218', 45, 3, 2, 1, 40.00, 60.00, 100.00, 5.00, 'ممتاز', 1, NULL, '2026-01-21 10:28:18', '2026-01-21 10:28:18'),
(1542, '2532119', 45, 3, 2, 1, 40.00, 54.00, 94.00, 4.70, 'ممتاز', 1, NULL, '2026-01-21 10:28:18', '2026-01-21 10:28:18'),
(1543, '2532220', 45, 3, 2, 1, 40.00, 55.00, 95.00, 4.75, 'ممتاز', 1, NULL, '2026-01-21 10:28:18', '2026-01-21 10:28:18'),
(1544, '2532101', 46, 3, 2, 1, 37.00, 20.00, 0.00, 0.00, 'ضعيف', 0, NULL, '2026-01-21 10:32:40', '2026-01-21 10:36:28'),
(1545, '2532102', 46, 3, 2, 1, 37.00, 38.00, 75.00, 3.75, 'جيد', 1, NULL, '2026-01-21 10:32:40', '2026-01-21 10:36:28'),
(1546, '2531203', 46, 3, 2, 1, 39.00, 44.00, 83.00, 4.15, 'جيد جدا', 1, NULL, '2026-01-21 10:32:40', '2026-01-21 10:36:28'),
(1547, '2532104', 46, 3, 2, 1, 34.00, 31.00, 65.00, 3.25, 'جيد', 1, '+1', '2026-01-21 10:32:40', '2026-02-01 09:46:32'),
(1548, '2532105', 46, 3, 2, 1, 39.00, 35.00, 74.00, 3.70, 'جيد', 1, NULL, '2026-01-21 10:32:40', '2026-01-21 10:36:28'),
(1549, '2532107', 46, 3, 2, 1, 39.00, 0.00, 0.00, 0.00, 'غائب', 0, NULL, '2026-01-21 10:32:40', '2026-01-21 10:36:28'),
(1550, '2531109', 46, 3, 2, 1, 38.00, 42.00, 80.00, 4.00, 'جيد جدا', 1, NULL, '2026-01-21 10:32:40', '2026-01-21 10:36:28'),
(1551, '2532110', 46, 3, 2, 1, 30.00, 0.00, 0.00, 0.00, 'غائب', 0, NULL, '2026-01-21 10:32:40', '2026-01-21 10:36:28'),
(1552, '2532211', 46, 3, 2, 1, 38.00, 35.00, 73.00, 3.65, 'جيد', 1, NULL, '2026-01-21 10:32:40', '2026-01-21 10:36:28'),
(1553, '2532212', 46, 3, 2, 1, 38.00, 54.00, 92.00, 4.60, 'ممتاز', 1, NULL, '2026-01-21 10:32:40', '2026-01-21 10:36:28'),
(1554, '2532113', 46, 3, 2, 1, 38.00, 40.00, 78.00, 3.90, 'جيد', 1, NULL, '2026-01-21 10:32:40', '2026-01-21 10:36:29'),
(1555, '2532115', 46, 3, 2, 1, 34.00, 13.00, 0.00, 0.00, 'ضعيف', 0, NULL, '2026-01-21 10:32:40', '2026-01-21 10:36:29'),
(1556, '2532117', 46, 3, 2, 1, 38.00, 9.00, 0.00, 0.00, 'ضعيف', 0, NULL, '2026-01-21 10:32:40', '2026-01-21 10:36:29'),
(1557, '2532218', 46, 3, 2, 1, 40.00, 57.00, 97.00, 4.85, 'ممتاز', 1, NULL, '2026-01-21 10:32:40', '2026-01-21 10:36:29'),
(1558, '2532119', 46, 3, 2, 1, 39.00, 30.00, 69.00, 3.45, 'جيد', 1, NULL, '2026-01-21 10:32:40', '2026-01-21 10:36:29'),
(1559, '2532220', 46, 3, 2, 1, 38.00, 34.00, 72.00, 3.60, 'جيد', 1, NULL, '2026-01-21 10:32:40', '2026-01-21 10:36:29'),
(1560, '2532101', 43, 3, 2, 1, 39.00, 37.00, 76.00, 3.80, 'جيد', 1, NULL, '2026-01-21 10:43:48', '2026-01-21 10:43:48'),
(1561, '2532102', 43, 3, 2, 1, 31.00, 59.00, 90.00, 4.50, 'ممتاز', 1, '+1', '2026-01-21 10:43:49', '2026-02-01 09:50:51'),
(1562, '2531203', 43, 3, 2, 1, 39.00, 60.00, 99.00, 4.95, 'ممتاز', 1, NULL, '2026-01-21 10:43:49', '2026-01-21 10:43:49'),
(1563, '2532104', 43, 3, 2, 1, 30.00, 46.00, 76.00, 3.80, 'جيد', 1, NULL, '2026-01-21 10:43:49', '2026-01-21 10:43:49'),
(1564, '2532105', 43, 3, 2, 1, 40.00, 58.00, 98.00, 4.90, 'ممتاز', 1, NULL, '2026-01-21 10:43:49', '2026-01-21 10:43:49'),
(1565, '2532107', 43, 3, 2, 1, 40.00, 55.00, 95.00, 4.75, 'ممتاز', 1, NULL, '2026-01-21 10:43:49', '2026-01-21 10:43:49'),
(1566, '2531109', 43, 3, 2, 1, 33.00, 47.00, 80.00, 4.00, 'جيد جدا', 1, NULL, '2026-01-21 10:43:49', '2026-01-21 10:43:49'),
(1567, '2532110', 43, 3, 2, 1, 33.00, 38.00, 71.00, 3.55, 'جيد', 1, NULL, '2026-01-21 10:43:49', '2026-01-21 10:43:49'),
(1568, '2532211', 43, 3, 2, 1, 36.00, 58.00, 94.00, 4.70, 'ممتاز', 1, NULL, '2026-01-21 10:43:49', '2026-02-01 09:50:51'),
(1569, '2532212', 43, 3, 2, 1, 37.00, 58.00, 95.00, 4.75, 'ممتاز', 1, NULL, '2026-01-21 10:43:49', '2026-01-21 10:43:49'),
(1570, '2532113', 43, 3, 2, 1, 38.00, 57.00, 95.00, 4.75, 'ممتاز', 1, NULL, '2026-01-21 10:43:49', '2026-01-21 10:43:49'),
(1571, '2532115', 43, 3, 2, 1, 34.00, 31.00, 65.00, 3.25, 'جيد', 1, '+1', '2026-01-21 10:43:49', '2026-01-21 10:43:49'),
(1572, '2532117', 43, 3, 2, 1, 30.00, 38.00, 68.00, 3.40, 'جيد', 1, NULL, '2026-01-21 10:43:49', '2026-01-21 10:43:49'),
(1573, '2532218', 43, 3, 2, 1, 40.00, 60.00, 100.00, 5.00, 'ممتاز', 1, NULL, '2026-01-21 10:43:49', '2026-01-21 10:43:49'),
(1574, '2532119', 43, 3, 2, 1, 34.00, 37.00, 71.00, 3.55, 'جيد', 1, NULL, '2026-01-21 10:43:49', '2026-01-21 10:43:49'),
(1575, '2532220', 43, 3, 2, 1, 35.00, 53.00, 88.00, 4.40, 'جيد جدا', 1, NULL, '2026-01-21 10:43:49', '2026-01-21 10:43:49'),
(1576, '2621201', 61, 1, 2, 1, 34.00, 44.00, 78.00, 3.90, 'جيد', 1, NULL, '2026-01-25 05:50:14', '2026-01-25 05:50:14'),
(1577, '2621102', 61, 1, 2, 1, 40.00, 57.00, 97.00, 4.85, 'ممتاز', 1, NULL, '2026-01-25 05:50:14', '2026-01-25 05:50:14'),
(1578, '2621103', 61, 1, 2, 1, 40.00, 60.00, 100.00, 5.00, 'ممتاز', 1, NULL, '2026-01-25 05:50:14', '2026-01-25 05:50:14'),
(1579, '2621204', 61, 1, 2, 1, 38.00, 57.00, 95.00, 4.75, 'ممتاز', 1, NULL, '2026-01-25 05:50:14', '2026-01-25 05:50:14'),
(1580, '2621105', 61, 1, 2, 1, 40.00, 60.00, 100.00, 5.00, 'ممتاز', 1, NULL, '2026-01-25 05:50:14', '2026-01-25 05:50:14'),
(1581, '2621106', 61, 1, 2, 1, 40.00, 60.00, 100.00, 5.00, 'ممتاز', 1, NULL, '2026-01-25 05:50:14', '2026-01-25 05:50:14'),
(1582, '2621207', 61, 1, 2, 1, 40.00, 57.00, 97.00, 4.85, 'ممتاز', 1, NULL, '2026-01-25 05:50:14', '2026-01-25 05:50:14'),
(1583, '2621108', 61, 1, 2, 1, 35.00, 56.00, 91.00, 4.55, 'ممتاز', 1, NULL, '2026-01-25 05:50:14', '2026-01-25 05:50:14'),
(1584, '2621109', 61, 1, 2, 1, 0.00, 0.00, 0.00, 0.00, 'محروم', 0, NULL, '2026-01-25 05:50:14', '2026-01-25 05:50:14'),
(1585, '2621210', 61, 1, 2, 1, 40.00, 55.00, 95.00, 4.75, 'ممتاز', 1, NULL, '2026-01-25 05:50:14', '2026-01-25 05:50:14'),
(1586, '2621111', 61, 1, 2, 1, 40.00, 60.00, 100.00, 5.00, 'ممتاز', 1, NULL, '2026-01-25 05:50:14', '2026-01-25 05:50:14'),
(1587, '2621212', 61, 1, 2, 1, 40.00, 60.00, 100.00, 5.00, 'ممتاز', 1, NULL, '2026-01-25 05:50:14', '2026-01-25 05:50:14'),
(1588, '2621113', 61, 1, 2, 1, 0.00, 0.00, 0.00, 0.00, 'محروم', 0, NULL, '2026-01-25 05:50:14', '2026-01-25 05:50:14'),
(1589, '2621114', 61, 1, 2, 1, 39.00, 53.00, 92.00, 4.60, 'ممتاز', 1, NULL, '2026-01-25 05:50:14', '2026-01-25 05:50:14'),
(1590, '2621115', 61, 1, 2, 1, 0.00, 0.00, 0.00, 0.00, 'محروم', 0, NULL, '2026-01-25 05:50:14', '2026-01-25 05:50:14'),
(1591, '2621116', 61, 1, 2, 1, 36.00, 60.00, 96.00, 4.80, 'ممتاز', 1, NULL, '2026-01-25 05:50:14', '2026-01-25 05:50:14'),
(1592, '2621117', 61, 1, 2, 1, 0.00, 0.00, 0.00, 0.00, 'محروم', 0, NULL, '2026-01-25 05:50:14', '2026-01-25 05:50:14'),
(1593, '2621218', 61, 1, 2, 1, 40.00, 60.00, 100.00, 5.00, 'ممتاز', 1, NULL, '2026-01-25 05:50:14', '2026-01-25 05:50:14'),
(1594, '2632101', 17, 1, 2, 1, 0.00, 0.00, 0.00, 0.00, 'محروم', 0, NULL, '2026-01-25 08:16:41', '2026-01-25 08:16:41'),
(1595, '2632102', 17, 1, 2, 1, 35.00, 23.00, 0.00, 0.00, 'ضعيف', 0, NULL, '2026-01-25 08:16:41', '2026-01-25 08:16:41'),
(1596, '2632203', 17, 1, 2, 1, 36.00, 49.00, 85.00, 4.25, 'جيد جدا', 1, NULL, '2026-01-25 08:16:41', '2026-01-25 08:16:41'),
(1597, '2632104', 17, 1, 2, 1, 0.00, 0.00, 0.00, 0.00, 'محروم', 0, NULL, '2026-01-25 08:16:41', '2026-01-25 08:16:41'),
(1598, '2632105', 17, 1, 2, 1, 0.00, 0.00, 0.00, 0.00, 'محروم', 0, NULL, '2026-01-25 08:16:41', '2026-01-25 08:16:41'),
(1599, '2632106', 17, 1, 2, 1, 40.00, 60.00, 100.00, 5.00, 'ممتاز', 1, NULL, '2026-01-25 08:16:41', '2026-01-25 08:16:41'),
(1600, '2632107', 17, 1, 2, 1, 35.00, 56.00, 91.00, 4.55, 'ممتاز', 1, NULL, '2026-01-25 08:16:41', '2026-01-25 08:16:41'),
(1601, '2632108', 17, 1, 2, 1, 40.00, 57.00, 97.00, 4.85, 'ممتاز', 1, NULL, '2026-01-25 08:16:41', '2026-01-25 08:16:41'),
(1602, '2632109', 17, 1, 2, 1, 33.00, 36.00, 69.00, 3.45, 'جيد', 1, NULL, '2026-01-25 08:16:41', '2026-01-25 08:16:41'),
(1603, '2632110', 17, 1, 2, 1, 40.00, 60.00, 100.00, 5.00, 'ممتاز', 1, NULL, '2026-01-25 08:16:41', '2026-01-25 08:16:41'),
(1604, '2632111', 17, 1, 2, 1, 37.00, 44.00, 81.00, 4.05, 'جيد جدا', 1, NULL, '2026-01-25 08:16:41', '2026-01-25 08:16:41'),
(1605, '2632112', 17, 1, 2, 1, 36.00, 35.00, 71.00, 3.55, 'جيد', 1, NULL, '2026-01-25 08:16:41', '2026-01-25 08:16:41'),
(1606, '2632113', 17, 1, 2, 1, 29.00, 55.00, 84.00, 4.20, 'جيد جدا', 1, NULL, '2026-01-25 08:16:41', '2026-01-25 08:16:41'),
(1607, '2632214', 17, 1, 2, 1, 0.00, 0.00, 0.00, 0.00, 'محروم', 0, NULL, '2026-01-25 08:16:41', '2026-01-25 08:16:41'),
(1608, '2632115', 17, 1, 2, 1, 36.00, 43.00, 79.00, 3.95, 'جيد', 1, NULL, '2026-01-25 08:16:41', '2026-01-25 08:16:41'),
(1609, '2632116', 17, 1, 2, 1, 38.00, 38.00, 76.00, 3.80, 'جيد', 1, NULL, '2026-01-25 08:16:41', '2026-01-25 08:16:41'),
(1610, '2632217', 17, 1, 2, 1, 0.00, 0.00, 0.00, 0.00, 'محروم', 0, NULL, '2026-01-25 08:16:41', '2026-01-25 08:16:41'),
(1611, '2632118', 17, 1, 2, 1, 0.00, 0.00, 0.00, 0.00, 'محروم', 0, NULL, '2026-01-25 08:16:41', '2026-01-25 08:16:41'),
(1612, '2611201', 1, 1, 2, 1, 39.00, 48.00, 87.00, 4.35, 'جيد جدا', 1, NULL, '2026-01-26 08:50:37', '2026-01-26 08:50:37'),
(1613, '2611202', 1, 1, 2, 1, 37.00, 39.00, 76.00, 3.80, 'جيد', 1, NULL, '2026-01-26 08:50:37', '2026-01-26 08:50:37'),
(1614, '2611203', 1, 1, 2, 1, 39.00, 51.00, 90.00, 4.50, 'ممتاز', 1, '+1', '2026-01-26 08:50:37', '2026-01-26 08:50:37'),
(1615, '2611104', 1, 1, 2, 1, 40.00, 35.00, 75.00, 3.75, 'جيد', 1, NULL, '2026-01-26 08:50:37', '2026-01-26 08:50:37'),
(1616, '2611205', 1, 1, 2, 1, 34.00, 42.00, 76.00, 3.80, 'جيد', 1, NULL, '2026-01-26 08:50:37', '2026-01-26 08:50:37'),
(1617, '2611206', 1, 1, 2, 1, 38.00, 40.00, 78.00, 3.90, 'جيد', 1, NULL, '2026-01-26 08:50:37', '2026-01-26 08:50:37'),
(1618, '2611207', 1, 1, 2, 1, 0.00, 0.00, 0.00, 0.00, 'محروم', 0, NULL, '2026-01-26 08:50:37', '2026-01-26 08:50:37'),
(1619, '2611208', 1, 1, 2, 1, 40.00, 55.00, 95.00, 4.75, 'ممتاز', 1, NULL, '2026-01-26 08:50:37', '2026-01-26 08:50:37'),
(1620, '2611209', 1, 1, 2, 1, 38.00, 60.00, 98.00, 4.90, 'ممتاز', 1, NULL, '2026-01-26 08:50:37', '2026-01-26 08:50:37'),
(1621, '2611110', 1, 1, 2, 1, 40.00, 37.00, 77.00, 3.85, 'جيد', 1, NULL, '2026-01-26 08:50:37', '2026-01-26 08:50:37'),
(1622, '2611111', 1, 1, 2, 1, 40.00, 46.00, 86.00, 4.30, 'جيد جدا', 1, NULL, '2026-01-26 08:50:37', '2026-01-26 08:50:37'),
(1623, '2611212', 1, 1, 2, 1, 40.00, 57.00, 97.00, 4.85, 'ممتاز', 1, NULL, '2026-01-26 08:50:37', '2026-01-26 08:50:37'),
(1624, '2611213', 1, 1, 2, 1, 36.00, 51.00, 87.00, 4.35, 'جيد جدا', 1, NULL, '2026-01-26 08:50:37', '2026-01-26 08:50:37'),
(1625, '2611214', 1, 1, 2, 1, 38.00, 57.00, 95.00, 4.75, 'ممتاز', 1, NULL, '2026-01-26 08:50:37', '2026-01-26 08:50:37'),
(1626, '2611215', 1, 1, 2, 1, 40.00, 60.00, 100.00, 5.00, 'ممتاز', 1, NULL, '2026-01-26 08:50:37', '2026-01-26 08:50:37'),
(1627, '2611216', 1, 1, 2, 1, 39.00, 60.00, 99.00, 4.95, 'ممتاز', 1, NULL, '2026-01-26 08:50:37', '2026-01-26 08:50:37'),
(1628, '2611117', 1, 1, 2, 1, 35.00, 49.00, 84.00, 4.20, 'جيد جدا', 1, NULL, '2026-01-26 08:50:37', '2026-01-26 08:50:37'),
(1629, '2611218', 1, 1, 2, 1, 26.00, 29.00, 0.00, 0.00, 'ضعيف', 0, NULL, '2026-01-26 08:50:37', '2026-01-26 08:50:37');

-- --------------------------------------------------------

--
-- Table structure for table `grades_draft`
--

CREATE TABLE `grades_draft` (
  `id` bigint(20) UNSIGNED NOT NULL,
  `grade_export_id` bigint(20) UNSIGNED NOT NULL,
  `student_id` varchar(255) NOT NULL,
  `course_id` bigint(20) UNSIGNED NOT NULL,
  `semester_id` bigint(20) UNSIGNED NOT NULL,
  `academic_year_id` bigint(20) UNSIGNED NOT NULL,
  `turn` tinyint(4) NOT NULL DEFAULT 1,
  `gsemster` double(8,2) NOT NULL DEFAULT 0.00,
  `gexam` double(8,2) NOT NULL DEFAULT 0.00,
  `gfinal` double(8,2) DEFAULT NULL,
  `gpa` double(8,2) DEFAULT NULL,
  `letter_grade` varchar(255) DEFAULT NULL,
  `result` tinyint(1) DEFAULT NULL,
  `note` text DEFAULT NULL,
  `created_at` timestamp NULL DEFAULT NULL,
  `updated_at` timestamp NULL DEFAULT NULL
) ENGINE=InnoDB DEFAULT CHARSET=utf8mb4 COLLATE=utf8mb4_unicode_ci;

--
-- Dumping data for table `grades_draft`
--

INSERT INTO `grades_draft` (`id`, `grade_export_id`, `student_id`, `course_id`, `semester_id`, `academic_year_id`, `turn`, `gsemster`, `gexam`, `gfinal`, `gpa`, `letter_grade`, `result`, `note`, `created_at`, `updated_at`) VALUES
(1, 24, '2511202', 55, 3, 2, 1, 39.00, 60.00, 99.00, 4.95, 'ممتاز', 1, NULL, '2026-01-04 09:23:53', '2026-01-04 09:23:53'),
(2, 24, '2511203', 55, 3, 2, 1, 37.00, 53.00, 90.00, 4.50, 'ممتاز', 1, NULL, '2026-01-04 09:23:53', '2026-01-04 09:23:53'),
(3, 24, '2511204', 55, 3, 2, 1, 40.00, 46.00, 86.00, 4.30, 'جيد جدا', 1, NULL, '2026-01-04 09:23:53', '2026-01-04 09:23:53'),
(4, 24, '2511205', 55, 3, 2, 1, 33.00, 42.00, 75.00, 3.75, 'جيد', 1, NULL, '2026-01-04 09:23:53', '2026-01-04 09:23:53'),
(5, 24, '2511106', 55, 3, 2, 1, 39.00, 60.00, 99.00, 4.95, 'ممتاز', 1, NULL, '2026-01-04 09:23:53', '2026-01-04 09:23:53'),
(6, 24, '2511207', 55, 3, 2, 1, 39.00, 58.00, 97.00, 4.85, 'ممتاز', 1, NULL, '2026-01-04 09:23:53', '2026-01-04 09:23:53'),
(7, 24, '2511108', 55, 3, 2, 1, 40.00, 58.00, 98.00, 4.90, 'ممتاز', 1, NULL, '2026-01-04 09:23:53', '2026-01-04 09:23:53'),
(8, 24, '2511109', 55, 3, 2, 1, 40.00, 40.00, 80.00, 4.00, 'جيد جدا', 1, NULL, '2026-01-04 09:23:53', '2026-01-04 09:23:53'),
(9, 24, '2511210', 55, 3, 2, 1, 39.00, 60.00, 99.00, 4.95, 'ممتاز', 1, NULL, '2026-01-04 09:23:53', '2026-01-04 09:23:53'),
(10, 24, '2511211', 55, 3, 2, 1, 40.00, 60.00, 100.00, 5.00, 'ممتاز', 1, NULL, '2026-01-04 09:23:53', '2026-01-04 09:23:53'),
(11, 24, '2511212', 55, 3, 2, 1, 40.00, 60.00, 100.00, 5.00, 'ممتاز', 1, NULL, '2026-01-04 09:23:53', '2026-01-04 09:23:53'),
(12, 24, '2511213', 55, 3, 2, 1, 34.00, 31.00, 65.00, 3.25, 'مقبول', 1, NULL, '2026-01-04 09:23:53', '2026-01-25 08:28:08'),
(13, 24, '2511214', 55, 3, 2, 1, 38.00, 30.00, 68.00, 3.40, 'مقبول', 1, NULL, '2026-01-04 09:23:53', '2026-01-25 08:28:08'),
(14, 24, '2511215', 55, 3, 2, 1, 40.00, 46.00, 86.00, 4.30, 'جيد جدا', 1, NULL, '2026-01-04 09:23:53', '2026-01-04 09:23:53'),
(15, 24, '2511216', 55, 3, 2, 1, 38.00, 53.00, 91.00, 4.55, 'ممتاز', 1, NULL, '2026-01-04 09:23:53', '2026-01-04 09:23:53'),
(16, 24, '2511218', 55, 3, 2, 1, 40.00, 50.00, 90.00, 4.50, 'ممتاز', 1, NULL, '2026-01-04 09:23:53', '2026-01-04 09:23:53'),
(17, 24, '2511219', 55, 3, 2, 1, 37.00, 30.00, 67.00, 3.35, 'مقبول', 1, NULL, '2026-01-04 09:23:53', '2026-01-04 09:23:53'),
(18, 24, '2511220', 55, 3, 2, 1, 40.00, 37.00, 77.00, 3.85, 'جيد', 1, NULL, '2026-01-04 09:23:53', '2026-01-04 09:23:53'),
(19, 24, '2511221', 55, 3, 2, 1, 35.00, 0.00, 0.00, 0.00, 'غائب', 0, NULL, '2026-01-04 09:23:53', '2026-01-04 09:23:53'),
(20, 24, '2511123', 55, 3, 2, 1, 35.00, 31.00, 66.00, 3.30, 'مقبول', 1, NULL, '2026-01-04 09:23:53', '2026-01-04 09:23:53'),
(21, 4, '2621201', 59, 1, 2, 1, 30.00, 30.00, 60.00, 3.00, 'مقبول', 1, NULL, '2026-01-04 09:35:26', '2026-01-04 09:35:26'),
(22, 4, '2621102', 59, 1, 2, 1, 40.00, 54.00, 94.00, 4.70, 'ممتاز', 1, NULL, '2026-01-04 09:35:26', '2026-01-04 09:35:26'),
(23, 4, '2621103', 59, 1, 2, 1, 35.00, 43.00, 78.00, 3.90, 'جيد', 1, NULL, '2026-01-04 09:35:26', '2026-01-04 09:35:26'),
(24, 4, '2621204', 59, 1, 2, 1, 30.00, 12.00, 42.00, 2.10, 'ضعيف', 0, NULL, '2026-01-04 09:35:26', '2026-01-04 09:38:55'),
(25, 4, '2621105', 59, 1, 2, 1, 35.00, 30.00, 65.00, 3.25, 'جيد', 1, NULL, '2026-01-04 09:35:26', '2026-01-04 09:35:26'),
(26, 4, '2621106', 59, 1, 2, 1, 33.00, 0.00, 0.00, 0.00, 'غائب', 0, NULL, '2026-01-04 09:35:26', '2026-01-04 09:35:26'),
(27, 4, '2621207', 59, 1, 2, 1, 38.00, 46.00, 84.00, 4.20, 'جيد جدا', 1, NULL, '2026-01-04 09:35:26', '2026-01-04 09:35:26'),
(28, 4, '2621108', 59, 1, 2, 1, 31.00, 6.00, 37.00, 1.85, 'ضعيف', 0, NULL, '2026-01-04 09:35:26', '2026-01-04 09:35:26'),
(29, 4, '2621109', 59, 1, 2, 1, 30.00, 6.00, 36.00, 1.80, 'ضعيف', 0, NULL, '2026-01-04 09:35:26', '2026-01-04 09:35:26'),
(30, 4, '2621210', 59, 1, 2, 1, 37.00, 30.00, 67.00, 3.35, 'جيد', 1, NULL, '2026-01-04 09:35:26', '2026-01-04 09:35:26'),
(31, 4, '2621111', 59, 1, 2, 1, 36.00, 40.00, 76.00, 3.80, 'جيد', 1, NULL, '2026-01-04 09:35:26', '2026-01-04 09:35:26'),
(32, 4, '2621212', 59, 1, 2, 1, 40.00, 54.00, 94.00, 4.70, 'ممتاز', 1, NULL, '2026-01-04 09:35:26', '2026-01-04 09:35:26'),
(33, 4, '2621113', 59, 1, 2, 1, 25.00, 11.00, 36.00, 1.80, 'ضعيف', 0, NULL, '2026-01-04 09:35:26', '2026-01-04 09:35:26'),
(34, 4, '2621114', 59, 1, 2, 1, 33.00, 36.00, 69.00, 3.45, 'جيد', 1, NULL, '2026-01-04 09:35:26', '2026-01-04 09:35:26'),
(35, 4, '2621115', 59, 1, 2, 1, 25.00, 0.00, 0.00, 0.00, 'غائب', 0, NULL, '2026-01-04 09:35:26', '2026-01-04 09:35:26'),
(36, 4, '2621116', 59, 1, 2, 1, 30.00, 0.00, 0.00, 0.00, 'غائب', 0, NULL, '2026-01-04 09:35:26', '2026-01-04 09:35:26'),
(37, 4, '2621117', 59, 1, 2, 1, 25.00, 0.00, 0.00, 0.00, 'غائب', 0, NULL, '2026-01-04 09:35:26', '2026-01-04 09:35:26'),
(38, 4, '2621218', 59, 1, 2, 1, 32.00, 30.00, 62.00, 3.10, 'مقبول', 1, NULL, '2026-01-04 09:35:26', '2026-01-04 09:35:26'),
(39, 37, '2532101', 48, 3, 2, 1, 32.00, 36.00, 68.00, 3.40, 'جيد', 1, NULL, '2026-01-04 10:50:30', '2026-01-04 10:50:30'),
(40, 37, '2532102', 48, 3, 2, 1, 36.00, 54.00, 90.00, 4.50, 'ممتاز', 1, NULL, '2026-01-04 10:50:30', '2026-01-04 10:50:30'),
(41, 37, '2531203', 48, 3, 2, 1, 36.00, 57.00, 93.00, 4.65, 'ممتاز', 1, NULL, '2026-01-04 10:50:30', '2026-01-04 10:50:30'),
(42, 37, '2532104', 48, 3, 2, 1, 27.00, 33.00, 60.00, 3.00, 'مقبول', 1, NULL, '2026-01-04 10:50:30', '2026-01-04 10:50:30'),
(43, 37, '2532105', 48, 3, 2, 1, 37.00, 57.00, 94.00, 4.70, 'ممتاز', 1, NULL, '2026-01-04 10:50:30', '2026-01-04 10:50:30'),
(44, 37, '2532107', 48, 3, 2, 1, 40.00, 58.00, 98.00, 4.90, 'ممتاز', 1, NULL, '2026-01-04 10:50:30', '2026-01-04 10:50:30'),
(45, 37, '2531109', 48, 3, 2, 1, 30.00, 50.00, 80.00, 4.00, 'جيد جدا', 1, NULL, '2026-01-04 10:50:30', '2026-01-04 10:50:30'),
(46, 37, '2532110', 48, 3, 2, 1, 30.00, 50.00, 80.00, 4.00, 'جيد جدا', 1, NULL, '2026-01-04 10:50:30', '2026-01-04 10:50:30'),
(47, 37, '2532211', 48, 3, 2, 1, 37.00, 56.00, 93.00, 4.65, 'ممتاز', 1, NULL, '2026-01-04 10:50:30', '2026-01-04 10:50:30'),
(48, 37, '2532212', 48, 3, 2, 1, 38.00, 59.00, 97.00, 4.85, 'ممتاز', 1, NULL, '2026-01-04 10:50:30', '2026-01-04 10:50:30'),
(49, 37, '2532113', 48, 3, 2, 1, 36.00, 54.00, 90.00, 4.50, 'ممتاز', 1, NULL, '2026-01-04 10:50:30', '2026-01-04 10:50:30'),
(50, 37, '2532115', 48, 3, 2, 1, 20.00, 15.00, 35.00, 1.75, 'ضعيف', 0, NULL, '2026-01-04 10:50:30', '2026-01-04 10:50:30'),
(51, 37, '2532117', 48, 3, 2, 1, 27.00, 0.00, 0.00, 0.00, 'غائب', 0, NULL, '2026-01-04 10:50:30', '2026-01-04 10:50:30'),
(52, 37, '2532218', 48, 3, 2, 1, 40.00, 59.00, 99.00, 4.95, 'ممتاز', 1, NULL, '2026-01-04 10:50:30', '2026-01-04 10:50:30'),
(53, 37, '2532119', 48, 3, 2, 1, 38.00, 52.00, 90.00, 4.50, 'ممتاز', 1, NULL, '2026-01-04 10:50:30', '2026-01-04 10:50:30'),
(54, 37, '2532220', 48, 3, 2, 1, 33.00, 42.00, 75.00, 3.75, 'جيد', 1, NULL, '2026-01-04 10:50:30', '2026-01-04 10:50:30'),
(55, 21, '2511202', 52, 3, 2, 1, 40.00, 30.00, 70.00, 3.50, 'جيد', 1, NULL, '2026-01-05 06:39:48', '2026-01-05 06:39:48'),
(56, 21, '2511203', 52, 3, 2, 1, 37.00, 18.00, 55.00, 2.75, 'ضعيف', 0, NULL, '2026-01-05 06:39:48', '2026-01-05 06:39:48'),
(57, 21, '2511204', 52, 3, 2, 1, 38.00, 28.00, 66.00, 3.30, 'مقبول', 1, NULL, '2026-01-05 06:39:48', '2026-01-05 06:39:48'),
(58, 21, '2511205', 52, 3, 2, 1, 34.00, 13.00, 47.00, 2.35, 'ضعيف', 0, NULL, '2026-01-05 06:39:48', '2026-01-05 06:39:48'),
(59, 21, '2511106', 52, 3, 2, 1, 45.00, 45.00, 90.00, 4.50, 'ممتاز', 1, NULL, '2026-01-05 06:39:48', '2026-01-05 06:39:48'),
(60, 21, '2511207', 52, 3, 2, 1, 42.00, 31.00, 73.00, 3.65, 'جيد', 1, NULL, '2026-01-05 06:39:48', '2026-01-05 06:39:48'),
(61, 21, '2511108', 52, 3, 2, 1, 41.00, 41.00, 82.00, 4.10, 'جيد جدا', 1, NULL, '2026-01-05 06:39:48', '2026-01-05 06:39:48'),
(62, 21, '2511109', 52, 3, 2, 1, 41.00, 30.00, 71.00, 3.55, 'جيد', 1, NULL, '2026-01-05 06:39:48', '2026-01-05 06:39:48'),
(63, 21, '2511210', 52, 3, 2, 1, 47.00, 43.00, 90.00, 4.50, 'ممتاز', 1, NULL, '2026-01-05 06:39:48', '2026-01-05 06:39:48'),
(64, 21, '2511211', 52, 3, 2, 1, 41.00, 36.00, 77.00, 3.85, 'جيد', 1, NULL, '2026-01-05 06:39:48', '2026-01-05 06:39:48'),
(65, 21, '2511212', 52, 3, 2, 1, 42.00, 30.00, 72.00, 3.60, 'جيد', 1, NULL, '2026-01-05 06:39:48', '2026-01-05 06:39:48'),
(66, 21, '2511213', 52, 3, 2, 1, 36.00, 30.00, 66.00, 3.30, 'مقبول', 1, NULL, '2026-01-05 06:39:48', '2026-01-05 06:39:48'),
(67, 21, '2511214', 52, 3, 2, 1, 41.00, 25.00, 66.00, 3.30, 'مقبول', 1, NULL, '2026-01-05 06:39:48', '2026-01-05 06:39:48'),
(68, 21, '2511215', 52, 3, 2, 1, 38.00, 16.00, 54.00, 2.70, 'ضعيف', 0, NULL, '2026-01-05 06:39:48', '2026-01-05 06:39:48'),
(69, 21, '2511216', 52, 3, 2, 1, 38.00, 28.00, 66.00, 3.30, 'مقبول', 1, NULL, '2026-01-05 06:39:48', '2026-01-05 06:39:48'),
(70, 21, '2511218', 52, 3, 2, 1, 38.00, 27.00, 65.00, 3.25, 'مقبول', 1, NULL, '2026-01-05 06:39:48', '2026-01-05 06:39:48'),
(71, 21, '2511219', 52, 3, 2, 1, 38.00, 27.00, 65.00, 3.25, 'مقبول', 1, NULL, '2026-01-05 06:39:48', '2026-01-05 06:39:48'),
(72, 21, '2511220', 52, 3, 2, 1, 38.00, 27.00, 65.00, 3.25, 'مقبول', 1, NULL, '2026-01-05 06:39:48', '2026-01-05 06:39:48'),
(73, 21, '2511221', 52, 3, 2, 1, 0.00, 0.00, 0.00, 0.00, 'محروم', 0, NULL, '2026-01-05 06:39:48', '2026-01-05 06:39:48'),
(74, 21, '2511123', 52, 3, 2, 1, 33.00, 22.00, 55.00, 2.75, 'ضعيف', 0, NULL, '2026-01-05 06:39:48', '2026-01-05 06:39:48'),
(75, 33, '2532101', 44, 3, 2, 1, 33.00, 40.00, 73.00, 3.65, 'جيد', 1, NULL, '2026-01-05 06:59:47', '2026-01-05 06:59:47'),
(76, 33, '2532102', 44, 3, 2, 1, 35.00, 42.00, 77.00, 3.85, 'جيد', 1, NULL, '2026-01-05 06:59:47', '2026-01-05 06:59:47'),
(77, 33, '2531203', 44, 3, 2, 1, 38.00, 53.00, 91.00, 4.55, 'ممتاز', 1, NULL, '2026-01-05 06:59:47', '2026-01-05 06:59:47'),
(78, 33, '2532104', 44, 3, 2, 1, 30.00, 30.00, 60.00, 3.00, 'مقبول', 1, NULL, '2026-01-05 06:59:47', '2026-01-05 06:59:47'),
(79, 33, '2532105', 44, 3, 2, 1, 37.00, 55.00, 92.00, 4.60, 'ممتاز', 1, NULL, '2026-01-05 06:59:47', '2026-01-05 06:59:47'),
(80, 33, '2532107', 44, 3, 2, 1, 38.00, 44.00, 82.00, 4.10, 'جيد جدا', 1, NULL, '2026-01-05 06:59:47', '2026-01-05 06:59:47'),
(81, 33, '2531109', 44, 3, 2, 1, 29.00, 30.00, 59.00, 2.95, 'مقبول', 1, NULL, '2026-01-05 06:59:47', '2026-01-05 06:59:47'),
(82, 33, '2532110', 44, 3, 2, 1, 20.00, 34.00, 54.00, 2.70, 'مقبول', 1, NULL, '2026-01-05 06:59:47', '2026-01-05 06:59:47'),
(83, 33, '2532211', 44, 3, 2, 1, 31.00, 40.00, 71.00, 3.55, 'جيد', 1, NULL, '2026-01-05 06:59:47', '2026-01-05 06:59:47'),
(84, 33, '2532212', 44, 3, 2, 1, 36.00, 55.00, 91.00, 4.55, 'ممتاز', 1, NULL, '2026-01-05 06:59:47', '2026-01-05 06:59:47'),
(85, 33, '2532113', 44, 3, 2, 1, 33.00, 40.00, 73.00, 3.65, 'جيد', 1, NULL, '2026-01-05 06:59:47', '2026-01-05 06:59:47'),
(86, 33, '2532115', 44, 3, 2, 1, 26.00, 30.00, 56.00, 2.80, 'مقبول', 1, NULL, '2026-01-05 06:59:48', '2026-01-05 06:59:48'),
(87, 33, '2532117', 44, 3, 2, 1, 27.00, 30.00, 57.00, 2.85, 'مقبول', 1, NULL, '2026-01-05 06:59:48', '2026-01-05 06:59:48'),
(88, 33, '2532218', 44, 3, 2, 1, 38.00, 50.00, 88.00, 4.40, 'جيد جدا', 1, NULL, '2026-01-05 06:59:48', '2026-01-05 06:59:48'),
(89, 33, '2532119', 44, 3, 2, 1, 39.00, 42.00, 81.00, 4.05, 'جيد جدا', 1, NULL, '2026-01-05 06:59:48', '2026-01-05 06:59:48'),
(90, 33, '2532220', 44, 3, 2, 1, 32.00, 43.00, 75.00, 3.75, 'جيد', 1, NULL, '2026-01-05 06:59:48', '2026-01-05 06:59:48'),
(91, 29, '2632101', 19, 1, 2, 1, 0.00, 0.00, 0.00, 0.00, 'محروم', 0, NULL, '2026-01-05 07:08:24', '2026-01-05 07:08:24'),
(92, 29, '2632102', 19, 1, 2, 1, 30.00, 15.00, 45.00, 2.25, 'ضعيف', 0, NULL, '2026-01-05 07:08:24', '2026-01-05 07:08:24'),
(93, 29, '2632203', 19, 1, 2, 1, 30.00, 30.00, 60.00, 3.00, 'مقبول', 1, NULL, '2026-01-05 07:08:24', '2026-01-05 07:08:24'),
(94, 29, '2632104', 19, 1, 2, 1, 0.00, 0.00, 0.00, 0.00, 'محروم', 0, NULL, '2026-01-05 07:08:24', '2026-01-05 07:08:24'),
(95, 29, '2632105', 19, 1, 2, 1, 0.00, 0.00, 0.00, 0.00, 'محروم', 0, NULL, '2026-01-05 07:08:24', '2026-01-05 07:08:24'),
(96, 29, '2632106', 19, 1, 2, 1, 34.00, 46.00, 80.00, 4.00, 'جيد جدا', 1, NULL, '2026-01-05 07:08:24', '2026-01-21 09:59:04'),
(97, 29, '2632107', 19, 1, 2, 1, 30.00, 36.00, 66.00, 3.30, 'جيد', 1, NULL, '2026-01-05 07:08:24', '2026-01-21 09:59:04'),
(98, 29, '2632108', 19, 1, 2, 1, 35.00, 33.00, 68.00, 3.40, 'جيد', 1, NULL, '2026-01-05 07:08:24', '2026-01-05 07:08:24'),
(99, 29, '2632109', 19, 1, 2, 1, 20.00, 17.00, 37.00, 1.85, 'ضعيف', 0, NULL, '2026-01-05 07:08:24', '2026-01-05 07:08:24'),
(100, 29, '2632110', 19, 1, 2, 1, 36.00, 54.00, 90.00, 4.50, 'ممتاز', 1, NULL, '2026-01-05 07:08:24', '2026-01-05 07:08:24'),
(101, 29, '2632111', 19, 1, 2, 1, 28.00, 30.00, 58.00, 2.90, 'مقبول', 1, NULL, '2026-01-05 07:08:24', '2026-01-21 09:59:04'),
(102, 29, '2632112', 19, 1, 2, 1, 20.00, 19.00, 39.00, 1.95, 'ضعيف', 0, NULL, '2026-01-05 07:08:24', '2026-01-05 07:08:24'),
(103, 29, '2632113', 19, 1, 2, 1, 20.00, 14.00, 34.00, 1.70, 'ضعيف', 0, NULL, '2026-01-05 07:08:24', '2026-01-05 07:08:24'),
(104, 29, '2632214', 19, 1, 2, 1, 0.00, 0.00, 0.00, 0.00, 'محروم', 0, NULL, '2026-01-05 07:08:24', '2026-01-05 07:08:24'),
(105, 29, '2632115', 19, 1, 2, 1, 20.00, 16.00, 36.00, 1.80, 'ضعيف', 0, NULL, '2026-01-05 07:08:24', '2026-01-05 07:08:24'),
(106, 29, '2632116', 19, 1, 2, 1, 22.00, 38.00, 60.00, 3.00, 'مقبول', 1, NULL, '2026-01-05 07:08:24', '2026-01-05 07:08:24'),
(107, 29, '2632217', 19, 1, 2, 1, 0.00, 0.00, 0.00, 0.00, 'محروم', 0, NULL, '2026-01-05 07:08:24', '2026-01-05 07:08:24'),
(108, 29, '2632118', 19, 1, 2, 1, 0.00, 0.00, 0.00, 0.00, 'محروم', 0, NULL, '2026-01-05 07:08:24', '2026-01-05 07:08:24'),
(109, 38, '2532101', 49, 3, 2, 1, 30.00, 30.00, 60.00, 3.00, 'مقبول', 1, NULL, '2026-01-05 09:22:21', '2026-01-05 09:22:21'),
(110, 38, '2532102', 49, 3, 2, 1, 40.00, 46.00, 86.00, 4.30, 'جيد جدا', 1, NULL, '2026-01-05 09:22:21', '2026-01-05 09:22:21'),
(111, 38, '2531203', 49, 3, 2, 1, 40.00, 53.00, 93.00, 4.65, 'ممتاز', 1, NULL, '2026-01-05 09:22:21', '2026-01-05 09:22:21'),
(112, 38, '2532104', 49, 3, 2, 1, 30.00, 37.00, 67.00, 3.35, 'جيد', 1, NULL, '2026-01-05 09:22:21', '2026-01-05 09:22:21'),
(113, 38, '2532105', 49, 3, 2, 1, 40.00, 55.00, 95.00, 4.75, 'ممتاز', 1, NULL, '2026-01-05 09:22:21', '2026-01-05 09:22:21'),
(114, 38, '2532107', 49, 3, 2, 1, 40.00, 55.00, 95.00, 4.75, 'ممتاز', 1, NULL, '2026-01-05 09:22:21', '2026-01-05 09:22:21'),
(115, 38, '2531109', 49, 3, 2, 1, 28.00, 35.00, 63.00, 3.15, 'مقبول', 1, NULL, '2026-01-05 09:22:21', '2026-01-05 09:22:21'),
(116, 38, '2532110', 49, 3, 2, 1, 29.00, 51.00, 80.00, 4.00, 'جيد جدا', 1, NULL, '2026-01-05 09:22:21', '2026-01-05 09:22:21'),
(117, 38, '2532211', 49, 3, 2, 1, 25.00, 36.00, 61.00, 3.05, 'مقبول', 1, NULL, '2026-01-05 09:22:21', '2026-01-05 09:22:21'),
(118, 38, '2532212', 49, 3, 2, 1, 40.00, 47.00, 87.00, 4.35, 'جيد جدا', 1, NULL, '2026-01-05 09:22:21', '2026-01-05 09:22:21'),
(119, 38, '2532113', 49, 3, 2, 1, 40.00, 42.00, 82.00, 4.10, 'جيد جدا', 1, NULL, '2026-01-05 09:22:21', '2026-01-05 09:22:21'),
(120, 38, '2532115', 49, 3, 2, 1, 28.00, 6.00, 34.00, 1.70, 'ضعيف', 0, NULL, '2026-01-05 09:22:21', '2026-01-05 09:22:21'),
(121, 38, '2532117', 49, 3, 2, 1, 20.00, 20.00, 40.00, 2.00, 'ضعيف', 0, NULL, '2026-01-05 09:22:21', '2026-01-05 09:22:21'),
(122, 38, '2532218', 49, 3, 2, 1, 40.00, 60.00, 100.00, 5.00, 'ممتاز', 1, NULL, '2026-01-05 09:22:21', '2026-01-05 09:22:21'),
(123, 38, '2532119', 49, 3, 2, 1, 40.00, 47.00, 87.00, 4.35, 'جيد جدا', 1, NULL, '2026-01-05 09:22:21', '2026-01-05 09:22:21'),
(124, 38, '2532220', 49, 3, 2, 1, 29.00, 33.00, 62.00, 3.10, 'مقبول', 1, NULL, '2026-01-05 09:22:21', '2026-01-05 09:22:21'),
(125, 7, '2521101', 69, 3, 2, 1, 30.00, 52.00, 82.00, 4.10, 'جيد جدا', 1, NULL, '2026-01-06 08:32:59', '2026-01-06 08:32:59'),
(126, 7, '2521102', 69, 3, 2, 1, 21.00, 6.00, 27.00, 1.35, 'ضعيف', 0, NULL, '2026-01-06 08:32:59', '2026-01-06 08:32:59'),
(127, 7, '2521104', 69, 3, 2, 1, 20.00, 30.00, 50.00, 2.50, 'مقبول', 1, NULL, '2026-01-06 08:32:59', '2026-01-06 08:32:59'),
(128, 7, '2521105', 69, 3, 2, 1, 39.00, 37.00, 76.00, 3.80, 'جيد', 1, NULL, '2026-01-06 08:32:59', '2026-01-06 08:32:59'),
(129, 7, '2521107', 69, 3, 2, 1, 30.00, 16.00, 46.00, 2.30, 'ضعيف', 0, NULL, '2026-01-06 08:32:59', '2026-01-06 08:32:59'),
(130, 7, '2521108', 69, 3, 2, 1, 28.00, 37.00, 65.00, 3.25, 'جيد', 1, '+1', '2026-01-06 08:32:59', '2026-01-21 08:34:41'),
(131, 7, '2521110', 69, 3, 2, 1, 35.00, 55.00, 90.00, 4.50, 'ممتاز', 1, '+1', '2026-01-06 08:32:59', '2026-01-21 08:34:41'),
(132, 7, '2521111', 69, 3, 2, 1, 0.00, 0.00, 0.00, 0.00, 'محروم', 0, NULL, '2026-01-06 08:32:59', '2026-01-06 08:32:59'),
(133, 7, '2521112', 69, 3, 2, 1, 25.00, 14.00, 39.00, 1.95, 'ضعيف', 0, NULL, '2026-01-06 08:32:59', '2026-01-06 08:32:59'),
(134, 7, '2521113', 69, 3, 2, 1, 38.00, 53.00, 91.00, 4.55, 'ممتاز', 1, NULL, '2026-01-06 08:32:59', '2026-01-06 08:32:59'),
(135, 7, '2521114', 69, 3, 2, 1, 30.00, 60.00, 90.00, 4.50, 'ممتاز', 1, '+1', '2026-01-06 08:32:59', '2026-01-21 08:34:41'),
(136, 7, '2521215', 69, 3, 2, 1, 26.00, 4.00, 30.00, 1.50, 'ضعيف', 0, NULL, '2026-01-06 08:32:59', '2026-01-06 08:32:59'),
(137, 7, '2521216', 69, 3, 2, 1, 40.00, 60.00, 100.00, 5.00, 'ممتاز', 1, NULL, '2026-01-06 08:32:59', '2026-01-06 08:32:59'),
(138, 7, '2521217', 69, 3, 2, 1, 37.00, 0.00, 0.00, 0.00, 'غائب', 0, NULL, '2026-01-06 08:32:59', '2026-01-06 08:32:59'),
(139, 7, '2521118', 69, 3, 2, 1, 0.00, 0.00, 0.00, 0.00, 'محروم', 0, NULL, '2026-01-06 08:32:59', '2026-01-06 08:32:59'),
(140, 7, '2521119', 69, 3, 2, 1, 31.00, 30.00, 61.00, 3.05, 'مقبول', 1, NULL, '2026-01-06 08:32:59', '2026-01-06 08:32:59'),
(141, 7, '2521220', 69, 3, 2, 1, 40.00, 60.00, 100.00, 5.00, 'ممتاز', 1, NULL, '2026-01-06 08:32:59', '2026-01-06 08:32:59'),
(142, 7, '2521221', 69, 3, 2, 1, 37.00, 40.00, 77.00, 3.85, 'جيد', 1, NULL, '2026-01-06 08:32:59', '2026-01-06 08:32:59'),
(143, 7, '2521124', 69, 3, 2, 1, 20.00, 16.00, 36.00, 1.80, 'ضعيف', 0, NULL, '2026-01-06 08:32:59', '2026-01-06 08:32:59'),
(144, 17, '2611201', 6, 1, 2, 1, 45.00, 47.00, 92.00, 4.60, 'ممتاز', 1, NULL, '2026-01-12 08:23:40', '2026-01-12 08:23:40'),
(145, 17, '2611202', 6, 1, 2, 1, 39.00, 31.00, 70.00, 3.50, 'جيد', 1, NULL, '2026-01-12 08:23:40', '2026-01-12 08:23:40'),
(146, 17, '2611203', 6, 1, 2, 1, 47.00, 44.00, 91.00, 4.55, 'ممتاز', 1, NULL, '2026-01-12 08:23:40', '2026-01-12 08:23:40'),
(147, 17, '2611104', 6, 1, 2, 1, 34.00, 16.00, 50.00, 2.50, 'ضعيف', 0, NULL, '2026-01-12 08:23:40', '2026-01-12 08:23:40'),
(148, 17, '2611205', 6, 1, 2, 1, 37.00, 39.00, 76.00, 3.80, 'جيد', 1, NULL, '2026-01-12 08:23:40', '2026-01-12 08:23:40'),
(149, 17, '2611206', 6, 1, 2, 1, 42.00, 31.00, 73.00, 3.65, 'جيد', 1, NULL, '2026-01-12 08:23:40', '2026-01-12 08:23:40'),
(150, 17, '2611207', 6, 1, 2, 1, 0.00, 0.00, 0.00, 0.00, 'محروم', 0, NULL, '2026-01-12 08:23:40', '2026-01-12 08:23:40'),
(151, 17, '2611208', 6, 1, 2, 1, 49.00, 50.00, 99.00, 4.95, 'ممتاز', 1, NULL, '2026-01-12 08:23:40', '2026-01-12 08:23:40'),
(152, 17, '2611209', 6, 1, 2, 1, 41.00, 43.00, 84.00, 4.20, 'جيد جدا', 1, NULL, '2026-01-12 08:23:40', '2026-01-12 08:23:40'),
(153, 17, '2611110', 6, 1, 2, 1, 39.00, 27.00, 66.00, 3.30, 'مقبول', 1, NULL, '2026-01-12 08:23:40', '2026-01-12 08:23:40'),
(154, 17, '2611111', 6, 1, 2, 1, 41.00, 39.00, 80.00, 4.00, 'جيد جدا', 1, NULL, '2026-01-12 08:23:40', '2026-01-12 08:23:40'),
(155, 17, '2611212', 6, 1, 2, 1, 49.00, 50.00, 99.00, 4.95, 'ممتاز', 1, NULL, '2026-01-12 08:23:40', '2026-01-12 08:23:40'),
(156, 17, '2611213', 6, 1, 2, 1, 44.00, 50.00, 94.00, 4.70, 'ممتاز', 1, NULL, '2026-01-12 08:23:40', '2026-01-12 08:23:40'),
(157, 17, '2611214', 6, 1, 2, 1, 41.00, 43.00, 84.00, 4.20, 'جيد جدا', 1, NULL, '2026-01-12 08:23:40', '2026-01-12 08:23:40'),
(158, 17, '2611215', 6, 1, 2, 1, 47.00, 50.00, 97.00, 4.85, 'ممتاز', 1, NULL, '2026-01-12 08:23:40', '2026-01-12 08:23:40'),
(159, 17, '2611216', 6, 1, 2, 1, 44.00, 46.00, 90.00, 4.50, 'ممتاز', 1, NULL, '2026-01-12 08:23:40', '2026-01-12 08:23:40'),
(160, 17, '2611117', 6, 1, 2, 1, 37.00, 50.00, 87.00, 4.35, 'جيد جدا', 1, NULL, '2026-01-12 08:23:40', '2026-01-12 08:23:40'),
(161, 17, '2611218', 6, 1, 2, 1, 27.00, 16.00, 43.00, 2.15, 'ضعيف', 0, NULL, '2026-01-12 08:23:40', '2026-01-12 08:23:40'),
(162, 13, '2611201', 2, 1, 2, 1, 32.00, 42.00, 74.00, 3.70, 'جيد', 1, NULL, '2026-01-12 08:40:18', '2026-01-12 08:40:18'),
(163, 13, '2611202', 2, 1, 2, 1, 33.00, 35.00, 68.00, 3.40, 'مقبول', 1, NULL, '2026-01-12 08:40:18', '2026-01-12 08:40:18'),
(164, 13, '2611203', 2, 1, 2, 1, 36.00, 42.00, 78.00, 3.90, 'جيد', 1, NULL, '2026-01-12 08:40:18', '2026-01-12 08:40:18'),
(165, 13, '2611104', 2, 1, 2, 1, 33.00, 32.00, 65.00, 3.25, 'مقبول', 1, NULL, '2026-01-12 08:40:18', '2026-01-12 08:40:18'),
(166, 13, '2611205', 2, 1, 2, 1, 30.00, 35.00, 65.00, 3.25, 'مقبول', 1, NULL, '2026-01-12 08:40:18', '2026-01-12 08:40:18'),
(167, 13, '2611206', 2, 1, 2, 1, 38.00, 45.00, 83.00, 4.15, 'جيد جدا', 1, NULL, '2026-01-12 08:40:18', '2026-01-12 08:40:18'),
(168, 13, '2611207', 2, 1, 2, 1, 0.00, 0.00, 0.00, 0.00, 'محروم', 0, NULL, '2026-01-12 08:40:18', '2026-01-12 08:40:18'),
(169, 13, '2611208', 2, 1, 2, 1, 40.00, 54.00, 94.00, 4.70, 'ممتاز', 1, NULL, '2026-01-12 08:40:18', '2026-01-12 08:40:18'),
(170, 13, '2611209', 2, 1, 2, 1, 39.00, 57.00, 96.00, 4.80, 'ممتاز', 1, NULL, '2026-01-12 08:40:18', '2026-01-12 08:40:18'),
(171, 13, '2611110', 2, 1, 2, 1, 35.00, 37.00, 72.00, 3.60, 'جيد', 1, NULL, '2026-01-12 08:40:18', '2026-01-12 08:40:18'),
(172, 13, '2611111', 2, 1, 2, 1, 35.00, 36.00, 71.00, 3.55, 'جيد', 1, NULL, '2026-01-12 08:40:18', '2026-01-12 08:40:18'),
(173, 13, '2611212', 2, 1, 2, 1, 40.00, 53.00, 93.00, 4.65, 'ممتاز', 1, NULL, '2026-01-12 08:40:18', '2026-01-12 08:40:18'),
(174, 13, '2611213', 2, 1, 2, 1, 39.00, 56.00, 95.00, 4.75, 'ممتاز', 1, NULL, '2026-01-12 08:40:18', '2026-01-12 08:40:18'),
(175, 13, '2611214', 2, 1, 2, 1, 40.00, 55.00, 95.00, 4.75, 'ممتاز', 1, NULL, '2026-01-12 08:40:18', '2026-01-12 08:40:18'),
(176, 13, '2611215', 2, 1, 2, 1, 39.00, 57.00, 96.00, 4.80, 'ممتاز', 1, NULL, '2026-01-12 08:40:18', '2026-01-12 08:40:18'),
(177, 13, '2611216', 2, 1, 2, 1, 37.00, 33.00, 70.00, 3.50, 'جيد', 1, NULL, '2026-01-12 08:40:18', '2026-01-12 08:40:18'),
(178, 13, '2611117', 2, 1, 2, 1, 30.00, 38.00, 68.00, 3.40, 'مقبول', 1, NULL, '2026-01-12 08:40:18', '2026-01-12 08:40:18'),
(179, 13, '2611218', 2, 1, 2, 1, 30.00, 10.00, 40.00, 2.00, 'ضعيف', 0, NULL, '2026-01-12 08:40:18', '2026-01-12 08:40:18'),
(180, 2, '2621201', 57, 1, 2, 1, 36.00, 30.00, 66.00, 3.30, 'جيد', 1, NULL, '2026-01-12 08:48:35', '2026-01-12 08:48:35'),
(181, 2, '2621102', 57, 1, 2, 1, 40.00, 59.00, 99.00, 4.95, 'ممتاز', 1, NULL, '2026-01-12 08:48:35', '2026-01-12 08:48:35'),
(182, 2, '2621103', 57, 1, 2, 1, 35.00, 55.00, 90.00, 4.50, 'ممتاز', 1, NULL, '2026-01-12 08:48:35', '2026-01-12 08:48:35'),
(183, 2, '2621204', 57, 1, 2, 1, 34.00, 44.00, 78.00, 3.90, 'جيد', 1, NULL, '2026-01-12 08:48:35', '2026-01-12 08:48:35'),
(184, 2, '2621105', 57, 1, 2, 1, 34.00, 33.00, 67.00, 3.35, 'جيد', 1, NULL, '2026-01-12 08:48:35', '2026-01-12 08:48:35'),
(185, 2, '2621106', 57, 1, 2, 1, 40.00, 30.00, 70.00, 3.50, 'جيد', 1, NULL, '2026-01-12 08:48:35', '2026-01-12 08:48:35'),
(186, 2, '2621207', 57, 1, 2, 1, 37.00, 59.00, 96.00, 4.80, 'ممتاز', 1, NULL, '2026-01-12 08:48:35', '2026-01-12 08:48:35'),
(187, 2, '2621108', 57, 1, 2, 1, 29.00, 6.00, 35.00, 1.75, 'ضعيف', 0, NULL, '2026-01-12 08:48:35', '2026-01-12 08:48:35'),
(188, 2, '2621109', 57, 1, 2, 1, 30.00, 8.00, 38.00, 1.90, 'ضعيف', 0, NULL, '2026-01-12 08:48:35', '2026-01-12 08:48:35'),
(189, 2, '2621210', 57, 1, 2, 1, 37.00, 50.00, 87.00, 4.35, 'جيد جدا', 1, NULL, '2026-01-12 08:48:35', '2026-01-12 08:48:35'),
(190, 2, '2621111', 57, 1, 2, 1, 40.00, 56.00, 96.00, 4.80, 'ممتاز', 1, NULL, '2026-01-12 08:48:35', '2026-01-12 08:48:35'),
(191, 2, '2621212', 57, 1, 2, 1, 40.00, 60.00, 100.00, 5.00, 'ممتاز', 1, NULL, '2026-01-12 08:48:35', '2026-01-12 08:48:35'),
(192, 2, '2621113', 57, 1, 2, 1, 29.00, 15.00, 44.00, 2.20, 'ضعيف', 0, NULL, '2026-01-12 08:48:35', '2026-01-12 08:48:35'),
(193, 2, '2621114', 57, 1, 2, 1, 30.00, 44.00, 74.00, 3.70, 'جيد', 1, NULL, '2026-01-12 08:48:35', '2026-01-12 08:48:35'),
(194, 2, '2621115', 57, 1, 2, 1, 0.00, 0.00, 0.00, 0.00, 'محروم', 0, NULL, '2026-01-12 08:48:35', '2026-01-12 08:48:35'),
(195, 2, '2621116', 57, 1, 2, 1, 35.00, 0.00, 0.00, 0.00, 'غائب', 0, NULL, '2026-01-12 08:48:35', '2026-01-12 08:48:35'),
(196, 2, '2621117', 57, 1, 2, 1, 0.00, 0.00, 0.00, 0.00, 'محروم', 0, NULL, '2026-01-12 08:48:35', '2026-01-12 08:48:35'),
(197, 2, '2621218', 57, 1, 2, 1, 39.00, 54.00, 93.00, 4.65, 'ممتاز', 1, NULL, '2026-01-12 08:48:35', '2026-01-12 08:48:35'),
(198, 25, '2632101', 15, 1, 2, 1, 0.00, 0.00, 0.00, 0.00, 'محروم', 0, NULL, '2026-01-12 08:59:39', '2026-01-12 08:59:39'),
(199, 25, '2632102', 15, 1, 2, 1, 30.00, 30.00, 60.00, 3.00, 'مقبول', 1, NULL, '2026-01-12 08:59:39', '2026-01-12 08:59:39'),
(200, 25, '2632203', 15, 1, 2, 1, 30.00, 30.00, 60.00, 3.00, 'مقبول', 1, NULL, '2026-01-12 08:59:39', '2026-01-12 08:59:39'),
(201, 25, '2632104', 15, 1, 2, 1, 0.00, 0.00, 0.00, 0.00, 'محروم', 0, NULL, '2026-01-12 08:59:39', '2026-01-12 08:59:39'),
(202, 25, '2632105', 15, 1, 2, 1, 0.00, 0.00, 0.00, 0.00, 'محروم', 0, NULL, '2026-01-12 08:59:39', '2026-01-12 08:59:39'),
(203, 25, '2632106', 15, 1, 2, 1, 38.00, 58.00, 96.00, 4.80, 'ممتاز', 1, NULL, '2026-01-12 08:59:39', '2026-01-12 08:59:39'),
(204, 25, '2632107', 15, 1, 2, 1, 35.00, 30.00, 65.00, 3.25, 'جيد', 1, NULL, '2026-01-12 08:59:39', '2026-01-12 08:59:39'),
(205, 25, '2632108', 15, 1, 2, 1, 30.00, 30.00, 60.00, 3.00, 'مقبول', 1, NULL, '2026-01-12 08:59:39', '2026-01-12 08:59:39'),
(206, 25, '2632109', 15, 1, 2, 1, 29.00, 11.00, 40.00, 2.00, 'ضعيف', 0, NULL, '2026-01-12 08:59:39', '2026-01-12 08:59:39'),
(207, 25, '2632110', 15, 1, 2, 1, 30.00, 23.00, 53.00, 2.65, 'ضعيف', 0, NULL, '2026-01-12 08:59:39', '2026-01-12 08:59:39'),
(208, 25, '2632111', 15, 1, 2, 1, 29.00, 30.00, 59.00, 2.95, 'مقبول', 1, NULL, '2026-01-12 08:59:39', '2026-01-12 08:59:39'),
(209, 25, '2632112', 15, 1, 2, 1, 30.00, 17.00, 47.00, 2.35, 'ضعيف', 0, NULL, '2026-01-12 08:59:39', '2026-01-12 08:59:39'),
(210, 25, '2632113', 15, 1, 2, 1, 30.00, 30.00, 60.00, 3.00, 'مقبول', 1, NULL, '2026-01-12 08:59:39', '2026-01-12 08:59:39'),
(211, 25, '2632214', 15, 1, 2, 1, 0.00, 0.00, 0.00, 0.00, 'محروم', 0, NULL, '2026-01-12 08:59:39', '2026-01-12 08:59:39'),
(212, 25, '2632115', 15, 1, 2, 1, 30.00, 17.00, 47.00, 2.35, 'ضعيف', 0, NULL, '2026-01-12 08:59:39', '2026-01-12 08:59:39'),
(213, 25, '2632116', 15, 1, 2, 1, 30.00, 50.00, 80.00, 4.00, 'جيد جدا', 1, NULL, '2026-01-12 08:59:39', '2026-01-12 08:59:39'),
(214, 25, '2632217', 15, 1, 2, 1, 0.00, 0.00, 0.00, 0.00, 'محروم', 0, NULL, '2026-01-12 08:59:39', '2026-01-12 08:59:39'),
(215, 25, '2632118', 15, 1, 2, 1, 0.00, 0.00, 0.00, 0.00, 'محروم', 0, NULL, '2026-01-12 08:59:39', '2026-01-12 08:59:39'),
(216, 22, '2511202', 53, 3, 2, 1, 49.00, 46.00, 95.00, 4.75, 'ممتاز', 1, NULL, '2026-01-12 09:07:04', '2026-01-12 09:07:04'),
(217, 22, '2511203', 53, 3, 2, 1, 49.00, 42.00, 91.00, 4.55, 'ممتاز', 1, NULL, '2026-01-12 09:07:04', '2026-01-12 09:07:04'),
(218, 22, '2511204', 53, 3, 2, 1, 49.00, 47.00, 96.00, 4.80, 'ممتاز', 1, NULL, '2026-01-12 09:07:04', '2026-01-12 09:07:04'),
(219, 22, '2511205', 53, 3, 2, 1, 49.00, 33.00, 82.00, 4.10, 'جيد جدا', 1, NULL, '2026-01-12 09:07:04', '2026-01-12 09:07:04'),
(220, 22, '2511106', 53, 3, 2, 1, 49.00, 50.00, 99.00, 4.95, 'ممتاز', 1, NULL, '2026-01-12 09:07:04', '2026-01-12 09:07:04'),
(221, 22, '2511207', 53, 3, 2, 1, 49.00, 47.00, 96.00, 4.80, 'ممتاز', 1, NULL, '2026-01-12 09:07:04', '2026-01-12 09:07:04'),
(222, 22, '2511108', 53, 3, 2, 1, 49.00, 50.00, 99.00, 4.95, 'ممتاز', 1, NULL, '2026-01-12 09:07:04', '2026-01-12 09:07:04'),
(223, 22, '2511109', 53, 3, 2, 1, 47.00, 40.00, 87.00, 4.35, 'جيد جدا', 1, NULL, '2026-01-12 09:07:04', '2026-01-12 09:07:04'),
(224, 22, '2511210', 53, 3, 2, 1, 49.00, 49.00, 98.00, 4.90, 'ممتاز', 1, NULL, '2026-01-12 09:07:04', '2026-01-12 09:07:04'),
(225, 22, '2511211', 53, 3, 2, 1, 49.00, 49.00, 98.00, 4.90, 'ممتاز', 1, NULL, '2026-01-12 09:07:04', '2026-01-12 09:07:04'),
(226, 22, '2511212', 53, 3, 2, 1, 49.00, 49.00, 98.00, 4.90, 'ممتاز', 1, NULL, '2026-01-12 09:07:04', '2026-01-12 09:07:04'),
(227, 22, '2511213', 53, 3, 2, 1, 47.00, 38.00, 85.00, 4.25, 'جيد جدا', 1, NULL, '2026-01-12 09:07:04', '2026-01-12 09:07:04'),
(228, 22, '2511214', 53, 3, 2, 1, 49.00, 25.00, 74.00, 3.70, 'جيد', 1, NULL, '2026-01-12 09:07:04', '2026-01-12 09:07:04'),
(229, 22, '2511215', 53, 3, 2, 1, 49.00, 45.00, 94.00, 4.70, 'ممتاز', 1, NULL, '2026-01-12 09:07:04', '2026-01-12 09:07:04'),
(230, 22, '2511216', 53, 3, 2, 1, 49.00, 47.00, 96.00, 4.80, 'ممتاز', 1, NULL, '2026-01-12 09:07:04', '2026-01-12 09:07:04'),
(231, 22, '2511218', 53, 3, 2, 1, 49.00, 41.00, 90.00, 4.50, 'ممتاز', 1, NULL, '2026-01-12 09:07:04', '2026-01-12 09:07:04'),
(232, 22, '2511219', 53, 3, 2, 1, 49.00, 33.00, 82.00, 4.10, 'جيد جدا', 1, NULL, '2026-01-12 09:07:04', '2026-01-12 09:07:04'),
(233, 22, '2511220', 53, 3, 2, 1, 49.00, 41.00, 90.00, 4.50, 'ممتاز', 1, NULL, '2026-01-12 09:07:04', '2026-01-12 09:07:04'),
(234, 22, '2511221', 53, 3, 2, 1, 0.00, 0.00, 0.00, 0.00, 'محروم', 0, NULL, '2026-01-12 09:07:04', '2026-01-12 09:07:04'),
(235, 22, '2511123', 53, 3, 2, 1, 44.00, 46.00, 90.00, 4.50, 'ممتاز', 1, NULL, '2026-01-12 09:07:04', '2026-01-12 09:07:04'),
(236, 36, '2532101', 47, 3, 2, 1, 39.00, 30.00, 69.00, 3.45, 'جيد', 1, NULL, '2026-01-12 09:11:28', '2026-01-12 09:11:28'),
(237, 36, '2532102', 47, 3, 2, 1, 38.00, 35.00, 73.00, 3.65, 'جيد', 1, NULL, '2026-01-12 09:11:28', '2026-01-12 09:11:28'),
(238, 36, '2531203', 47, 3, 2, 1, 37.00, 56.00, 93.00, 4.65, 'ممتاز', 1, NULL, '2026-01-12 09:11:28', '2026-01-12 09:11:28'),
(239, 36, '2532104', 47, 3, 2, 1, 35.00, 30.00, 65.00, 3.25, 'جيد', 1, NULL, '2026-01-12 09:11:28', '2026-01-12 09:11:28'),
(240, 36, '2532105', 47, 3, 2, 1, 40.00, 56.00, 96.00, 4.80, 'ممتاز', 1, NULL, '2026-01-12 09:11:28', '2026-01-12 09:11:28'),
(241, 36, '2532107', 47, 3, 2, 1, 40.00, 56.00, 96.00, 4.80, 'ممتاز', 1, NULL, '2026-01-12 09:11:28', '2026-01-12 09:11:28'),
(242, 36, '2531109', 47, 3, 2, 1, 32.00, 18.00, 50.00, 2.50, 'ضعيف', 0, NULL, '2026-01-12 09:11:28', '2026-01-12 09:11:28'),
(243, 36, '2532110', 47, 3, 2, 1, 33.00, 33.00, 66.00, 3.30, 'جيد', 1, NULL, '2026-01-12 09:11:28', '2026-01-12 09:11:28'),
(244, 36, '2532211', 47, 3, 2, 1, 38.00, 32.00, 70.00, 3.50, 'جيد', 1, NULL, '2026-01-12 09:11:28', '2026-01-12 09:11:28'),
(245, 36, '2532212', 47, 3, 2, 1, 40.00, 60.00, 100.00, 5.00, 'ممتاز', 1, NULL, '2026-01-12 09:11:28', '2026-01-12 09:11:28'),
(246, 36, '2532113', 47, 3, 2, 1, 39.00, 60.00, 99.00, 4.95, 'ممتاز', 1, NULL, '2026-01-12 09:11:28', '2026-01-12 09:11:28'),
(247, 36, '2532115', 47, 3, 2, 1, 32.00, 5.00, 37.00, 1.85, 'ضعيف', 0, NULL, '2026-01-12 09:11:28', '2026-01-12 09:11:28'),
(248, 36, '2532117', 47, 3, 2, 1, 33.00, 5.00, 38.00, 1.90, 'ضعيف', 0, NULL, '2026-01-12 09:11:28', '2026-01-12 09:11:28'),
(249, 36, '2532218', 47, 3, 2, 1, 40.00, 60.00, 100.00, 5.00, 'ممتاز', 1, NULL, '2026-01-12 09:11:28', '2026-01-12 09:11:28'),
(250, 36, '2532119', 47, 3, 2, 1, 40.00, 58.00, 98.00, 4.90, 'ممتاز', 1, NULL, '2026-01-12 09:11:28', '2026-01-12 09:11:28'),
(251, 36, '2532220', 47, 3, 2, 1, 40.00, 30.00, 70.00, 3.50, 'جيد', 1, NULL, '2026-01-12 09:11:28', '2026-01-12 09:11:28'),
(252, 10, '2521101', 72, 3, 2, 1, 35.00, 31.00, 66.00, 3.30, 'جيد', 1, NULL, '2026-01-14 05:22:26', '2026-01-14 05:22:26'),
(253, 10, '2521102', 72, 3, 2, 1, 32.00, 18.00, 50.00, 2.50, 'ضعيف', 0, NULL, '2026-01-14 05:22:26', '2026-01-14 05:22:26'),
(254, 10, '2521104', 72, 3, 2, 1, 31.00, 20.00, 51.00, 2.55, 'ضعيف', 0, NULL, '2026-01-14 05:22:26', '2026-01-14 05:22:26'),
(255, 10, '2521105', 72, 3, 2, 1, 43.00, 27.00, 70.00, 3.50, 'جيد', 1, NULL, '2026-01-14 05:22:26', '2026-01-14 05:22:26'),
(256, 10, '2521107', 72, 3, 2, 1, 45.00, 15.00, 60.00, 3.00, 'ضعيف', 0, NULL, '2026-01-14 05:22:26', '2026-01-14 05:22:26'),
(257, 10, '2521108', 72, 3, 2, 1, 26.00, 25.00, 51.00, 2.55, 'مقبول', 1, NULL, '2026-01-14 05:22:26', '2026-01-14 05:22:26'),
(258, 10, '2521110', 72, 3, 2, 1, 45.00, 37.00, 82.00, 4.10, 'جيد جدا', 1, NULL, '2026-01-14 05:22:26', '2026-01-14 05:22:26'),
(259, 10, '2521111', 72, 3, 2, 1, 0.00, 0.00, 0.00, 0.00, 'محروم', 0, NULL, '2026-01-14 05:22:26', '2026-01-14 05:22:26'),
(260, 10, '2521112', 72, 3, 2, 1, 37.00, 34.00, 71.00, 3.55, 'جيد', 1, NULL, '2026-01-14 05:22:26', '2026-01-14 05:22:26'),
(261, 10, '2521113', 72, 3, 2, 1, 48.00, 42.00, 90.00, 4.50, 'ممتاز', 1, NULL, '2026-01-14 05:22:26', '2026-01-14 05:22:26'),
(262, 10, '2521114', 72, 3, 2, 1, 48.00, 48.00, 96.00, 4.80, 'ممتاز', 1, NULL, '2026-01-14 05:22:26', '2026-01-14 05:22:26'),
(263, 10, '2521215', 72, 3, 2, 1, 33.00, 27.00, 60.00, 3.00, 'مقبول', 1, NULL, '2026-01-14 05:22:26', '2026-01-14 05:22:26'),
(264, 10, '2521216', 72, 3, 2, 1, 50.00, 50.00, 100.00, 5.00, 'ممتاز', 1, NULL, '2026-01-14 05:22:26', '2026-01-14 05:22:26'),
(265, 10, '2521217', 72, 3, 2, 1, 48.00, 28.00, 76.00, 3.80, 'جيد', 1, NULL, '2026-01-14 05:22:26', '2026-01-14 05:22:26'),
(266, 10, '2521118', 72, 3, 2, 1, 0.00, 0.00, 0.00, 0.00, 'محروم', 0, NULL, '2026-01-14 05:22:26', '2026-01-14 05:22:26'),
(267, 10, '2521119', 72, 3, 2, 1, 31.00, 0.00, 0.00, 0.00, 'غائب', 0, NULL, '2026-01-14 05:22:26', '2026-01-14 05:22:26'),
(268, 10, '2521220', 72, 3, 2, 1, 50.00, 50.00, 100.00, 5.00, 'ممتاز', 1, NULL, '2026-01-14 05:22:26', '2026-01-14 05:22:26'),
(269, 10, '2521221', 72, 3, 2, 1, 42.00, 36.00, 78.00, 3.90, 'جيد', 1, NULL, '2026-01-14 05:22:26', '2026-01-14 05:22:26'),
(270, 10, '2521124', 72, 3, 2, 1, 33.00, 32.00, 65.00, 3.25, 'جيد', 1, NULL, '2026-01-14 05:22:26', '2026-01-14 05:22:26'),
(271, 3, '2621201', 58, 1, 2, 1, 47.00, 33.00, 80.00, 4.00, 'جيد جدا', 1, NULL, '2026-01-14 05:38:48', '2026-01-14 05:38:48'),
(272, 3, '2621102', 58, 1, 2, 1, 49.00, 44.00, 93.00, 4.65, 'ممتاز', 1, NULL, '2026-01-14 05:38:48', '2026-01-14 05:38:48'),
(273, 3, '2621103', 58, 1, 2, 1, 48.00, 46.00, 94.00, 4.70, 'ممتاز', 1, NULL, '2026-01-14 05:38:48', '2026-01-14 05:38:48'),
(274, 3, '2621204', 58, 1, 2, 1, 44.00, 29.00, 73.00, 3.65, 'جيد', 1, NULL, '2026-01-14 05:38:48', '2026-01-14 05:38:48'),
(275, 3, '2621105', 58, 1, 2, 1, 49.00, 27.00, 76.00, 3.80, 'جيد', 1, NULL, '2026-01-14 05:38:48', '2026-01-14 05:38:48'),
(276, 3, '2621106', 58, 1, 2, 1, 48.00, 42.00, 90.00, 4.50, 'ممتاز', 1, NULL, '2026-01-14 05:38:48', '2026-01-14 05:38:48'),
(277, 3, '2621207', 58, 1, 2, 1, 47.00, 40.00, 87.00, 4.35, 'جيد جدا', 1, NULL, '2026-01-14 05:38:48', '2026-01-14 05:38:48'),
(278, 3, '2621108', 58, 1, 2, 1, 43.00, 13.00, 56.00, 2.80, 'ضعيف', 0, NULL, '2026-01-14 05:38:48', '2026-01-14 05:38:48'),
(279, 3, '2621109', 58, 1, 2, 1, 43.00, 0.00, 0.00, 0.00, 'غائب', 0, NULL, '2026-01-14 05:38:48', '2026-01-14 05:38:48'),
(280, 3, '2621210', 58, 1, 2, 1, 49.00, 44.00, 93.00, 4.65, 'ممتاز', 1, NULL, '2026-01-14 05:38:48', '2026-01-14 05:38:48'),
(281, 3, '2621111', 58, 1, 2, 1, 47.00, 45.00, 92.00, 4.60, 'ممتاز', 1, NULL, '2026-01-14 05:38:48', '2026-01-14 05:38:48'),
(282, 3, '2621212', 58, 1, 2, 1, 49.00, 46.00, 95.00, 4.75, 'ممتاز', 1, NULL, '2026-01-14 05:38:48', '2026-01-14 05:38:48'),
(283, 3, '2621113', 58, 1, 2, 1, 45.00, 0.00, 0.00, 0.00, 'غائب', 0, NULL, '2026-01-14 05:38:48', '2026-01-14 05:38:48'),
(284, 3, '2621114', 58, 1, 2, 1, 48.00, 45.00, 93.00, 4.65, 'ممتاز', 1, NULL, '2026-01-14 05:38:48', '2026-01-14 05:38:48'),
(285, 3, '2621115', 58, 1, 2, 1, 0.00, 0.00, 0.00, 0.00, 'محروم', 0, NULL, '2026-01-14 05:38:48', '2026-01-14 05:38:48'),
(286, 3, '2621116', 58, 1, 2, 1, 45.00, 43.00, 88.00, 4.40, 'جيد جدا', 1, NULL, '2026-01-14 05:38:48', '2026-01-14 05:38:48'),
(287, 3, '2621117', 58, 1, 2, 1, 45.00, 0.00, 0.00, 0.00, 'غائب', 0, NULL, '2026-01-14 05:38:48', '2026-01-14 05:38:48'),
(288, 3, '2621218', 58, 1, 2, 1, 49.00, 45.00, 94.00, 4.70, 'ممتاز', 1, NULL, '2026-01-14 05:38:48', '2026-01-14 05:38:48'),
(289, 18, '2611201', 7, 1, 2, 1, 45.00, 25.00, 70.00, 3.50, 'جيد', 1, NULL, '2026-01-14 07:44:49', '2026-01-14 07:44:49'),
(290, 18, '2611202', 7, 1, 2, 1, 43.00, 11.00, 54.00, 2.70, 'ضعيف', 0, NULL, '2026-01-14 07:44:49', '2026-01-14 07:44:49'),
(291, 18, '2611203', 7, 1, 2, 1, 49.00, 35.00, 84.00, 4.20, 'جيد جدا', 1, NULL, '2026-01-14 07:44:49', '2026-01-14 07:44:49'),
(292, 18, '2611104', 7, 1, 2, 1, 40.00, 10.00, 50.00, 2.50, 'ضعيف', 0, NULL, '2026-01-14 07:44:49', '2026-01-14 07:44:49'),
(293, 18, '2611205', 7, 1, 2, 1, 40.00, 15.00, 55.00, 2.75, 'ضعيف', 0, NULL, '2026-01-14 07:44:49', '2026-01-14 07:44:49'),
(294, 18, '2611206', 7, 1, 2, 1, 42.00, 25.00, 67.00, 3.35, 'مقبول', 1, NULL, '2026-01-14 07:44:49', '2026-01-14 07:44:49'),
(295, 18, '2611207', 7, 1, 2, 1, 0.00, 0.00, 0.00, 0.00, 'محروم', 0, NULL, '2026-01-14 07:44:49', '2026-01-14 07:44:49'),
(296, 18, '2611208', 7, 1, 2, 1, 49.00, 41.00, 90.00, 4.50, 'ممتاز', 1, NULL, '2026-01-14 07:44:49', '2026-01-14 07:44:49'),
(297, 18, '2611209', 7, 1, 2, 1, 42.00, 25.00, 67.00, 3.35, 'مقبول', 1, NULL, '2026-01-14 07:44:49', '2026-01-14 07:44:49'),
(298, 18, '2611110', 7, 1, 2, 1, 44.00, 11.00, 55.00, 2.75, 'ضعيف', 0, NULL, '2026-01-14 07:44:49', '2026-01-14 07:44:49'),
(299, 18, '2611111', 7, 1, 2, 1, 40.00, 25.00, 65.00, 3.25, 'مقبول', 1, NULL, '2026-01-14 07:44:49', '2026-01-14 07:44:49'),
(300, 18, '2611212', 7, 1, 2, 1, 48.00, 46.00, 94.00, 4.70, 'ممتاز', 1, NULL, '2026-01-14 07:44:49', '2026-01-14 07:44:49'),
(301, 18, '2611213', 7, 1, 2, 1, 49.00, 36.00, 85.00, 4.25, 'جيد جدا', 1, NULL, '2026-01-14 07:44:49', '2026-01-14 07:44:49'),
(302, 18, '2611214', 7, 1, 2, 1, 41.00, 26.00, 67.00, 3.35, 'مقبول', 1, NULL, '2026-01-14 07:44:49', '2026-01-14 07:44:49'),
(303, 18, '2611215', 7, 1, 2, 1, 50.00, 49.00, 99.00, 4.95, 'ممتاز', 1, NULL, '2026-01-14 07:44:49', '2026-01-14 07:44:49'),
(304, 18, '2611216', 7, 1, 2, 1, 49.00, 35.00, 84.00, 4.20, 'جيد جدا', 1, NULL, '2026-01-14 07:44:49', '2026-01-14 07:44:49'),
(305, 18, '2611117', 7, 1, 2, 1, 41.00, 25.00, 66.00, 3.30, 'مقبول', 1, NULL, '2026-01-14 07:44:49', '2026-01-14 07:44:49'),
(306, 18, '2611218', 7, 1, 2, 1, 30.00, 13.00, 43.00, 2.15, 'ضعيف', 0, NULL, '2026-01-14 07:44:49', '2026-01-14 07:44:49'),
(307, 19, '2511202', 50, 3, 2, 1, 49.00, 46.00, 95.00, 4.75, 'ممتاز', 1, NULL, '2026-01-14 07:51:49', '2026-01-14 07:51:49'),
(308, 19, '2511203', 50, 3, 2, 1, 47.00, 50.00, 97.00, 4.85, 'ممتاز', 1, NULL, '2026-01-14 07:51:49', '2026-01-14 07:51:49'),
(309, 19, '2511204', 50, 3, 2, 1, 47.00, 44.00, 91.00, 4.55, 'ممتاز', 1, NULL, '2026-01-14 07:51:49', '2026-01-14 07:51:49'),
(310, 19, '2511205', 50, 3, 2, 1, 37.00, 28.00, 65.00, 3.25, 'مقبول', 1, NULL, '2026-01-14 07:51:50', '2026-01-14 07:51:50'),
(311, 19, '2511106', 50, 3, 2, 1, 50.00, 50.00, 100.00, 5.00, 'ممتاز', 1, NULL, '2026-01-14 07:51:50', '2026-01-14 07:51:50'),
(312, 19, '2511207', 50, 3, 2, 1, 46.00, 47.00, 93.00, 4.65, 'ممتاز', 1, NULL, '2026-01-14 07:51:50', '2026-01-14 07:51:50'),
(313, 19, '2511108', 50, 3, 2, 1, 50.00, 50.00, 100.00, 5.00, 'ممتاز', 1, NULL, '2026-01-14 07:51:50', '2026-01-14 07:51:50'),
(314, 19, '2511109', 50, 3, 2, 1, 47.00, 46.00, 93.00, 4.65, 'ممتاز', 1, NULL, '2026-01-14 07:51:50', '2026-01-14 07:51:50'),
(315, 19, '2511210', 50, 3, 2, 1, 49.00, 48.00, 97.00, 4.85, 'ممتاز', 1, NULL, '2026-01-14 07:51:50', '2026-01-14 07:51:50'),
(316, 19, '2511211', 50, 3, 2, 1, 50.00, 49.00, 99.00, 4.95, 'ممتاز', 1, NULL, '2026-01-14 07:51:50', '2026-01-14 07:51:50'),
(317, 19, '2511212', 50, 3, 2, 1, 47.00, 50.00, 97.00, 4.85, 'ممتاز', 1, NULL, '2026-01-14 07:51:50', '2026-01-14 07:51:50'),
(318, 19, '2511213', 50, 3, 2, 1, 30.00, 26.00, 56.00, 2.80, 'ضعيف', 0, NULL, '2026-01-14 07:51:50', '2026-01-14 07:51:50'),
(319, 19, '2511214', 50, 3, 2, 1, 32.00, 14.00, 46.00, 2.30, 'ضعيف', 0, NULL, '2026-01-14 07:51:50', '2026-01-14 07:51:50'),
(320, 19, '2511215', 50, 3, 2, 1, 45.00, 36.00, 81.00, 4.05, 'جيد جدا', 1, NULL, '2026-01-14 07:51:50', '2026-01-14 07:51:50'),
(321, 19, '2511216', 50, 3, 2, 1, 46.00, 50.00, 96.00, 4.80, 'ممتاز', 1, NULL, '2026-01-14 07:51:50', '2026-01-14 07:51:50'),
(322, 19, '2511218', 50, 3, 2, 1, 47.00, 44.00, 91.00, 4.55, 'ممتاز', 1, NULL, '2026-01-14 07:51:50', '2026-01-14 07:51:50'),
(323, 19, '2511219', 50, 3, 2, 1, 41.00, 41.00, 82.00, 4.10, 'جيد جدا', 1, NULL, '2026-01-14 07:51:50', '2026-01-14 07:51:50'),
(324, 19, '2511220', 50, 3, 2, 1, 50.00, 48.00, 98.00, 4.90, 'ممتاز', 1, NULL, '2026-01-14 07:51:50', '2026-01-14 07:51:50'),
(325, 19, '2511221', 50, 3, 2, 1, 0.00, 0.00, 0.00, 0.00, 'محروم', 0, NULL, '2026-01-14 07:51:50', '2026-01-14 07:51:50'),
(326, 19, '2511123', 50, 3, 2, 1, 0.00, 0.00, 0.00, 0.00, 'محروم', 0, NULL, '2026-01-14 07:51:50', '2026-01-14 07:51:50'),
(327, 11, '2521101', 73, 3, 2, 1, 30.00, 30.00, 60.00, 3.00, 'مقبول', 1, NULL, '2026-01-20 07:32:45', '2026-01-20 07:32:45'),
(328, 11, '2521102', 73, 3, 2, 1, 28.00, 8.00, 36.00, 1.80, 'ضعيف', 0, NULL, '2026-01-20 07:32:45', '2026-01-20 07:32:45'),
(329, 11, '2521104', 73, 3, 2, 1, 30.00, 6.00, 36.00, 1.80, 'ضعيف', 0, NULL, '2026-01-20 07:32:45', '2026-01-20 07:32:45'),
(330, 11, '2521105', 73, 3, 2, 1, 30.00, 14.00, 44.00, 2.20, 'ضعيف', 0, NULL, '2026-01-20 07:32:45', '2026-01-20 07:32:45'),
(331, 11, '2521107', 73, 3, 2, 1, 30.00, 37.00, 67.00, 3.35, 'جيد', 1, NULL, '2026-01-20 07:32:45', '2026-01-20 07:32:45'),
(332, 11, '2521108', 73, 3, 2, 1, 30.00, 30.00, 60.00, 3.00, 'مقبول', 1, NULL, '2026-01-20 07:32:45', '2026-01-20 07:32:45'),
(333, 11, '2521110', 73, 3, 2, 1, 36.00, 40.00, 76.00, 3.80, 'جيد', 1, NULL, '2026-01-20 07:32:45', '2026-01-20 07:32:45'),
(334, 11, '2521111', 73, 3, 2, 1, 0.00, 0.00, 0.00, 0.00, 'محروم', 0, NULL, '2026-01-20 07:32:45', '2026-01-20 07:32:45'),
(335, 11, '2521112', 73, 3, 2, 1, 32.00, 8.00, 40.00, 2.00, 'ضعيف', 0, NULL, '2026-01-20 07:32:45', '2026-01-20 07:32:45'),
(336, 11, '2521113', 73, 3, 2, 1, 35.00, 42.00, 77.00, 3.85, 'جيد', 1, NULL, '2026-01-20 07:32:45', '2026-01-20 07:32:45'),
(337, 11, '2521114', 73, 3, 2, 1, 40.00, 56.00, 96.00, 4.80, 'ممتاز', 1, NULL, '2026-01-20 07:32:45', '2026-01-20 07:32:45'),
(338, 11, '2521215', 73, 3, 2, 1, 33.00, 9.00, 42.00, 2.10, 'ضعيف', 0, NULL, '2026-01-20 07:32:45', '2026-01-20 07:32:45'),
(339, 11, '2521216', 73, 3, 2, 1, 40.00, 58.00, 98.00, 4.90, 'ممتاز', 1, NULL, '2026-01-20 07:32:45', '2026-01-20 07:32:45'),
(340, 11, '2521217', 73, 3, 2, 1, 32.00, 35.00, 67.00, 3.35, 'جيد', 1, NULL, '2026-01-20 07:32:45', '2026-01-20 07:32:45'),
(341, 11, '2521118', 73, 3, 2, 1, 0.00, 0.00, 0.00, 0.00, 'محروم', 0, NULL, '2026-01-20 07:32:45', '2026-01-20 07:32:45'),
(342, 11, '2521119', 73, 3, 2, 1, 29.00, 8.00, 37.00, 1.85, 'ضعيف', 0, NULL, '2026-01-20 07:32:45', '2026-01-20 07:32:45'),
(343, 11, '2521220', 73, 3, 2, 1, 40.00, 59.00, 99.00, 4.95, 'ممتاز', 1, NULL, '2026-01-20 07:32:45', '2026-01-20 07:32:45'),
(344, 11, '2521221', 73, 3, 2, 1, 38.00, 39.00, 77.00, 3.85, 'جيد', 1, NULL, '2026-01-20 07:32:45', '2026-01-20 07:32:45'),
(345, 11, '2521124', 73, 3, 2, 1, 30.00, 11.00, 41.00, 2.05, 'ضعيف', 0, NULL, '2026-01-20 07:32:45', '2026-01-20 07:32:45'),
(346, 1, '2621201', 56, 1, 2, 1, 38.00, 58.00, 96.00, 4.80, 'ممتاز', 1, NULL, '2026-01-20 08:27:11', '2026-01-20 08:27:11'),
(347, 1, '2621102', 56, 1, 2, 1, 40.00, 60.00, 100.00, 5.00, 'ممتاز', 1, NULL, '2026-01-20 08:27:11', '2026-01-20 08:27:11'),
(348, 1, '2621103', 56, 1, 2, 1, 38.00, 58.00, 96.00, 4.80, 'ممتاز', 1, NULL, '2026-01-20 08:27:11', '2026-01-20 08:27:11'),
(349, 1, '2621204', 56, 1, 2, 1, 39.00, 35.00, 74.00, 3.70, 'جيد', 1, NULL, '2026-01-20 08:27:11', '2026-01-20 08:27:11'),
(350, 1, '2621105', 56, 1, 2, 1, 38.00, 53.00, 91.00, 4.55, 'ممتاز', 1, NULL, '2026-01-20 08:27:11', '2026-01-20 08:27:11'),
(351, 1, '2621106', 56, 1, 2, 1, 39.00, 56.00, 95.00, 4.75, 'ممتاز', 1, NULL, '2026-01-20 08:27:11', '2026-01-20 08:27:11'),
(352, 1, '2621207', 56, 1, 2, 1, 37.00, 54.00, 91.00, 4.55, 'ممتاز', 1, NULL, '2026-01-20 08:27:11', '2026-01-20 08:27:11'),
(353, 1, '2621108', 56, 1, 2, 1, 33.00, 37.00, 70.00, 3.50, 'جيد', 1, NULL, '2026-01-20 08:27:11', '2026-01-20 08:27:11'),
(354, 1, '2621109', 56, 1, 2, 1, 25.00, 0.00, 0.00, 0.00, 'غائب', 0, NULL, '2026-01-20 08:27:11', '2026-01-20 08:27:11'),
(355, 1, '2621210', 56, 1, 2, 1, 40.00, 54.00, 94.00, 4.70, 'ممتاز', 1, NULL, '2026-01-20 08:27:11', '2026-01-20 08:27:11'),
(356, 1, '2621111', 56, 1, 2, 1, 37.00, 58.00, 95.00, 4.75, 'ممتاز', 1, NULL, '2026-01-20 08:27:11', '2026-01-20 08:27:11'),
(357, 1, '2621212', 56, 1, 2, 1, 40.00, 58.00, 98.00, 4.90, 'ممتاز', 1, NULL, '2026-01-20 08:27:11', '2026-01-20 08:27:11'),
(358, 1, '2621113', 56, 1, 2, 1, 25.00, 0.00, 0.00, 0.00, 'غائب', 0, NULL, '2026-01-20 08:27:11', '2026-01-20 08:27:11'),
(359, 1, '2621114', 56, 1, 2, 1, 36.00, 36.00, 72.00, 3.60, 'جيد', 1, NULL, '2026-01-20 08:27:11', '2026-01-20 08:27:11'),
(360, 1, '2621115', 56, 1, 2, 1, 0.00, 0.00, 0.00, 0.00, 'محروم', 0, NULL, '2026-01-20 08:27:11', '2026-01-20 08:27:11'),
(361, 1, '2621116', 56, 1, 2, 1, 40.00, 60.00, 100.00, 5.00, 'ممتاز', 1, NULL, '2026-01-20 08:27:11', '2026-01-20 08:27:11'),
(362, 1, '2621117', 56, 1, 2, 1, 30.00, 0.00, 0.00, 0.00, 'غائب', 0, NULL, '2026-01-20 08:27:11', '2026-01-20 08:27:11'),
(363, 1, '2621218', 56, 1, 2, 1, 38.00, 53.00, 91.00, 4.55, 'ممتاز', 1, NULL, '2026-01-20 08:27:11', '2026-01-20 08:27:11'),
(364, 8, '2521101', 70, 3, 2, 1, 42.00, 41.00, 83.00, 4.15, 'جيد جدا', 1, NULL, '2026-01-20 08:35:02', '2026-01-20 08:35:02'),
(365, 8, '2521102', 70, 3, 2, 1, 35.00, 27.00, 62.00, 3.10, 'مقبول', 1, NULL, '2026-01-20 08:35:02', '2026-01-20 08:35:02'),
(366, 8, '2521104', 70, 3, 2, 1, 35.00, 26.00, 61.00, 3.05, 'مقبول', 1, NULL, '2026-01-20 08:35:02', '2026-01-20 08:35:02'),
(367, 8, '2521105', 70, 3, 2, 1, 43.00, 31.00, 74.00, 3.70, 'جيد', 1, NULL, '2026-01-20 08:35:02', '2026-01-20 08:35:02'),
(368, 8, '2521107', 70, 3, 2, 1, 44.00, 30.00, 74.00, 3.70, 'جيد', 1, NULL, '2026-01-20 08:35:02', '2026-01-20 08:35:02'),
(369, 8, '2521108', 70, 3, 2, 1, 40.00, 38.00, 78.00, 3.90, 'جيد', 1, NULL, '2026-01-20 08:35:02', '2026-01-20 08:35:02'),
(370, 8, '2521110', 70, 3, 2, 1, 45.00, 37.00, 82.00, 4.10, 'جيد جدا', 1, NULL, '2026-01-20 08:35:02', '2026-01-20 08:35:02'),
(371, 8, '2521111', 70, 3, 2, 1, 0.00, 0.00, 0.00, 0.00, 'محروم', 0, NULL, '2026-01-20 08:35:02', '2026-01-20 08:35:02'),
(372, 8, '2521112', 70, 3, 2, 1, 42.00, 29.00, 71.00, 3.55, 'جيد', 1, NULL, '2026-01-20 08:35:02', '2026-01-20 08:35:02'),
(373, 8, '2521113', 70, 3, 2, 1, 46.00, 48.00, 94.00, 4.70, 'ممتاز', 1, NULL, '2026-01-20 08:35:02', '2026-01-20 08:35:02'),
(374, 8, '2521114', 70, 3, 2, 1, 46.00, 45.00, 91.00, 4.55, 'ممتاز', 1, NULL, '2026-01-20 08:35:02', '2026-01-20 08:35:02'),
(375, 8, '2521215', 70, 3, 2, 1, 40.00, 32.00, 72.00, 3.60, 'جيد', 1, NULL, '2026-01-20 08:35:02', '2026-01-20 08:35:02'),
(376, 8, '2521216', 70, 3, 2, 1, 50.00, 47.00, 97.00, 4.85, 'ممتاز', 1, NULL, '2026-01-20 08:35:02', '2026-01-20 08:35:02'),
(377, 8, '2521217', 70, 3, 2, 1, 40.00, 37.00, 77.00, 3.85, 'جيد', 1, NULL, '2026-01-20 08:35:02', '2026-01-20 08:35:02'),
(378, 8, '2521118', 70, 3, 2, 1, 0.00, 0.00, 0.00, 0.00, 'محروم', 0, NULL, '2026-01-20 08:35:02', '2026-01-20 08:35:02'),
(379, 8, '2521119', 70, 3, 2, 1, 40.00, 32.00, 72.00, 3.60, 'جيد', 1, NULL, '2026-01-20 08:35:02', '2026-01-20 08:35:02'),
(380, 8, '2521220', 70, 3, 2, 1, 48.00, 48.00, 96.00, 4.80, 'ممتاز', 1, NULL, '2026-01-20 08:35:02', '2026-01-20 08:35:02'),
(381, 8, '2521221', 70, 3, 2, 1, 41.00, 39.00, 80.00, 4.00, 'جيد جدا', 1, NULL, '2026-01-20 08:35:02', '2026-01-20 08:35:02'),
(382, 8, '2521124', 70, 3, 2, 1, 38.00, 0.00, 0.00, 0.00, 'غائب', 0, NULL, '2026-01-20 08:35:02', '2026-01-20 08:35:02'),
(383, 9, '2521101', 71, 3, 2, 1, 35.00, 41.00, 76.00, 3.80, 'جيد', 1, NULL, '2026-01-21 08:09:03', '2026-01-21 08:09:03'),
(384, 9, '2521102', 71, 3, 2, 1, 36.00, 42.00, 78.00, 3.90, 'جيد', 1, NULL, '2026-01-21 08:09:03', '2026-01-21 08:09:03'),
(385, 9, '2521104', 71, 3, 2, 1, 40.00, 36.00, 76.00, 3.80, 'جيد', 1, NULL, '2026-01-21 08:09:03', '2026-01-21 08:09:03'),
(386, 9, '2521105', 71, 3, 2, 1, 44.00, 25.00, 69.00, 3.45, 'جيد', 1, NULL, '2026-01-21 08:09:03', '2026-01-21 08:09:03'),
(387, 9, '2521107', 71, 3, 2, 1, 48.00, 28.00, 76.00, 3.80, 'جيد', 1, NULL, '2026-01-21 08:09:03', '2026-01-21 08:09:03'),
(388, 9, '2521108', 71, 3, 2, 1, 38.00, 33.00, 71.00, 3.55, 'جيد', 1, NULL, '2026-01-21 08:09:03', '2026-01-21 08:09:03'),
(389, 9, '2521110', 71, 3, 2, 1, 43.00, 35.00, 78.00, 3.90, 'جيد', 1, NULL, '2026-01-21 08:09:03', '2026-01-21 08:09:03'),
(390, 9, '2521111', 71, 3, 2, 1, 0.00, 0.00, 0.00, 0.00, 'محروم', 0, NULL, '2026-01-21 08:09:03', '2026-01-21 08:09:03'),
(391, 9, '2521112', 71, 3, 2, 1, 36.00, 27.00, 63.00, 3.15, 'مقبول', 1, NULL, '2026-01-21 08:09:03', '2026-01-21 08:09:03'),
(392, 9, '2521113', 71, 3, 2, 1, 46.00, 50.00, 96.00, 4.80, 'ممتاز', 1, NULL, '2026-01-21 08:09:03', '2026-01-21 08:09:03'),
(393, 9, '2521114', 71, 3, 2, 1, 44.00, 50.00, 94.00, 4.70, 'ممتاز', 1, NULL, '2026-01-21 08:09:03', '2026-01-21 08:09:03'),
(394, 9, '2521215', 71, 3, 2, 1, 41.00, 40.00, 81.00, 4.05, 'جيد جدا', 1, NULL, '2026-01-21 08:09:03', '2026-01-21 10:16:19'),
(395, 9, '2521216', 71, 3, 2, 1, 50.00, 50.00, 100.00, 5.00, 'ممتاز', 1, NULL, '2026-01-21 08:09:03', '2026-01-21 08:09:03'),
(396, 9, '2521217', 71, 3, 2, 1, 48.00, 32.00, 80.00, 4.00, 'جيد جدا', 1, NULL, '2026-01-21 08:09:03', '2026-01-21 08:09:03'),
(397, 9, '2521118', 71, 3, 2, 1, 0.00, 0.00, 0.00, 0.00, 'محروم', 0, NULL, '2026-01-21 08:09:03', '2026-01-21 08:09:03'),
(398, 9, '2521119', 71, 3, 2, 1, 38.00, 25.00, 63.00, 3.15, 'مقبول', 1, NULL, '2026-01-21 08:09:03', '2026-01-21 08:09:03'),
(399, 9, '2521220', 71, 3, 2, 1, 50.00, 50.00, 100.00, 5.00, 'ممتاز', 1, NULL, '2026-01-21 08:09:03', '2026-01-21 08:09:03'),
(400, 9, '2521221', 71, 3, 2, 1, 42.00, 32.00, 74.00, 3.70, 'جيد', 1, NULL, '2026-01-21 08:09:03', '2026-01-21 08:09:03'),
(401, 9, '2521124', 71, 3, 2, 1, 39.00, 41.00, 80.00, 4.00, 'جيد جدا', 1, NULL, '2026-01-21 08:09:03', '2026-01-21 08:09:03'),
(402, 16, '2611201', 5, 1, 2, 1, 41.00, 35.00, 76.00, 3.80, 'جيد', 1, NULL, '2026-01-21 08:26:04', '2026-01-21 08:26:04'),
(403, 16, '2611202', 5, 1, 2, 1, 37.00, 15.00, 52.00, 2.60, 'ضعيف', 0, NULL, '2026-01-21 08:26:04', '2026-01-21 08:26:04'),
(404, 16, '2611203', 5, 1, 2, 1, 42.00, 40.00, 82.00, 4.10, 'جيد جدا', 1, NULL, '2026-01-21 08:26:04', '2026-01-21 08:26:04'),
(405, 16, '2611104', 5, 1, 2, 1, 36.00, 30.00, 66.00, 3.30, 'مقبول', 1, NULL, '2026-01-21 08:26:04', '2026-01-21 08:26:04');
INSERT INTO `grades_draft` (`id`, `grade_export_id`, `student_id`, `course_id`, `semester_id`, `academic_year_id`, `turn`, `gsemster`, `gexam`, `gfinal`, `gpa`, `letter_grade`, `result`, `note`, `created_at`, `updated_at`) VALUES
(406, 16, '2611205', 5, 1, 2, 1, 33.00, 15.00, 48.00, 2.40, 'ضعيف', 0, NULL, '2026-01-21 08:26:04', '2026-01-21 08:26:04'),
(407, 16, '2611206', 5, 1, 2, 1, 42.00, 49.00, 91.00, 4.55, 'ممتاز', 1, NULL, '2026-01-21 08:26:04', '2026-01-21 08:26:04'),
(408, 16, '2611207', 5, 1, 2, 1, 0.00, 0.00, 0.00, 0.00, 'محروم', 0, NULL, '2026-01-21 08:26:04', '2026-01-21 08:26:04'),
(409, 16, '2611208', 5, 1, 2, 1, 47.00, 47.00, 94.00, 4.70, 'ممتاز', 1, NULL, '2026-01-21 08:26:04', '2026-01-21 08:26:04'),
(410, 16, '2611209', 5, 1, 2, 1, 41.00, 43.00, 84.00, 4.20, 'جيد جدا', 1, NULL, '2026-01-21 08:26:04', '2026-01-21 08:26:04'),
(411, 16, '2611110', 5, 1, 2, 1, 36.00, 42.00, 78.00, 3.90, 'جيد', 1, NULL, '2026-01-21 08:26:04', '2026-01-21 08:26:04'),
(412, 16, '2611111', 5, 1, 2, 1, 40.00, 35.00, 75.00, 3.75, 'جيد', 1, NULL, '2026-01-21 08:26:04', '2026-01-21 08:26:04'),
(413, 16, '2611212', 5, 1, 2, 1, 49.00, 48.00, 97.00, 4.85, 'ممتاز', 1, NULL, '2026-01-21 08:26:04', '2026-01-21 08:26:04'),
(414, 16, '2611213', 5, 1, 2, 1, 40.00, 40.00, 80.00, 4.00, 'جيد جدا', 1, NULL, '2026-01-21 08:26:04', '2026-01-21 08:26:04'),
(415, 16, '2611214', 5, 1, 2, 1, 43.00, 44.00, 87.00, 4.35, 'جيد جدا', 1, NULL, '2026-01-21 08:26:04', '2026-01-21 08:26:04'),
(416, 16, '2611215', 5, 1, 2, 1, 50.00, 49.00, 99.00, 4.95, 'ممتاز', 1, NULL, '2026-01-21 08:26:04', '2026-01-21 08:26:04'),
(417, 16, '2611216', 5, 1, 2, 1, 47.00, 48.00, 95.00, 4.75, 'ممتاز', 1, NULL, '2026-01-21 08:26:04', '2026-01-21 08:26:04'),
(418, 16, '2611117', 5, 1, 2, 1, 40.00, 25.00, 65.00, 3.25, 'مقبول', 1, NULL, '2026-01-21 08:26:04', '2026-01-21 08:26:04'),
(419, 16, '2611218', 5, 1, 2, 1, 32.00, 33.00, 65.00, 3.25, 'مقبول', 1, NULL, '2026-01-21 08:26:04', '2026-01-21 08:26:04'),
(420, 5, '2621201', 60, 1, 2, 1, 47.00, 31.00, 78.00, 3.90, 'جيد', 1, NULL, '2026-01-21 08:28:56', '2026-01-21 08:28:56'),
(421, 5, '2621102', 60, 1, 2, 1, 50.00, 47.00, 97.00, 4.85, 'ممتاز', 1, NULL, '2026-01-21 08:28:56', '2026-01-21 08:28:56'),
(422, 5, '2621103', 60, 1, 2, 1, 49.00, 50.00, 99.00, 4.95, 'ممتاز', 1, NULL, '2026-01-21 08:28:56', '2026-01-21 08:28:56'),
(423, 5, '2621204', 60, 1, 2, 1, 49.00, 36.00, 85.00, 4.25, 'جيد جدا', 1, NULL, '2026-01-21 08:28:56', '2026-01-21 08:28:56'),
(424, 5, '2621105', 60, 1, 2, 1, 50.00, 46.00, 96.00, 4.80, 'ممتاز', 1, NULL, '2026-01-21 08:28:56', '2026-01-21 08:28:56'),
(425, 5, '2621106', 60, 1, 2, 1, 48.00, 32.00, 80.00, 4.00, 'جيد جدا', 1, NULL, '2026-01-21 08:28:56', '2026-01-21 08:28:56'),
(426, 5, '2621207', 60, 1, 2, 1, 48.00, 42.00, 90.00, 4.50, 'ممتاز', 1, NULL, '2026-01-21 08:28:56', '2026-01-21 08:28:56'),
(427, 5, '2621108', 60, 1, 2, 1, 47.00, 25.00, 72.00, 3.60, 'جيد', 1, NULL, '2026-01-21 08:28:56', '2026-01-21 08:28:56'),
(428, 5, '2621109', 60, 1, 2, 1, 42.00, 33.00, 75.00, 3.75, 'جيد', 1, NULL, '2026-01-21 08:28:56', '2026-01-21 08:28:56'),
(429, 5, '2621210', 60, 1, 2, 1, 50.00, 36.00, 86.00, 4.30, 'جيد جدا', 1, NULL, '2026-01-21 08:28:56', '2026-01-21 08:28:56'),
(430, 5, '2621111', 60, 1, 2, 1, 47.00, 49.00, 96.00, 4.80, 'ممتاز', 1, NULL, '2026-01-21 08:28:56', '2026-01-21 08:28:56'),
(431, 5, '2621212', 60, 1, 2, 1, 50.00, 50.00, 100.00, 5.00, 'ممتاز', 1, NULL, '2026-01-21 08:28:56', '2026-01-21 08:28:56'),
(432, 5, '2621113', 60, 1, 2, 1, 35.00, 40.00, 75.00, 3.75, 'جيد', 1, NULL, '2026-01-21 08:28:56', '2026-01-21 08:28:56'),
(433, 5, '2621114', 60, 1, 2, 1, 50.00, 33.00, 83.00, 4.15, 'جيد جدا', 1, NULL, '2026-01-21 08:28:57', '2026-01-21 08:28:57'),
(434, 5, '2621115', 60, 1, 2, 1, 0.00, 0.00, 0.00, 0.00, 'محروم', 0, NULL, '2026-01-21 08:28:57', '2026-01-21 08:28:57'),
(435, 5, '2621116', 60, 1, 2, 1, 50.00, 45.00, 95.00, 4.75, 'ممتاز', 1, NULL, '2026-01-21 08:28:57', '2026-01-21 08:28:57'),
(436, 5, '2621117', 60, 1, 2, 1, 25.00, 0.00, 0.00, 0.00, 'غائب', 0, NULL, '2026-01-21 08:28:57', '2026-01-21 08:28:57'),
(437, 5, '2621218', 60, 1, 2, 1, 47.00, 43.00, 90.00, 4.50, 'ممتاز', 1, NULL, '2026-01-21 08:28:57', '2026-01-21 08:28:57'),
(438, 14, '2611201', 3, 1, 2, 1, 31.00, 46.00, 77.00, 3.85, 'جيد', 1, NULL, '2026-01-21 08:33:22', '2026-01-21 08:33:22'),
(439, 14, '2611202', 3, 1, 2, 1, 32.00, 38.00, 70.00, 3.50, 'جيد', 1, NULL, '2026-01-21 08:33:22', '2026-01-21 08:33:22'),
(440, 14, '2611203', 3, 1, 2, 1, 33.00, 52.00, 85.00, 4.25, 'جيد جدا', 1, NULL, '2026-01-21 08:33:22', '2026-01-21 08:33:22'),
(441, 14, '2611104', 3, 1, 2, 1, 35.00, 30.00, 65.00, 3.25, 'مقبول', 1, NULL, '2026-01-21 08:33:22', '2026-01-21 08:33:22'),
(442, 14, '2611205', 3, 1, 2, 1, 31.00, 34.00, 65.00, 3.25, 'مقبول', 1, NULL, '2026-01-21 08:33:22', '2026-01-21 08:33:22'),
(443, 14, '2611206', 3, 1, 2, 1, 38.00, 52.00, 90.00, 4.50, 'ممتاز', 1, NULL, '2026-01-21 08:33:22', '2026-01-21 08:33:22'),
(444, 14, '2611207', 3, 1, 2, 1, 0.00, 0.00, 0.00, 0.00, 'محروم', 0, NULL, '2026-01-21 08:33:22', '2026-01-21 08:33:22'),
(445, 14, '2611208', 3, 1, 2, 1, 37.00, 58.00, 95.00, 4.75, 'ممتاز', 1, NULL, '2026-01-21 08:33:22', '2026-01-21 08:33:22'),
(446, 14, '2611209', 3, 1, 2, 1, 31.00, 40.00, 71.00, 3.55, 'جيد', 1, NULL, '2026-01-21 08:33:22', '2026-01-21 08:33:22'),
(447, 14, '2611110', 3, 1, 2, 1, 32.00, 34.00, 66.00, 3.30, 'مقبول', 1, NULL, '2026-01-21 08:33:22', '2026-01-21 08:33:22'),
(448, 14, '2611111', 3, 1, 2, 1, 30.00, 41.00, 71.00, 3.55, 'جيد', 1, NULL, '2026-01-21 08:33:22', '2026-01-21 08:33:22'),
(449, 14, '2611212', 3, 1, 2, 1, 32.00, 44.00, 76.00, 3.80, 'جيد', 1, NULL, '2026-01-21 08:33:22', '2026-01-21 08:33:22'),
(450, 14, '2611213', 3, 1, 2, 1, 39.00, 58.00, 97.00, 4.85, 'ممتاز', 1, NULL, '2026-01-21 08:33:22', '2026-01-21 08:33:22'),
(451, 14, '2611214', 3, 1, 2, 1, 38.00, 58.00, 96.00, 4.80, 'ممتاز', 1, NULL, '2026-01-21 08:33:22', '2026-01-21 08:33:22'),
(452, 14, '2611215', 3, 1, 2, 1, 39.00, 57.00, 96.00, 4.80, 'ممتاز', 1, NULL, '2026-01-21 08:33:22', '2026-01-21 08:33:22'),
(453, 14, '2611216', 3, 1, 2, 1, 33.00, 42.00, 75.00, 3.75, 'جيد', 1, NULL, '2026-01-21 08:33:22', '2026-01-21 08:33:22'),
(454, 14, '2611117', 3, 1, 2, 1, 30.00, 50.00, 80.00, 4.00, 'جيد جدا', 1, NULL, '2026-01-21 08:33:22', '2026-01-21 08:33:22'),
(455, 14, '2611218', 3, 1, 2, 1, 33.00, 32.00, 65.00, 3.25, 'مقبول', 1, NULL, '2026-01-21 08:33:22', '2026-01-21 08:33:22'),
(456, 15, '2611201', 4, 1, 2, 1, 48.00, 35.00, 83.00, 4.15, 'جيد جدا', 1, NULL, '2026-01-21 08:44:09', '2026-01-21 08:44:09'),
(457, 15, '2611202', 4, 1, 2, 1, 44.00, 26.00, 70.00, 3.50, 'جيد', 1, '+1', '2026-01-21 08:44:09', '2026-01-21 08:44:09'),
(458, 15, '2611203', 4, 1, 2, 1, 49.00, 31.00, 80.00, 4.00, 'جيد جدا', 1, '+1', '2026-01-21 08:44:09', '2026-01-21 08:44:09'),
(459, 15, '2611104', 4, 1, 2, 1, 48.00, 13.00, 61.00, 3.05, 'ضعيف', 0, NULL, '2026-01-21 08:44:09', '2026-01-21 08:44:09'),
(460, 15, '2611205', 4, 1, 2, 1, 46.00, 32.00, 78.00, 3.90, 'جيد', 1, NULL, '2026-01-21 08:44:09', '2026-01-21 08:44:09'),
(461, 15, '2611206', 4, 1, 2, 1, 49.00, 43.00, 92.00, 4.60, 'ممتاز', 1, NULL, '2026-01-21 08:44:09', '2026-01-21 08:44:09'),
(462, 15, '2611207', 4, 1, 2, 1, 0.00, 0.00, 0.00, 0.00, 'محروم', 0, NULL, '2026-01-21 08:44:09', '2026-01-21 08:44:09'),
(463, 15, '2611208', 4, 1, 2, 1, 50.00, 45.00, 95.00, 4.75, 'ممتاز', 1, NULL, '2026-01-21 08:44:09', '2026-01-21 08:44:09'),
(464, 15, '2611209', 4, 1, 2, 1, 48.00, 34.00, 82.00, 4.10, 'جيد جدا', 1, NULL, '2026-01-21 08:44:09', '2026-01-21 08:44:09'),
(465, 15, '2611110', 4, 1, 2, 1, 44.00, 37.00, 81.00, 4.05, 'جيد جدا', 1, NULL, '2026-01-21 08:44:09', '2026-01-21 08:44:09'),
(466, 15, '2611111', 4, 1, 2, 1, 50.00, 43.00, 93.00, 4.65, 'ممتاز', 1, NULL, '2026-01-21 08:44:09', '2026-01-21 08:44:09'),
(467, 15, '2611212', 4, 1, 2, 1, 49.00, 49.00, 98.00, 4.90, 'ممتاز', 1, NULL, '2026-01-21 08:44:09', '2026-01-21 08:44:09'),
(468, 15, '2611213', 4, 1, 2, 1, 50.00, 43.00, 93.00, 4.65, 'ممتاز', 1, NULL, '2026-01-21 08:44:09', '2026-01-21 08:44:09'),
(469, 15, '2611214', 4, 1, 2, 1, 48.00, 43.00, 91.00, 4.55, 'ممتاز', 1, NULL, '2026-01-21 08:44:09', '2026-01-21 08:44:09'),
(470, 15, '2611215', 4, 1, 2, 1, 50.00, 46.00, 96.00, 4.80, 'ممتاز', 1, NULL, '2026-01-21 08:44:09', '2026-01-21 08:44:09'),
(471, 15, '2611216', 4, 1, 2, 1, 50.00, 41.00, 91.00, 4.55, 'ممتاز', 1, NULL, '2026-01-21 08:44:09', '2026-01-21 08:44:09'),
(472, 15, '2611117', 4, 1, 2, 1, 48.00, 32.00, 80.00, 4.00, 'جيد جدا', 1, '+1', '2026-01-21 08:44:09', '2026-01-21 08:44:09'),
(473, 15, '2611218', 4, 1, 2, 1, 43.00, 14.00, 57.00, 2.85, 'ضعيف', 0, NULL, '2026-01-21 08:44:09', '2026-01-21 08:44:09'),
(474, 23, '2511202', 54, 3, 2, 1, 47.00, 44.00, 91.00, 4.55, 'ممتاز', 1, NULL, '2026-01-21 09:12:33', '2026-01-21 09:12:33'),
(475, 23, '2511203', 54, 3, 2, 1, 45.00, 33.00, 78.00, 3.90, 'جيد', 1, NULL, '2026-01-21 09:12:33', '2026-01-21 09:12:33'),
(476, 23, '2511204', 54, 3, 2, 1, 47.00, 35.00, 82.00, 4.10, 'جيد جدا', 1, NULL, '2026-01-21 09:12:33', '2026-01-21 09:12:33'),
(477, 23, '2511205', 54, 3, 2, 1, 25.00, 11.00, 36.00, 1.80, 'ضعيف', 0, NULL, '2026-01-21 09:12:33', '2026-01-21 09:12:33'),
(478, 23, '2511106', 54, 3, 2, 1, 47.00, 45.00, 92.00, 4.60, 'ممتاز', 1, NULL, '2026-01-21 09:12:33', '2026-01-21 09:12:33'),
(479, 23, '2511207', 54, 3, 2, 1, 48.00, 0.00, 0.00, 0.00, 'غائب', 0, NULL, '2026-01-21 09:12:33', '2026-01-21 09:12:33'),
(480, 23, '2511108', 54, 3, 2, 1, 49.00, 36.00, 85.00, 4.25, 'جيد جدا', 1, NULL, '2026-01-21 09:12:33', '2026-01-21 09:12:33'),
(481, 23, '2511109', 54, 3, 2, 1, 37.00, 29.00, 66.00, 3.30, 'مقبول', 1, NULL, '2026-01-21 09:12:33', '2026-01-21 09:12:33'),
(482, 23, '2511210', 54, 3, 2, 1, 49.00, 45.00, 94.00, 4.70, 'ممتاز', 1, NULL, '2026-01-21 09:12:33', '2026-01-21 09:12:33'),
(483, 23, '2511211', 54, 3, 2, 1, 49.00, 49.00, 98.00, 4.90, 'ممتاز', 1, NULL, '2026-01-21 09:12:33', '2026-01-21 09:12:33'),
(484, 23, '2511212', 54, 3, 2, 1, 43.00, 44.00, 87.00, 4.35, 'جيد جدا', 1, NULL, '2026-01-21 09:12:34', '2026-01-21 09:12:34'),
(485, 23, '2511213', 54, 3, 2, 1, 36.00, 20.00, 56.00, 2.80, 'ضعيف', 0, NULL, '2026-01-21 09:12:34', '2026-01-21 09:12:34'),
(486, 23, '2511214', 54, 3, 2, 1, 25.00, 0.00, 0.00, 0.00, 'غائب', 0, NULL, '2026-01-21 09:12:34', '2026-01-21 10:19:35'),
(487, 23, '2511215', 54, 3, 2, 1, 31.00, 39.00, 70.00, 3.50, 'جيد', 1, NULL, '2026-01-21 09:12:34', '2026-01-21 09:12:34'),
(488, 23, '2511216', 54, 3, 2, 1, 42.00, 43.00, 85.00, 4.25, 'جيد جدا', 1, NULL, '2026-01-21 09:12:34', '2026-01-21 09:12:34'),
(489, 23, '2511218', 54, 3, 2, 1, 45.00, 37.00, 82.00, 4.10, 'جيد جدا', 1, NULL, '2026-01-21 09:12:34', '2026-01-21 09:12:34'),
(490, 23, '2511219', 54, 3, 2, 1, 40.00, 25.00, 65.00, 3.25, 'مقبول', 1, NULL, '2026-01-21 09:12:34', '2026-01-21 09:12:34'),
(491, 23, '2511220', 54, 3, 2, 1, 37.00, 28.00, 65.00, 3.25, 'مقبول', 1, NULL, '2026-01-21 09:12:34', '2026-01-21 09:12:34'),
(492, 23, '2511221', 54, 3, 2, 1, 0.00, 0.00, 0.00, 0.00, 'محروم', 0, NULL, '2026-01-21 09:12:34', '2026-01-21 09:12:34'),
(493, 23, '2511123', 54, 3, 2, 1, 25.00, 12.00, 37.00, 1.85, 'ضعيف', 0, NULL, '2026-01-21 09:12:34', '2026-01-25 08:21:54'),
(494, 20, '2511202', 51, 3, 2, 1, 43.00, 45.00, 88.00, 4.40, 'جيد جدا', 1, NULL, '2026-01-21 09:17:44', '2026-01-21 09:17:44'),
(495, 20, '2511203', 51, 3, 2, 1, 41.00, 41.00, 82.00, 4.10, 'جيد جدا', 1, NULL, '2026-01-21 09:17:44', '2026-01-21 09:17:44'),
(496, 20, '2511204', 51, 3, 2, 1, 41.00, 31.00, 72.00, 3.60, 'جيد', 1, NULL, '2026-01-21 09:17:44', '2026-01-21 09:17:44'),
(497, 20, '2511205', 51, 3, 2, 1, 32.00, 16.00, 48.00, 2.40, 'ضعيف', 0, NULL, '2026-01-21 09:17:44', '2026-01-21 09:17:44'),
(498, 20, '2511106', 51, 3, 2, 1, 42.00, 46.00, 88.00, 4.40, 'جيد جدا', 1, NULL, '2026-01-21 09:17:44', '2026-01-21 09:17:44'),
(499, 20, '2511207', 51, 3, 2, 1, 39.00, 42.00, 81.00, 4.05, 'جيد جدا', 1, NULL, '2026-01-21 09:17:44', '2026-01-21 09:17:44'),
(500, 20, '2511108', 51, 3, 2, 1, 49.00, 45.00, 94.00, 4.70, 'ممتاز', 1, NULL, '2026-01-21 09:17:44', '2026-01-21 09:17:44'),
(501, 20, '2511109', 51, 3, 2, 1, 43.00, 38.00, 81.00, 4.05, 'جيد جدا', 1, NULL, '2026-01-21 09:17:44', '2026-01-21 09:17:44'),
(502, 20, '2511210', 51, 3, 2, 1, 46.00, 46.00, 92.00, 4.60, 'ممتاز', 1, NULL, '2026-01-21 09:17:44', '2026-01-21 09:17:44'),
(503, 20, '2511211', 51, 3, 2, 1, 47.00, 47.00, 94.00, 4.70, 'ممتاز', 1, NULL, '2026-01-21 09:17:44', '2026-01-21 09:17:44'),
(504, 20, '2511212', 51, 3, 2, 1, 36.00, 41.00, 77.00, 3.85, 'جيد', 1, NULL, '2026-01-21 09:17:44', '2026-01-21 09:17:44'),
(505, 20, '2511213', 51, 3, 2, 1, 34.00, 20.00, 54.00, 2.70, 'ضعيف', 0, NULL, '2026-01-21 09:17:44', '2026-01-21 09:17:44'),
(506, 20, '2511214', 51, 3, 2, 1, 35.00, 23.00, 58.00, 2.90, 'ضعيف', 0, NULL, '2026-01-21 09:17:44', '2026-01-21 09:17:44'),
(507, 20, '2511215', 51, 3, 2, 1, 37.00, 33.00, 70.00, 3.50, 'جيد', 1, NULL, '2026-01-21 09:17:44', '2026-01-21 09:17:44'),
(508, 20, '2511216', 51, 3, 2, 1, 43.00, 42.00, 85.00, 4.25, 'جيد جدا', 1, NULL, '2026-01-21 09:17:44', '2026-01-21 09:17:44'),
(509, 20, '2511218', 51, 3, 2, 1, 33.00, 35.00, 68.00, 3.40, 'مقبول', 1, NULL, '2026-01-21 09:17:44', '2026-01-21 09:17:44'),
(510, 20, '2511219', 51, 3, 2, 1, 40.00, 28.00, 68.00, 3.40, 'مقبول', 1, NULL, '2026-01-21 09:17:44', '2026-01-21 09:17:44'),
(511, 20, '2511220', 51, 3, 2, 1, 39.00, 36.00, 75.00, 3.75, 'جيد', 1, NULL, '2026-01-21 09:17:44', '2026-01-21 09:17:44'),
(512, 20, '2511221', 51, 3, 2, 1, 0.00, 0.00, 0.00, 0.00, 'محروم', 0, NULL, '2026-01-21 09:17:44', '2026-01-21 09:17:44'),
(513, 20, '2511123', 51, 3, 2, 1, 25.00, 14.00, 39.00, 1.95, 'ضعيف', 0, NULL, '2026-01-21 09:17:44', '2026-01-25 08:20:26'),
(514, 30, '2632101', 20, 1, 2, 1, 0.00, 0.00, 0.00, 0.00, 'محروم', 0, NULL, '2026-01-21 09:55:47', '2026-01-21 09:55:47'),
(515, 30, '2632102', 20, 1, 2, 1, 44.00, 32.00, 76.00, 3.80, 'جيد', 1, NULL, '2026-01-21 09:55:47', '2026-01-21 09:55:47'),
(516, 30, '2632203', 20, 1, 2, 1, 44.00, 27.00, 71.00, 3.55, 'جيد', 1, NULL, '2026-01-21 09:55:47', '2026-01-21 09:55:47'),
(517, 30, '2632104', 20, 1, 2, 1, 0.00, 0.00, 0.00, 0.00, 'محروم', 0, NULL, '2026-01-21 09:55:47', '2026-01-21 09:55:47'),
(518, 30, '2632105', 20, 1, 2, 1, 0.00, 0.00, 0.00, 0.00, 'محروم', 0, NULL, '2026-01-21 09:55:47', '2026-01-21 09:55:47'),
(519, 30, '2632106', 20, 1, 2, 1, 50.00, 36.00, 86.00, 4.30, 'جيد جدا', 1, NULL, '2026-01-21 09:55:47', '2026-01-21 09:55:47'),
(520, 30, '2632107', 20, 1, 2, 1, 41.00, 25.00, 66.00, 3.30, 'جيد', 1, NULL, '2026-01-21 09:55:47', '2026-01-21 09:55:47'),
(521, 30, '2632108', 20, 1, 2, 1, 47.00, 33.00, 80.00, 4.00, 'جيد جدا', 1, NULL, '2026-01-21 09:55:47', '2026-01-21 09:55:47'),
(522, 30, '2632109', 20, 1, 2, 1, 45.00, 25.00, 70.00, 3.50, 'جيد', 1, NULL, '2026-01-21 09:55:47', '2026-01-21 09:55:47'),
(523, 30, '2632110', 20, 1, 2, 1, 49.00, 42.00, 91.00, 4.55, 'ممتاز', 1, NULL, '2026-01-21 09:55:47', '2026-01-21 09:55:47'),
(524, 30, '2632111', 20, 1, 2, 1, 49.00, 38.00, 87.00, 4.35, 'جيد جدا', 1, NULL, '2026-01-21 09:55:47', '2026-01-21 09:55:47'),
(525, 30, '2632112', 20, 1, 2, 1, 47.00, 15.00, 62.00, 3.10, 'ضعيف', 0, NULL, '2026-01-21 09:55:47', '2026-01-21 09:55:47'),
(526, 30, '2632113', 20, 1, 2, 1, 48.00, 17.00, 65.00, 3.25, 'ضعيف', 0, NULL, '2026-01-21 09:55:47', '2026-01-21 09:55:47'),
(527, 30, '2632214', 20, 1, 2, 1, 0.00, 0.00, 0.00, 0.00, 'محروم', 0, NULL, '2026-01-21 09:55:47', '2026-01-21 09:55:47'),
(528, 30, '2632115', 20, 1, 2, 1, 39.00, 26.00, 65.00, 3.25, 'جيد', 1, NULL, '2026-01-21 09:55:47', '2026-01-21 09:55:47'),
(529, 30, '2632116', 20, 1, 2, 1, 47.00, 34.00, 81.00, 4.05, 'جيد جدا', 1, NULL, '2026-01-21 09:55:47', '2026-01-21 09:55:47'),
(530, 30, '2632217', 20, 1, 2, 1, 0.00, 0.00, 0.00, 0.00, 'محروم', 0, NULL, '2026-01-21 09:55:47', '2026-01-21 09:55:47'),
(531, 30, '2632118', 20, 1, 2, 1, 0.00, 0.00, 0.00, 0.00, 'محروم', 0, NULL, '2026-01-21 09:55:47', '2026-01-21 09:55:47'),
(532, 31, '2632101', 21, 1, 2, 1, 20.00, 0.00, 0.00, 0.00, 'غائب', 0, NULL, '2026-01-21 10:08:25', '2026-01-21 10:08:25'),
(533, 31, '2632102', 21, 1, 2, 1, 35.00, 38.00, 73.00, 3.65, 'جيد', 1, NULL, '2026-01-21 10:08:25', '2026-01-21 10:08:25'),
(534, 31, '2632203', 21, 1, 2, 1, 39.00, 48.00, 87.00, 4.35, 'جيد جدا', 1, NULL, '2026-01-21 10:08:25', '2026-01-21 10:08:25'),
(535, 31, '2632104', 21, 1, 2, 1, 20.00, 0.00, 0.00, 0.00, 'غائب', 0, NULL, '2026-01-21 10:08:25', '2026-01-21 10:08:25'),
(536, 31, '2632105', 21, 1, 2, 1, 20.00, 0.00, 0.00, 0.00, 'غائب', 0, NULL, '2026-01-21 10:08:25', '2026-01-21 10:08:25'),
(537, 31, '2632106', 21, 1, 2, 1, 39.00, 48.00, 87.00, 4.35, 'جيد جدا', 1, NULL, '2026-01-21 10:08:25', '2026-01-21 10:08:25'),
(538, 31, '2632107', 21, 1, 2, 1, 33.00, 38.00, 71.00, 3.55, 'جيد', 1, NULL, '2026-01-21 10:08:25', '2026-01-21 10:08:25'),
(539, 31, '2632108', 21, 1, 2, 1, 30.00, 47.00, 77.00, 3.85, 'جيد', 1, NULL, '2026-01-21 10:08:25', '2026-01-21 10:08:25'),
(540, 31, '2632109', 21, 1, 2, 1, 29.00, 30.00, 59.00, 2.95, 'مقبول', 1, NULL, '2026-01-21 10:08:25', '2026-01-21 10:08:25'),
(541, 31, '2632110', 21, 1, 2, 1, 39.00, 60.00, 99.00, 4.95, 'ممتاز', 1, NULL, '2026-01-21 10:08:25', '2026-01-21 10:08:25'),
(542, 31, '2632111', 21, 1, 2, 1, 33.00, 55.00, 88.00, 4.40, 'جيد جدا', 1, NULL, '2026-01-21 10:08:25', '2026-01-21 10:08:25'),
(543, 31, '2632112', 21, 1, 2, 1, 28.00, 30.00, 58.00, 2.90, 'مقبول', 1, NULL, '2026-01-21 10:08:25', '2026-01-21 10:08:25'),
(544, 31, '2632113', 21, 1, 2, 1, 33.00, 15.00, 48.00, 2.40, 'ضعيف', 0, NULL, '2026-01-21 10:08:25', '2026-01-21 10:08:25'),
(545, 31, '2632214', 21, 1, 2, 1, 20.00, 0.00, 0.00, 0.00, 'غائب', 0, NULL, '2026-01-21 10:08:25', '2026-01-21 10:08:25'),
(546, 31, '2632115', 21, 1, 2, 1, 31.00, 38.00, 69.00, 3.45, 'جيد', 1, NULL, '2026-01-21 10:08:25', '2026-01-21 10:08:25'),
(547, 31, '2632116', 21, 1, 2, 1, 34.00, 33.00, 67.00, 3.35, 'جيد', 1, NULL, '2026-01-21 10:08:26', '2026-01-21 10:08:26'),
(548, 31, '2632217', 21, 1, 2, 1, 25.00, 0.00, 0.00, 0.00, 'غائب', 0, NULL, '2026-01-21 10:08:26', '2026-01-21 10:08:26'),
(549, 31, '2632118', 21, 1, 2, 1, 20.00, 0.00, 0.00, 0.00, 'غائب', 0, NULL, '2026-01-21 10:08:26', '2026-01-21 10:08:26'),
(550, 26, '2632101', 16, 1, 2, 1, 0.00, 0.00, 0.00, 0.00, 'محروم', 0, NULL, '2026-01-21 10:12:47', '2026-01-21 10:12:47'),
(551, 26, '2632102', 16, 1, 2, 1, 30.00, 30.00, 60.00, 3.00, 'مقبول', 1, NULL, '2026-01-21 10:12:47', '2026-01-21 10:12:47'),
(552, 26, '2632203', 16, 1, 2, 1, 37.00, 43.00, 80.00, 4.00, 'جيد جدا', 1, NULL, '2026-01-21 10:12:47', '2026-01-21 10:12:47'),
(553, 26, '2632104', 16, 1, 2, 1, 0.00, 0.00, 0.00, 0.00, 'محروم', 0, NULL, '2026-01-21 10:12:47', '2026-01-21 10:12:47'),
(554, 26, '2632105', 16, 1, 2, 1, 0.00, 0.00, 0.00, 0.00, 'محروم', 0, NULL, '2026-01-21 10:12:47', '2026-01-21 10:12:47'),
(555, 26, '2632106', 16, 1, 2, 1, 38.00, 56.00, 94.00, 4.70, 'ممتاز', 1, NULL, '2026-01-21 10:12:47', '2026-01-21 10:12:47'),
(556, 26, '2632107', 16, 1, 2, 1, 30.00, 30.00, 60.00, 3.00, 'مقبول', 1, NULL, '2026-01-21 10:12:47', '2026-01-21 10:12:47'),
(557, 26, '2632108', 16, 1, 2, 1, 30.00, 32.00, 62.00, 3.10, 'مقبول', 1, NULL, '2026-01-21 10:12:47', '2026-01-21 10:12:47'),
(558, 26, '2632109', 16, 1, 2, 1, 25.00, 4.00, 29.00, 1.45, 'ضعيف', 0, NULL, '2026-01-21 10:12:47', '2026-01-21 10:12:47'),
(559, 26, '2632110', 16, 1, 2, 1, 34.00, 31.00, 65.00, 3.25, 'جيد', 1, '+1', '2026-01-21 10:12:47', '2026-02-01 09:52:35'),
(560, 26, '2632111', 16, 1, 2, 1, 30.00, 30.00, 60.00, 3.00, 'مقبول', 1, NULL, '2026-01-21 10:12:47', '2026-01-21 10:12:47'),
(561, 26, '2632112', 16, 1, 2, 1, 30.00, 30.00, 60.00, 3.00, 'مقبول', 1, NULL, '2026-01-21 10:12:47', '2026-01-21 10:12:47'),
(562, 26, '2632113', 16, 1, 2, 1, 30.00, 30.00, 60.00, 3.00, 'مقبول', 1, NULL, '2026-01-21 10:12:47', '2026-01-21 10:12:47'),
(563, 26, '2632214', 16, 1, 2, 1, 0.00, 0.00, 0.00, 0.00, 'محروم', 0, NULL, '2026-01-21 10:12:47', '2026-01-21 10:12:47'),
(564, 26, '2632115', 16, 1, 2, 1, 30.00, 30.00, 60.00, 3.00, 'مقبول', 1, NULL, '2026-01-21 10:12:47', '2026-01-21 10:12:47'),
(565, 26, '2632116', 16, 1, 2, 1, 31.00, 39.00, 70.00, 3.50, 'جيد', 1, NULL, '2026-01-21 10:12:47', '2026-01-21 10:12:47'),
(566, 26, '2632217', 16, 1, 2, 1, 0.00, 0.00, 0.00, 0.00, 'محروم', 0, NULL, '2026-01-21 10:12:47', '2026-01-21 10:12:47'),
(567, 26, '2632118', 16, 1, 2, 1, 0.00, 0.00, 0.00, 0.00, 'محروم', 0, NULL, '2026-01-21 10:12:47', '2026-01-21 10:12:47'),
(568, 28, '2632101', 18, 1, 2, 1, 0.00, 0.00, 0.00, 0.00, 'محروم', 0, NULL, '2026-01-21 10:16:08', '2026-01-21 10:16:08'),
(569, 28, '2632102', 18, 1, 2, 1, 36.00, 31.00, 67.00, 3.35, 'جيد', 1, NULL, '2026-01-21 10:16:08', '2026-01-21 10:16:08'),
(570, 28, '2632203', 18, 1, 2, 1, 31.00, 30.00, 61.00, 3.05, 'مقبول', 1, NULL, '2026-01-21 10:16:08', '2026-01-21 10:16:08'),
(571, 28, '2632104', 18, 1, 2, 1, 0.00, 0.00, 0.00, 0.00, 'محروم', 0, NULL, '2026-01-21 10:16:08', '2026-01-21 10:16:08'),
(572, 28, '2632105', 18, 1, 2, 1, 0.00, 0.00, 0.00, 0.00, 'محروم', 0, NULL, '2026-01-21 10:16:08', '2026-01-21 10:16:08'),
(573, 28, '2632106', 18, 1, 2, 1, 39.00, 46.00, 85.00, 4.25, 'جيد جدا', 1, NULL, '2026-01-21 10:16:08', '2026-01-21 10:16:08'),
(574, 28, '2632107', 18, 1, 2, 1, 30.00, 35.00, 65.00, 3.25, 'جيد', 1, NULL, '2026-01-21 10:16:08', '2026-01-21 10:16:08'),
(575, 28, '2632108', 18, 1, 2, 1, 30.00, 38.00, 68.00, 3.40, 'جيد', 1, NULL, '2026-01-21 10:16:08', '2026-01-21 10:16:08'),
(576, 28, '2632109', 18, 1, 2, 1, 34.00, 33.00, 67.00, 3.35, 'جيد', 1, NULL, '2026-01-21 10:16:08', '2026-01-21 10:16:08'),
(577, 28, '2632110', 18, 1, 2, 1, 40.00, 57.00, 97.00, 4.85, 'ممتاز', 1, NULL, '2026-01-21 10:16:08', '2026-01-21 10:16:08'),
(578, 28, '2632111', 18, 1, 2, 1, 37.00, 41.00, 78.00, 3.90, 'جيد', 1, NULL, '2026-01-21 10:16:08', '2026-01-21 10:16:08'),
(579, 28, '2632112', 18, 1, 2, 1, 30.00, 30.00, 60.00, 3.00, 'مقبول', 1, NULL, '2026-01-21 10:16:08', '2026-01-21 10:16:08'),
(580, 28, '2632113', 18, 1, 2, 1, 25.00, 30.00, 55.00, 2.75, 'مقبول', 1, NULL, '2026-01-21 10:16:08', '2026-01-21 10:16:08'),
(581, 28, '2632214', 18, 1, 2, 1, 0.00, 0.00, 0.00, 0.00, 'محروم', 0, NULL, '2026-01-21 10:16:08', '2026-01-21 10:16:08'),
(582, 28, '2632115', 18, 1, 2, 1, 25.00, 30.00, 55.00, 2.75, 'مقبول', 1, NULL, '2026-01-21 10:16:08', '2026-01-21 10:16:08'),
(583, 28, '2632116', 18, 1, 2, 1, 25.00, 30.00, 55.00, 2.75, 'مقبول', 1, NULL, '2026-01-21 10:16:08', '2026-01-21 10:16:08'),
(584, 28, '2632217', 18, 1, 2, 1, 0.00, 0.00, 0.00, 0.00, 'محروم', 0, NULL, '2026-01-21 10:16:08', '2026-01-21 10:16:08'),
(585, 28, '2632118', 18, 1, 2, 1, 0.00, 0.00, 0.00, 0.00, 'محروم', 0, NULL, '2026-01-21 10:16:08', '2026-01-21 10:16:08'),
(586, 34, '2532101', 45, 3, 2, 1, 32.00, 48.00, 80.00, 4.00, 'جيد جدا', 1, NULL, '2026-01-21 10:28:18', '2026-01-21 10:28:18'),
(587, 34, '2532102', 45, 3, 2, 1, 40.00, 52.00, 92.00, 4.60, 'ممتاز', 1, NULL, '2026-01-21 10:28:18', '2026-01-21 10:28:18'),
(588, 34, '2531203', 45, 3, 2, 1, 40.00, 58.00, 98.00, 4.90, 'ممتاز', 1, NULL, '2026-01-21 10:28:18', '2026-01-21 10:28:18'),
(589, 34, '2532104', 45, 3, 2, 1, 39.00, 47.00, 86.00, 4.30, 'جيد جدا', 1, NULL, '2026-01-21 10:28:18', '2026-01-21 10:28:18'),
(590, 34, '2532105', 45, 3, 2, 1, 40.00, 56.00, 96.00, 4.80, 'ممتاز', 1, NULL, '2026-01-21 10:28:18', '2026-01-21 10:28:18'),
(591, 34, '2532107', 45, 3, 2, 1, 40.00, 0.00, 0.00, 0.00, 'غائب', 0, NULL, '2026-01-21 10:28:18', '2026-01-21 10:28:18'),
(592, 34, '2531109', 45, 3, 2, 1, 27.00, 33.00, 60.00, 3.00, 'مقبول', 1, NULL, '2026-01-21 10:28:18', '2026-01-21 10:28:18'),
(593, 34, '2532110', 45, 3, 2, 1, 31.00, 49.00, 80.00, 4.00, 'جيد جدا', 1, '+1', '2026-01-21 10:28:18', '2026-02-01 09:42:15'),
(594, 34, '2532211', 45, 3, 2, 1, 38.00, 54.00, 92.00, 4.60, 'ممتاز', 1, NULL, '2026-01-21 10:28:18', '2026-01-21 10:28:18'),
(595, 34, '2532212', 45, 3, 2, 1, 40.00, 56.00, 96.00, 4.80, 'ممتاز', 1, NULL, '2026-01-21 10:28:18', '2026-01-21 10:28:18'),
(596, 34, '2532113', 45, 3, 2, 1, 40.00, 58.00, 98.00, 4.90, 'ممتاز', 1, NULL, '2026-01-21 10:28:18', '2026-01-21 10:28:18'),
(597, 34, '2532115', 45, 3, 2, 1, 37.00, 30.00, 67.00, 3.35, 'جيد', 1, NULL, '2026-01-21 10:28:18', '2026-01-21 10:28:18'),
(598, 34, '2532117', 45, 3, 2, 1, 33.00, 30.00, 63.00, 3.15, 'مقبول', 1, NULL, '2026-01-21 10:28:18', '2026-01-21 10:28:18'),
(599, 34, '2532218', 45, 3, 2, 1, 40.00, 60.00, 100.00, 5.00, 'ممتاز', 1, NULL, '2026-01-21 10:28:18', '2026-01-21 10:28:18'),
(600, 34, '2532119', 45, 3, 2, 1, 40.00, 54.00, 94.00, 4.70, 'ممتاز', 1, NULL, '2026-01-21 10:28:18', '2026-01-21 10:28:18'),
(601, 34, '2532220', 45, 3, 2, 1, 40.00, 55.00, 95.00, 4.75, 'ممتاز', 1, NULL, '2026-01-21 10:28:18', '2026-01-21 10:28:18'),
(602, 35, '2532101', 46, 3, 2, 1, 37.00, 20.00, 57.00, 2.85, 'ضعيف', 0, NULL, '2026-01-21 10:32:40', '2026-01-21 10:36:28'),
(603, 35, '2532102', 46, 3, 2, 1, 37.00, 38.00, 75.00, 3.75, 'جيد', 1, NULL, '2026-01-21 10:32:40', '2026-01-21 10:36:28'),
(604, 35, '2531203', 46, 3, 2, 1, 39.00, 44.00, 83.00, 4.15, 'جيد جدا', 1, NULL, '2026-01-21 10:32:40', '2026-01-21 10:36:28'),
(605, 35, '2532104', 46, 3, 2, 1, 34.00, 31.00, 65.00, 3.25, 'جيد', 1, '+1', '2026-01-21 10:32:40', '2026-02-01 09:46:32'),
(606, 35, '2532105', 46, 3, 2, 1, 39.00, 35.00, 74.00, 3.70, 'جيد', 1, NULL, '2026-01-21 10:32:40', '2026-01-21 10:36:28'),
(607, 35, '2532107', 46, 3, 2, 1, 39.00, 0.00, 0.00, 0.00, 'غائب', 0, NULL, '2026-01-21 10:32:40', '2026-01-21 10:36:28'),
(608, 35, '2531109', 46, 3, 2, 1, 38.00, 42.00, 80.00, 4.00, 'جيد جدا', 1, NULL, '2026-01-21 10:32:40', '2026-01-21 10:36:28'),
(609, 35, '2532110', 46, 3, 2, 1, 30.00, 0.00, 0.00, 0.00, 'غائب', 0, NULL, '2026-01-21 10:32:40', '2026-01-21 10:36:28'),
(610, 35, '2532211', 46, 3, 2, 1, 38.00, 35.00, 73.00, 3.65, 'جيد', 1, NULL, '2026-01-21 10:32:40', '2026-01-21 10:36:28'),
(611, 35, '2532212', 46, 3, 2, 1, 38.00, 54.00, 92.00, 4.60, 'ممتاز', 1, NULL, '2026-01-21 10:32:40', '2026-01-21 10:36:28'),
(612, 35, '2532113', 46, 3, 2, 1, 38.00, 40.00, 78.00, 3.90, 'جيد', 1, NULL, '2026-01-21 10:32:40', '2026-01-21 10:36:29'),
(613, 35, '2532115', 46, 3, 2, 1, 34.00, 13.00, 47.00, 2.35, 'ضعيف', 0, NULL, '2026-01-21 10:32:40', '2026-01-21 10:36:29'),
(614, 35, '2532117', 46, 3, 2, 1, 38.00, 9.00, 47.00, 2.35, 'ضعيف', 0, NULL, '2026-01-21 10:32:40', '2026-01-21 10:36:29'),
(615, 35, '2532218', 46, 3, 2, 1, 40.00, 57.00, 97.00, 4.85, 'ممتاز', 1, NULL, '2026-01-21 10:32:40', '2026-01-21 10:36:29'),
(616, 35, '2532119', 46, 3, 2, 1, 39.00, 30.00, 69.00, 3.45, 'جيد', 1, NULL, '2026-01-21 10:32:40', '2026-01-21 10:36:29'),
(617, 35, '2532220', 46, 3, 2, 1, 38.00, 34.00, 72.00, 3.60, 'جيد', 1, NULL, '2026-01-21 10:32:40', '2026-01-21 10:36:29'),
(618, 32, '2532101', 43, 3, 2, 1, 39.00, 37.00, 76.00, 3.80, 'جيد', 1, NULL, '2026-01-21 10:43:48', '2026-01-21 10:43:48'),
(619, 32, '2532102', 43, 3, 2, 1, 31.00, 59.00, 90.00, 4.50, 'ممتاز', 1, '+1', '2026-01-21 10:43:49', '2026-02-01 09:50:51'),
(620, 32, '2531203', 43, 3, 2, 1, 39.00, 60.00, 99.00, 4.95, 'ممتاز', 1, NULL, '2026-01-21 10:43:49', '2026-01-21 10:43:49'),
(621, 32, '2532104', 43, 3, 2, 1, 30.00, 46.00, 76.00, 3.80, 'جيد', 1, NULL, '2026-01-21 10:43:49', '2026-01-21 10:43:49'),
(622, 32, '2532105', 43, 3, 2, 1, 40.00, 58.00, 98.00, 4.90, 'ممتاز', 1, NULL, '2026-01-21 10:43:49', '2026-01-21 10:43:49'),
(623, 32, '2532107', 43, 3, 2, 1, 40.00, 55.00, 95.00, 4.75, 'ممتاز', 1, NULL, '2026-01-21 10:43:49', '2026-01-21 10:43:49'),
(624, 32, '2531109', 43, 3, 2, 1, 33.00, 47.00, 80.00, 4.00, 'جيد جدا', 1, NULL, '2026-01-21 10:43:49', '2026-01-21 10:43:49'),
(625, 32, '2532110', 43, 3, 2, 1, 33.00, 38.00, 71.00, 3.55, 'جيد', 1, NULL, '2026-01-21 10:43:49', '2026-01-21 10:43:49'),
(626, 32, '2532211', 43, 3, 2, 1, 36.00, 58.00, 94.00, 4.70, 'ممتاز', 1, NULL, '2026-01-21 10:43:49', '2026-02-01 09:50:51'),
(627, 32, '2532212', 43, 3, 2, 1, 37.00, 58.00, 95.00, 4.75, 'ممتاز', 1, NULL, '2026-01-21 10:43:49', '2026-01-21 10:43:49'),
(628, 32, '2532113', 43, 3, 2, 1, 38.00, 57.00, 95.00, 4.75, 'ممتاز', 1, NULL, '2026-01-21 10:43:49', '2026-01-21 10:43:49'),
(629, 32, '2532115', 43, 3, 2, 1, 34.00, 31.00, 65.00, 3.25, 'جيد', 1, '+1', '2026-01-21 10:43:49', '2026-01-21 10:43:49'),
(630, 32, '2532117', 43, 3, 2, 1, 30.00, 38.00, 68.00, 3.40, 'جيد', 1, NULL, '2026-01-21 10:43:49', '2026-01-21 10:43:49'),
(631, 32, '2532218', 43, 3, 2, 1, 40.00, 60.00, 100.00, 5.00, 'ممتاز', 1, NULL, '2026-01-21 10:43:49', '2026-01-21 10:43:49'),
(632, 32, '2532119', 43, 3, 2, 1, 34.00, 37.00, 71.00, 3.55, 'جيد', 1, NULL, '2026-01-21 10:43:49', '2026-01-21 10:43:49'),
(633, 32, '2532220', 43, 3, 2, 1, 35.00, 53.00, 88.00, 4.40, 'جيد جدا', 1, NULL, '2026-01-21 10:43:49', '2026-01-21 10:43:49'),
(634, 6, '2621201', 61, 1, 2, 1, 34.00, 44.00, 78.00, 3.90, 'جيد', 1, NULL, '2026-01-25 05:50:14', '2026-01-25 05:50:14'),
(635, 6, '2621102', 61, 1, 2, 1, 40.00, 57.00, 97.00, 4.85, 'ممتاز', 1, NULL, '2026-01-25 05:50:14', '2026-01-25 05:50:14'),
(636, 6, '2621103', 61, 1, 2, 1, 40.00, 60.00, 100.00, 5.00, 'ممتاز', 1, NULL, '2026-01-25 05:50:14', '2026-01-25 05:50:14'),
(637, 6, '2621204', 61, 1, 2, 1, 38.00, 57.00, 95.00, 4.75, 'ممتاز', 1, NULL, '2026-01-25 05:50:14', '2026-01-25 05:50:14'),
(638, 6, '2621105', 61, 1, 2, 1, 40.00, 60.00, 100.00, 5.00, 'ممتاز', 1, NULL, '2026-01-25 05:50:14', '2026-01-25 05:50:14'),
(639, 6, '2621106', 61, 1, 2, 1, 40.00, 60.00, 100.00, 5.00, 'ممتاز', 1, NULL, '2026-01-25 05:50:14', '2026-01-25 05:50:14'),
(640, 6, '2621207', 61, 1, 2, 1, 40.00, 57.00, 97.00, 4.85, 'ممتاز', 1, NULL, '2026-01-25 05:50:14', '2026-01-25 05:50:14'),
(641, 6, '2621108', 61, 1, 2, 1, 35.00, 56.00, 91.00, 4.55, 'ممتاز', 1, NULL, '2026-01-25 05:50:14', '2026-01-25 05:50:14'),
(642, 6, '2621109', 61, 1, 2, 1, 0.00, 0.00, 0.00, 0.00, 'محروم', 0, NULL, '2026-01-25 05:50:14', '2026-01-25 05:50:14'),
(643, 6, '2621210', 61, 1, 2, 1, 40.00, 55.00, 95.00, 4.75, 'ممتاز', 1, NULL, '2026-01-25 05:50:14', '2026-01-25 05:50:14'),
(644, 6, '2621111', 61, 1, 2, 1, 40.00, 60.00, 100.00, 5.00, 'ممتاز', 1, NULL, '2026-01-25 05:50:14', '2026-01-25 05:50:14'),
(645, 6, '2621212', 61, 1, 2, 1, 40.00, 60.00, 100.00, 5.00, 'ممتاز', 1, NULL, '2026-01-25 05:50:14', '2026-01-25 05:50:14'),
(646, 6, '2621113', 61, 1, 2, 1, 0.00, 0.00, 0.00, 0.00, 'محروم', 0, NULL, '2026-01-25 05:50:14', '2026-01-25 05:50:14'),
(647, 6, '2621114', 61, 1, 2, 1, 39.00, 53.00, 92.00, 4.60, 'ممتاز', 1, NULL, '2026-01-25 05:50:14', '2026-01-25 05:50:14'),
(648, 6, '2621115', 61, 1, 2, 1, 0.00, 0.00, 0.00, 0.00, 'محروم', 0, NULL, '2026-01-25 05:50:14', '2026-01-25 05:50:14'),
(649, 6, '2621116', 61, 1, 2, 1, 36.00, 60.00, 96.00, 4.80, 'ممتاز', 1, NULL, '2026-01-25 05:50:14', '2026-01-25 05:50:14'),
(650, 6, '2621117', 61, 1, 2, 1, 0.00, 0.00, 0.00, 0.00, 'محروم', 0, NULL, '2026-01-25 05:50:14', '2026-01-25 05:50:14'),
(651, 6, '2621218', 61, 1, 2, 1, 40.00, 60.00, 100.00, 5.00, 'ممتاز', 1, NULL, '2026-01-25 05:50:14', '2026-01-25 05:50:14'),
(652, 27, '2632101', 17, 1, 2, 1, 0.00, 0.00, 0.00, 0.00, 'محروم', 0, NULL, '2026-01-25 08:16:41', '2026-01-25 08:16:41'),
(653, 27, '2632102', 17, 1, 2, 1, 35.00, 23.00, 58.00, 2.90, 'ضعيف', 0, NULL, '2026-01-25 08:16:41', '2026-01-25 08:16:41'),
(654, 27, '2632203', 17, 1, 2, 1, 36.00, 49.00, 85.00, 4.25, 'جيد جدا', 1, NULL, '2026-01-25 08:16:41', '2026-01-25 08:16:41'),
(655, 27, '2632104', 17, 1, 2, 1, 0.00, 0.00, 0.00, 0.00, 'محروم', 0, NULL, '2026-01-25 08:16:41', '2026-01-25 08:16:41'),
(656, 27, '2632105', 17, 1, 2, 1, 0.00, 0.00, 0.00, 0.00, 'محروم', 0, NULL, '2026-01-25 08:16:41', '2026-01-25 08:16:41'),
(657, 27, '2632106', 17, 1, 2, 1, 40.00, 60.00, 100.00, 5.00, 'ممتاز', 1, NULL, '2026-01-25 08:16:41', '2026-01-25 08:16:41'),
(658, 27, '2632107', 17, 1, 2, 1, 35.00, 56.00, 91.00, 4.55, 'ممتاز', 1, NULL, '2026-01-25 08:16:41', '2026-01-25 08:16:41'),
(659, 27, '2632108', 17, 1, 2, 1, 40.00, 57.00, 97.00, 4.85, 'ممتاز', 1, NULL, '2026-01-25 08:16:41', '2026-01-25 08:16:41'),
(660, 27, '2632109', 17, 1, 2, 1, 33.00, 36.00, 69.00, 3.45, 'جيد', 1, NULL, '2026-01-25 08:16:41', '2026-01-25 08:16:41'),
(661, 27, '2632110', 17, 1, 2, 1, 40.00, 60.00, 100.00, 5.00, 'ممتاز', 1, NULL, '2026-01-25 08:16:41', '2026-01-25 08:16:41'),
(662, 27, '2632111', 17, 1, 2, 1, 37.00, 44.00, 81.00, 4.05, 'جيد جدا', 1, NULL, '2026-01-25 08:16:41', '2026-01-25 08:16:41'),
(663, 27, '2632112', 17, 1, 2, 1, 36.00, 35.00, 71.00, 3.55, 'جيد', 1, NULL, '2026-01-25 08:16:41', '2026-01-25 08:16:41'),
(664, 27, '2632113', 17, 1, 2, 1, 29.00, 55.00, 84.00, 4.20, 'جيد جدا', 1, NULL, '2026-01-25 08:16:41', '2026-01-25 08:16:41'),
(665, 27, '2632214', 17, 1, 2, 1, 0.00, 0.00, 0.00, 0.00, 'محروم', 0, NULL, '2026-01-25 08:16:41', '2026-01-25 08:16:41'),
(666, 27, '2632115', 17, 1, 2, 1, 36.00, 43.00, 79.00, 3.95, 'جيد', 1, NULL, '2026-01-25 08:16:41', '2026-01-25 08:16:41'),
(667, 27, '2632116', 17, 1, 2, 1, 38.00, 38.00, 76.00, 3.80, 'جيد', 1, NULL, '2026-01-25 08:16:41', '2026-01-25 08:16:41'),
(668, 27, '2632217', 17, 1, 2, 1, 0.00, 0.00, 0.00, 0.00, 'محروم', 0, NULL, '2026-01-25 08:16:41', '2026-01-25 08:16:41'),
(669, 27, '2632118', 17, 1, 2, 1, 0.00, 0.00, 0.00, 0.00, 'محروم', 0, NULL, '2026-01-25 08:16:41', '2026-01-25 08:16:41'),
(670, 12, '2611201', 1, 1, 2, 1, 39.00, 48.00, 87.00, 4.35, 'جيد جدا', 1, NULL, '2026-01-26 08:50:37', '2026-01-26 08:50:37'),
(671, 12, '2611202', 1, 1, 2, 1, 37.00, 39.00, 76.00, 3.80, 'جيد', 1, NULL, '2026-01-26 08:50:37', '2026-01-26 08:50:37'),
(672, 12, '2611203', 1, 1, 2, 1, 39.00, 51.00, 90.00, 4.50, 'ممتاز', 1, '+1', '2026-01-26 08:50:37', '2026-01-26 08:50:37'),
(673, 12, '2611104', 1, 1, 2, 1, 40.00, 35.00, 75.00, 3.75, 'جيد', 1, NULL, '2026-01-26 08:50:37', '2026-01-26 08:50:37'),
(674, 12, '2611205', 1, 1, 2, 1, 34.00, 42.00, 76.00, 3.80, 'جيد', 1, NULL, '2026-01-26 08:50:37', '2026-01-26 08:50:37'),
(675, 12, '2611206', 1, 1, 2, 1, 38.00, 40.00, 78.00, 3.90, 'جيد', 1, NULL, '2026-01-26 08:50:37', '2026-01-26 08:50:37'),
(676, 12, '2611207', 1, 1, 2, 1, 0.00, 0.00, 0.00, 0.00, 'محروم', 0, NULL, '2026-01-26 08:50:37', '2026-01-26 08:50:37'),
(677, 12, '2611208', 1, 1, 2, 1, 40.00, 55.00, 95.00, 4.75, 'ممتاز', 1, NULL, '2026-01-26 08:50:37', '2026-01-26 08:50:37'),
(678, 12, '2611209', 1, 1, 2, 1, 38.00, 60.00, 98.00, 4.90, 'ممتاز', 1, NULL, '2026-01-26 08:50:37', '2026-01-26 08:50:37'),
(679, 12, '2611110', 1, 1, 2, 1, 40.00, 37.00, 77.00, 3.85, 'جيد', 1, NULL, '2026-01-26 08:50:37', '2026-01-26 08:50:37'),
(680, 12, '2611111', 1, 1, 2, 1, 40.00, 46.00, 86.00, 4.30, 'جيد جدا', 1, NULL, '2026-01-26 08:50:37', '2026-01-26 08:50:37'),
(681, 12, '2611212', 1, 1, 2, 1, 40.00, 57.00, 97.00, 4.85, 'ممتاز', 1, NULL, '2026-01-26 08:50:37', '2026-01-26 08:50:37'),
(682, 12, '2611213', 1, 1, 2, 1, 36.00, 51.00, 87.00, 4.35, 'جيد جدا', 1, NULL, '2026-01-26 08:50:37', '2026-01-26 08:50:37'),
(683, 12, '2611214', 1, 1, 2, 1, 38.00, 57.00, 95.00, 4.75, 'ممتاز', 1, NULL, '2026-01-26 08:50:37', '2026-01-26 08:50:37'),
(684, 12, '2611215', 1, 1, 2, 1, 40.00, 60.00, 100.00, 5.00, 'ممتاز', 1, NULL, '2026-01-26 08:50:37', '2026-01-26 08:50:37'),
(685, 12, '2611216', 1, 1, 2, 1, 39.00, 60.00, 99.00, 4.95, 'ممتاز', 1, NULL, '2026-01-26 08:50:37', '2026-01-26 08:50:37'),
(686, 12, '2611117', 1, 1, 2, 1, 35.00, 49.00, 84.00, 4.20, 'جيد جدا', 1, NULL, '2026-01-26 08:50:37', '2026-01-26 08:50:37'),
(687, 12, '2611218', 1, 1, 2, 1, 26.00, 29.00, 55.00, 2.75, 'ضعيف', 0, NULL, '2026-01-26 08:50:37', '2026-01-26 08:50:37');

-- --------------------------------------------------------

--
-- Table structure for table `grade_exports`
--

CREATE TABLE `grade_exports` (
  `id` bigint(20) UNSIGNED NOT NULL,
  `academic_year_id` bigint(20) UNSIGNED NOT NULL,
  `college_id` bigint(20) UNSIGNED NOT NULL,
  `level_id` bigint(20) UNSIGNED NOT NULL,
  `major_id` bigint(20) UNSIGNED NOT NULL,
  `course_id` bigint(20) UNSIGNED NOT NULL,
  `semester_id` bigint(20) UNSIGNED NOT NULL,
  `exported_at` date DEFAULT NULL,
  `imported_at` date DEFAULT NULL,
  `serial` varchar(255) NOT NULL,
  `status_id` bigint(20) UNSIGNED NOT NULL DEFAULT 1,
  `file_path` varchar(255) DEFAULT NULL,
  `photo_grades_manual` varchar(255) DEFAULT NULL COMMENT 'صورة كشف الدرجات المرفوعة من الدكتور',
  `note` text DEFAULT NULL,
  `created_at` timestamp NULL DEFAULT NULL,
  `updated_at` timestamp NULL DEFAULT NULL
) ENGINE=InnoDB DEFAULT CHARSET=utf8mb4 COLLATE=utf8mb4_unicode_ci;

--
-- Dumping data for table `grade_exports`
--

INSERT INTO `grade_exports` (`id`, `academic_year_id`, `college_id`, `level_id`, `major_id`, `course_id`, `semester_id`, `exported_at`, `imported_at`, `serial`, `status_id`, `file_path`, `photo_grades_manual`, `note`, `created_at`, `updated_at`) VALUES
(1, 2, 2, 1, 2, 56, 1, '2025-12-24', NULL, '2621ENG-10101', 6, 'public/Arabian Gulf University for Science and Technology/College of Engineering and Computing/2025-2026/GradesExport/Information Technology/first/First/General English Language_ENG-101/grades_2621ENG-10101.xlsx', 'public/Arabian Gulf University for Science and Technology/College of Engineering and Computing/2025-2026/GradesExport/Information Technology/first/First/General English Language_ENG-101/photo_ENG-101.jpg', NULL, '2025-12-24 10:25:57', '2026-02-02 08:20:11'),
(2, 2, 2, 1, 2, 57, 1, '2025-12-24', NULL, '2621ARB-10101', 6, 'public/Arabian Gulf University for Science and Technology/College of Engineering and Computing/2025-2026/GradesExport/Information Technology/first/First/Arabic Language I_ARB-101/grades_2621ARB-10101.xlsx', 'public/Arabian Gulf University for Science and Technology/College of Engineering and Computing/2025-2026/GradesExport/Information Technology/first/First/Arabic Language I_ARB-101/photo_ARB-101.jpg', NULL, '2025-12-24 10:25:57', '2026-02-02 08:17:44'),
(3, 2, 2, 1, 2, 58, 1, '2025-12-24', NULL, '2621IT-15101', 6, 'public/Arabian Gulf University for Science and Technology/College of Engineering and Computing/2025-2026/GradesExport/Information Technology/first/First/Problem Solving and Programming_IT-151/grades_2621IT-15101.xlsx', 'public/Arabian Gulf University for Science and Technology/College of Engineering and Computing/2025-2026/GradesExport/Information Technology/first/First/Problem Solving and Programming_IT-151/photo_IT-151.jpg', 'رفع الكشف مرة اخرا', '2025-12-24 10:25:58', '2026-02-02 08:22:35'),
(4, 2, 2, 1, 2, 59, 1, '2025-12-24', NULL, '2621MATH-10201', 6, 'public/Arabian Gulf University for Science and Technology/College of Engineering and Computing/2025-2026/GradesExport/Information Technology/first/First/Linear Algebra_MATH-102/grades_2621MATH-10201.xlsx', 'public/Arabian Gulf University for Science and Technology/College of Engineering and Computing/2025-2026/GradesExport/Information Technology/first/First/Linear Algebra_MATH-102/photo_MATH-102.jpg', NULL, '2025-12-24 10:25:58', '2026-02-02 08:21:54'),
(5, 2, 2, 1, 2, 60, 1, '2025-12-24', NULL, '2621CS-10101', 3, 'public/Arabian Gulf University for Science and Technology/College of Engineering and Computing/2025-2026/GradesExport/Information Technology/first/First/Computer Skills_CS-101/grades_2621CS-10101.xlsx', 'public/Arabian Gulf University for Science and Technology/College of Engineering and Computing/2025-2026/GradesExport/Information Technology/first/First/Computer Skills_CS-101/photo_CS-101.jpg', 'مجموع الطالب سميح 75 وليس 85', '2025-12-24 10:25:58', '2026-02-02 08:15:04'),
(6, 2, 2, 1, 2, 61, 1, '2025-12-24', NULL, '2621SLM-10101', 3, 'public/Arabian Gulf University for Science and Technology/College of Engineering and Computing/2025-2026/GradesExport/Information Technology/first/First/Islamic Culture_SLM-101/grades_2621SLM-10101.xlsx', 'public/Arabian Gulf University for Science and Technology/College of Engineering and Computing/2025-2026/GradesExport/Information Technology/first/First/Islamic Culture_SLM-101/photo_SLM-101.png', 'لم يتم توقيع العميد', '2025-12-24 10:25:59', '2026-02-02 08:23:34'),
(7, 2, 2, 2, 2, 69, 3, '2025-12-24', NULL, '2621Cal-11901', 6, 'public/Arabian Gulf University for Science and Technology/College of Engineering and Computing/2025-2026/GradesExport/Information Technology/second/Third/Calculus II_Cal-119/grades_2621Cal-11901.xlsx', 'public/Arabian Gulf University for Science and Technology/College of Engineering and Computing/2025-2026/GradesExport/Information Technology/second/Third/Calculus II_Cal-119/photo_Cal-119.jpg', NULL, '2025-12-24 10:26:12', '2026-02-02 08:24:29'),
(8, 2, 2, 2, 2, 70, 3, '2025-12-24', NULL, '2621Logd-21101', 6, 'public/Arabian Gulf University for Science and Technology/College of Engineering and Computing/2025-2026/GradesExport/Information Technology/second/Third/Logic Design_Logd-211/grades_2621Logd-21101.xlsx', 'public/Arabian Gulf University for Science and Technology/College of Engineering and Computing/2025-2026/GradesExport/Information Technology/second/Third/Logic Design_Logd-211/photo_Logd-211.jpg', NULL, '2025-12-24 10:26:13', '2026-02-02 08:28:14'),
(9, 2, 2, 2, 2, 71, 3, '2025-12-24', NULL, '2621IT-25401', 3, 'public/Arabian Gulf University for Science and Technology/College of Engineering and Computing/2025-2026/GradesExport/Information Technology/second/Third/Data Structures and Algorithms_IT-254/grades_2621IT-25401.xlsx', 'public/Arabian Gulf University for Science and Technology/College of Engineering and Computing/2025-2026/GradesExport/Information Technology/second/Third/Data Structures and Algorithms_IT-254/photo_IT-254.jpg', 'مجموع الطالبة لطيفة 80 وليس 70 في اليدوي', '2025-12-24 10:26:13', '2026-02-02 08:27:02'),
(10, 2, 2, 2, 2, 72, 3, '2025-12-24', NULL, '2621IT-22101', 6, 'public/Arabian Gulf University for Science and Technology/College of Engineering and Computing/2025-2026/GradesExport/Information Technology/second/Third/Computer Architecture_IT-221/grades_2621IT-22101.xlsx', 'public/Arabian Gulf University for Science and Technology/College of Engineering and Computing/2025-2026/GradesExport/Information Technology/second/Third/Computer Architecture_IT-221/photo_IT-221.jpg', NULL, '2025-12-24 10:26:14', '2026-02-02 08:32:11'),
(11, 2, 2, 2, 2, 73, 3, '2025-12-24', NULL, '2621IT-26401', 3, 'public/Arabian Gulf University for Science and Technology/College of Engineering and Computing/2025-2026/GradesExport/Information Technology/second/Third/Discrete mathematics_IT-264/grades_2621IT-26401.xlsx', 'public/Arabian Gulf University for Science and Technology/College of Engineering and Computing/2025-2026/GradesExport/Information Technology/second/Third/Discrete mathematics_IT-264/photo_IT-264.jpg', 'لم يتم توقيع العميد', '2025-12-24 10:26:14', '2026-02-02 08:29:34'),
(12, 2, 1, 1, 1, 1, 1, '2025-12-24', NULL, '2611ISC10101', 3, 'public/Arabian Gulf University for Science and Technology/College of Health Sciences/2025-2026/GradesExport/Laboratories/first/First/Islamic Culture_ISC101/grades_2611ISC10101.xlsx', 'public/Arabian Gulf University for Science and Technology/College of Health Sciences/2025-2026/GradesExport/Laboratories/first/First/Islamic Culture_ISC101/photo_ISC101.jpg', 'لم يوقع عليها العميد', '2025-12-24 10:26:33', '2026-02-02 08:38:01'),
(13, 2, 1, 1, 1, 2, 1, '2025-12-24', NULL, '2611ARB10101', 6, 'public/Arabian Gulf University for Science and Technology/College of Health Sciences/2025-2026/GradesExport/Laboratories/first/First/Arabic language I_ARB101/grades_2611ARB10101.xlsx', 'public/Arabian Gulf University for Science and Technology/College of Health Sciences/2025-2026/GradesExport/Laboratories/first/First/Arabic language I_ARB101/photo_ARB101.jpg', NULL, '2025-12-24 10:26:34', '2026-02-02 08:46:17'),
(14, 2, 1, 1, 1, 3, 1, '2025-12-24', NULL, '2611ENG10101', 6, 'public/Arabian Gulf University for Science and Technology/College of Health Sciences/2025-2026/GradesExport/Laboratories/first/First/English Language_ENG101/grades_2611ENG10101.xlsx', 'public/Arabian Gulf University for Science and Technology/College of Health Sciences/2025-2026/GradesExport/Laboratories/first/First/English Language_ENG101/photo_ENG101.jpg', NULL, '2025-12-24 10:26:34', '2026-02-02 08:44:32'),
(15, 2, 1, 1, 1, 4, 1, '2025-12-24', NULL, '2611CS10101', 6, 'public/Arabian Gulf University for Science and Technology/College of Health Sciences/2025-2026/GradesExport/Laboratories/first/First/Computer skills_CS101/grades_2611CS10101.xlsx', 'public/Arabian Gulf University for Science and Technology/College of Health Sciences/2025-2026/GradesExport/Laboratories/first/First/Computer skills_CS101/photo_CS101.jpg', NULL, '2025-12-24 10:26:34', '2026-02-02 08:39:37'),
(16, 2, 1, 1, 1, 5, 1, '2025-12-24', NULL, '2611CHM11101', 6, 'public/Arabian Gulf University for Science and Technology/College of Health Sciences/2025-2026/GradesExport/Laboratories/first/First/General Chemistry_CHM111/grades_2611CHM11101.xlsx', 'public/Arabian Gulf University for Science and Technology/College of Health Sciences/2025-2026/GradesExport/Laboratories/first/First/General Chemistry_CHM111/photo_CHM111.jpg', NULL, '2025-12-24 10:26:35', '2026-02-02 08:53:41'),
(17, 2, 1, 1, 1, 6, 1, '2025-12-24', NULL, '2611BIO11401', 6, 'public/Arabian Gulf University for Science and Technology/College of Health Sciences/2025-2026/GradesExport/Laboratories/first/First/Human Biology_BIO114/grades_2611BIO11401.xlsx', 'public/Arabian Gulf University for Science and Technology/College of Health Sciences/2025-2026/GradesExport/Laboratories/first/First/Human Biology_BIO114/photo_BIO114.jpg', NULL, '2025-12-24 10:26:35', '2026-02-02 08:52:35'),
(18, 2, 1, 1, 1, 7, 1, '2025-12-24', NULL, '2611PHYS11501', 3, 'public/Arabian Gulf University for Science and Technology/College of Health Sciences/2025-2026/GradesExport/Laboratories/first/First/Medical physics_PHYS115/grades_2611PHYS11501.xlsx', 'public/Arabian Gulf University for Science and Technology/College of Health Sciences/2025-2026/GradesExport/Laboratories/first/First/Medical physics_PHYS115/photo_PHYS115.jpg', 'لم يتم توقيع العميد', '2025-12-24 10:26:35', '2026-02-02 08:51:41'),
(19, 2, 1, 2, 1, 50, 3, '2025-12-24', NULL, '2611LAB23101', 3, 'public/Arabian Gulf University for Science and Technology/College of Health Sciences/2025-2026/GradesExport/Laboratories/second/Third/Anatomy and Histology_LAB231/grades_2611LAB23101.pdf', 'public/Arabian Gulf University for Science and Technology/College of Health Sciences/2025-2026/GradesExport/Laboratories/second/Third/Anatomy and Histology_LAB231/photo_LAB231.jpg', 'لم يتم التوقيع العميد', '2025-12-24 10:27:16', '2026-02-02 08:55:05'),
(20, 2, 1, 2, 1, 51, 3, '2025-12-24', NULL, '2611LAB23201', 6, 'public/Arabian Gulf University for Science and Technology/College of Health Sciences/2025-2026/GradesExport/Laboratories/second/Third/Physiology_LAB232/grades_2611LAB23201.xlsx', 'public/Arabian Gulf University for Science and Technology/College of Health Sciences/2025-2026/GradesExport/Laboratories/second/Third/Physiology_LAB232/photo_LAB232.jpg', NULL, '2025-12-24 10:27:17', '2026-02-02 09:00:04'),
(21, 2, 1, 2, 1, 52, 3, '2025-12-24', NULL, '2611LAB22101', 6, 'public/Arabian Gulf University for Science and Technology/College of Health Sciences/2025-2026/GradesExport/Laboratories/second/Third/Biochemistry I_LAB221/grades_2611LAB22101.xlsx', 'public/Arabian Gulf University for Science and Technology/College of Health Sciences/2025-2026/GradesExport/Laboratories/second/Third/Biochemistry I_LAB221/photo_LAB221.jpg', NULL, '2025-12-24 10:27:17', '2026-02-02 08:56:41'),
(22, 2, 1, 2, 1, 53, 3, '2025-12-24', NULL, '2611LAB26101', 6, 'public/Arabian Gulf University for Science and Technology/College of Health Sciences/2025-2026/GradesExport/Laboratories/second/Third/General Pathology_LAB261/grades_2611LAB26101.xlsx', 'public/Arabian Gulf University for Science and Technology/College of Health Sciences/2025-2026/GradesExport/Laboratories/second/Third/General Pathology_LAB261/photo_LAB261.jpg', NULL, '2025-12-24 10:27:17', '2026-02-02 08:55:56'),
(23, 2, 1, 2, 1, 54, 3, '2025-12-24', NULL, '2611LAB25101', 6, 'public/Arabian Gulf University for Science and Technology/College of Health Sciences/2025-2026/GradesExport/Laboratories/second/Third/Hematology I_LAB251/grades_2611LAB25101.xlsx', 'public/Arabian Gulf University for Science and Technology/College of Health Sciences/2025-2026/GradesExport/Laboratories/second/Third/Hematology I_LAB251/photo_LAB251.jpg', NULL, '2025-12-24 10:27:18', '2026-02-02 09:02:18'),
(24, 2, 1, 2, 1, 55, 3, '2025-12-24', NULL, '2611PSYC21901', 3, 'public/Arabian Gulf University for Science and Technology/College of Health Sciences/2025-2026/GradesExport/Laboratories/second/Third/Medical Psychology_PSYC219/grades_2611PSYC21901.xlsx', 'public/Arabian Gulf University for Science and Technology/College of Health Sciences/2025-2026/GradesExport/Laboratories/second/Third/Medical Psychology_PSYC219/photo_PSYC219.jpg', 'لم يتم توقيع العميد', '2025-12-24 10:27:18', '2026-02-02 09:01:29'),
(25, 2, 3, 1, 4, 15, 1, '2025-12-24', NULL, '2632ARB10101', 6, 'public/Arabian Gulf University for Science and Technology/College of Administrative and Human Sciences/2025-2026/GradesExport/Accounting/first/First/Arabic Language (1)_ARB101/grades_2632ARB10101.xlsx', 'public/Arabian Gulf University for Science and Technology/College of Administrative and Human Sciences/2025-2026/GradesExport/Accounting/first/First/Arabic Language (1)_ARB101/photo_ARB101.jpg', NULL, '2025-12-24 10:29:28', '2026-02-02 09:03:04'),
(26, 2, 3, 1, 4, 16, 1, '2025-12-24', NULL, '2632ENG10101', 6, 'public/Arabian Gulf University for Science and Technology/College of Administrative and Human Sciences/2025-2026/GradesExport/Accounting/first/First/English Language_ENG101/grades_2632ENG10101.xlsx', 'public/Arabian Gulf University for Science and Technology/College of Administrative and Human Sciences/2025-2026/GradesExport/Accounting/first/First/English Language_ENG101/photo_ENG101.jpg', NULL, '2025-12-24 10:29:29', '2026-02-02 09:07:16'),
(27, 2, 3, 1, 4, 17, 1, '2025-12-24', NULL, '2632SLM10101', 3, 'public/Arabian Gulf University for Science and Technology/College of Administrative and Human Sciences/2025-2026/GradesExport/Accounting/first/First/Islamic Culture_SLM101/grades_2632SLM10101.xlsx', 'public/Arabian Gulf University for Science and Technology/College of Administrative and Human Sciences/2025-2026/GradesExport/Accounting/first/First/Islamic Culture_SLM101/photo_SLM101.jpg', 'لم يوقع عميد الكلية', '2025-12-24 10:29:29', '2026-02-02 09:04:49'),
(28, 2, 3, 1, 4, 18, 1, '2025-12-24', NULL, '2632MGT11401', 6, 'public/Arabian Gulf University for Science and Technology/College of Administrative and Human Sciences/2025-2026/GradesExport/Accounting/first/First/Principles of Management (1)_MGT114/grades_2632MGT11401.xlsx', 'public/Arabian Gulf University for Science and Technology/College of Administrative and Human Sciences/2025-2026/GradesExport/Accounting/first/First/Principles of Management (1)_MGT114/photo_MGT114.jpg', NULL, '2025-12-24 10:29:29', '2026-02-02 09:03:55'),
(29, 2, 3, 1, 4, 19, 1, '2025-12-24', NULL, '2632ACC11201', 6, 'public/Arabian Gulf University for Science and Technology/College of Administrative and Human Sciences/2025-2026/GradesExport/Accounting/first/First/Principles of Accounting (1)_ACC112/grades_2632ACC11201.xlsx', 'public/Arabian Gulf University for Science and Technology/College of Administrative and Human Sciences/2025-2026/GradesExport/Accounting/first/First/Principles of Accounting (1)_ACC112/photo_ACC112.jpg', NULL, '2025-12-24 10:29:30', '2026-02-02 09:12:45'),
(30, 2, 3, 1, 4, 20, 1, '2025-12-24', NULL, '2632CS10101', 6, 'public/Arabian Gulf University for Science and Technology/College of Administrative and Human Sciences/2025-2026/GradesExport/Accounting/first/First/Computer Skills_CS101/grades_2632CS10101.xlsx', 'public/Arabian Gulf University for Science and Technology/College of Administrative and Human Sciences/2025-2026/GradesExport/Accounting/first/First/Computer Skills_CS101/photo_CS101.jpg', NULL, '2025-12-24 10:29:30', '2026-02-02 09:12:08'),
(31, 2, 3, 1, 4, 21, 1, '2025-12-24', NULL, '2632ECO11101', 6, 'public/Arabian Gulf University for Science and Technology/College of Administrative and Human Sciences/2025-2026/GradesExport/Accounting/first/First/Microeconomics_ECO111/grades_2632ECO11101.xlsx', 'public/Arabian Gulf University for Science and Technology/College of Administrative and Human Sciences/2025-2026/GradesExport/Accounting/first/First/Microeconomics_ECO111/photo_ECO111.jpg', NULL, '2025-12-24 10:29:30', '2026-02-02 09:11:11'),
(32, 2, 3, 2, 4, 43, 3, '2025-12-24', NULL, '2632LAW21101', 3, 'public/Arabian Gulf University for Science and Technology/College of Administrative and Human Sciences/2025-2026/GradesExport/Accounting/second/Third/Commercial Law_LAW211/grades_2632LAW21101.xlsx', NULL, 'لا يوجد صوره يدويه', '2025-12-24 10:30:12', '2026-02-02 08:36:11'),
(33, 2, 3, 2, 4, 44, 3, '2025-12-24', NULL, '2632OPR21201', 6, 'public/Arabian Gulf University for Science and Technology/College of Administrative and Human Sciences/2025-2026/GradesExport/Accounting/second/Third/Operations Research_OPR212/grades_2632OPR21201.xlsx', 'public/Arabian Gulf University for Science and Technology/College of Administrative and Human Sciences/2025-2026/GradesExport/Accounting/second/Third/Operations Research_OPR212/photo_OPR212.jpg', NULL, '2025-12-24 10:30:13', '2026-02-02 09:16:02'),
(34, 2, 3, 2, 4, 45, 3, '2025-12-24', NULL, '2632MGT21601', 6, 'public/Arabian Gulf University for Science and Technology/College of Administrative and Human Sciences/2025-2026/GradesExport/Accounting/second/Third/Financial Management_MGT216/grades_2632MGT21601.xlsx', 'public/Arabian Gulf University for Science and Technology/College of Administrative and Human Sciences/2025-2026/GradesExport/Accounting/second/Third/Financial Management_MGT216/photo_MGT216.jpg', NULL, '2025-12-24 10:30:13', '2026-02-02 09:14:52'),
(35, 2, 3, 2, 4, 46, 3, '2025-12-24', NULL, '2632MRK21401', 6, 'public/Arabian Gulf University for Science and Technology/College of Administrative and Human Sciences/2025-2026/GradesExport/Accounting/second/Third/Purchasing and Supply Management_MRK214/grades_2632MRK21401.xlsx', 'public/Arabian Gulf University for Science and Technology/College of Administrative and Human Sciences/2025-2026/GradesExport/Accounting/second/Third/Purchasing and Supply Management_MRK214/photo_MRK214.jpg', NULL, '2025-12-24 10:30:13', '2026-02-02 09:14:17'),
(36, 2, 3, 2, 4, 47, 3, '2025-12-24', NULL, '2632ACC34101', 6, 'public/Arabian Gulf University for Science and Technology/College of Administrative and Human Sciences/2025-2026/GradesExport/Accounting/second/Third/Managerial Accounting I_ACC341/grades_2632ACC34101.xlsx', 'public/Arabian Gulf University for Science and Technology/College of Administrative and Human Sciences/2025-2026/GradesExport/Accounting/second/Third/Managerial Accounting I_ACC341/photo_ACC341.jpg', NULL, '2025-12-24 10:30:13', '2026-02-02 09:13:18'),
(37, 2, 3, 2, 4, 48, 3, '2025-12-24', NULL, '2632MRK21601', 3, 'public/Arabian Gulf University for Science and Technology/College of Administrative and Human Sciences/2025-2026/GradesExport/Accounting/second/Third/Principles of Marketing_MRK216/grades_2632MRK21601.xlsx', 'public/Arabian Gulf University for Science and Technology/College of Administrative and Human Sciences/2025-2026/GradesExport/Accounting/second/Third/Principles of Marketing_MRK216/photo_MRK216.jpg', 'لم يوقع عميد الكلية', '2025-12-24 10:30:14', '2026-02-02 09:17:48'),
(38, 2, 3, 2, 4, 49, 3, '2025-12-24', NULL, '2632ACC22301', 6, 'public/Arabian Gulf University for Science and Technology/College of Administrative and Human Sciences/2025-2026/GradesExport/Accounting/second/Third/Intermediate Financial Accounting I_ACC223/grades_2632ACC22301.xlsx', 'public/Arabian Gulf University for Science and Technology/College of Administrative and Human Sciences/2025-2026/GradesExport/Accounting/second/Third/Intermediate Financial Accounting I_ACC223/photo_ACC223.jpg', NULL, '2025-12-24 10:30:14', '2026-02-02 09:16:57');

-- --------------------------------------------------------

--
-- Table structure for table `grade_export_statuses`
--

CREATE TABLE `grade_export_statuses` (
  `id` bigint(20) UNSIGNED NOT NULL,
  `name_ar` varchar(255) NOT NULL,
  `name_en` varchar(255) NOT NULL,
  `description` text DEFAULT NULL,
  `created_at` timestamp NULL DEFAULT NULL,
  `updated_at` timestamp NULL DEFAULT NULL
) ENGINE=InnoDB DEFAULT CHARSET=utf8mb4 COLLATE=utf8mb4_unicode_ci;

--
-- Dumping data for table `grade_export_statuses`
--

INSERT INTO `grade_export_statuses` (`id`, `name_ar`, `name_en`, `description`, `created_at`, `updated_at`) VALUES
(1, 'سيريال جديد', 'New Serial', 'تم إنشاء كشف درجات جديد', '2025-11-25 03:17:38', '2025-11-25 03:17:38'),
(2, 'تم إدخال البيانات', 'Data Entered', 'تم إدخال الدرجات الجديدة', '2025-11-25 03:17:38', '2025-11-25 03:17:38'),
(3, 'خطأ', 'Error', 'هناك خطأ في إدخال البيانات', '2025-11-25 03:17:38', '2025-11-25 03:17:38'),
(4, 'التعديل بعد الخطأ', 'Correction After Error', 'تم تعديل الدرجات غير الصحيحة', '2025-11-25 03:17:38', '2025-11-25 03:17:38'),
(5, 'تم ترحيل الدرجات', 'Grades Transferred', 'الدرجات قيد المراجعة', '2025-11-25 03:17:38', '2025-11-25 03:17:38'),
(6, 'تمت المطابقة', 'Verified', 'تمت مطابقة الدرجات مع النظام', '2025-11-25 03:17:38', '2025-11-25 03:17:38'),
(7, 'معتمد', 'Approved', 'تم اعتماد كشف الدرجات نهائياً', '2025-11-25 03:17:38', '2025-11-25 03:17:38');

-- --------------------------------------------------------

--
-- Table structure for table `levels`
--

CREATE TABLE `levels` (
  `id` bigint(20) UNSIGNED NOT NULL,
  `name_ar` varchar(255) NOT NULL,
  `name_en` varchar(255) NOT NULL,
  `description` text DEFAULT NULL,
  `order` int(11) NOT NULL DEFAULT 0,
  `created_at` timestamp NULL DEFAULT NULL,
  `updated_at` timestamp NULL DEFAULT NULL
) ENGINE=InnoDB DEFAULT CHARSET=utf8mb4 COLLATE=utf8mb4_unicode_ci;

--
-- Dumping data for table `levels`
--

INSERT INTO `levels` (`id`, `name_ar`, `name_en`, `description`, `order`, `created_at`, `updated_at`) VALUES
(1, 'الاول', 'first', NULL, 1, NULL, NULL),
(2, 'الثاني', 'second', NULL, 2, NULL, NULL),
(3, 'الثالث', 'third', NULL, 3, NULL, NULL),
(4, 'الرابع', 'Fourth', NULL, 4, NULL, NULL);

-- --------------------------------------------------------

--
-- Table structure for table `majors`
--

CREATE TABLE `majors` (
  `id` bigint(20) UNSIGNED NOT NULL,
  `college_id` bigint(20) UNSIGNED NOT NULL,
  `code` varchar(255) NOT NULL,
  `name_ar` varchar(255) NOT NULL,
  `name_en` varchar(255) NOT NULL,
  `created_at` timestamp NULL DEFAULT NULL,
  `updated_at` timestamp NULL DEFAULT NULL
) ENGINE=InnoDB DEFAULT CHARSET=utf8mb4 COLLATE=utf8mb4_unicode_ci;

--
-- Dumping data for table `majors`
--

INSERT INTO `majors` (`id`, `college_id`, `code`, `name_ar`, `name_en`, `created_at`, `updated_at`) VALUES
(1, 1, '1', 'المختبرات', 'Laboratories', NULL, NULL),
(2, 2, '1', 'تقنية المعلومات', 'Information Technology', NULL, NULL),
(3, 3, '1', 'إدارة أعمال', 'Business Administration', NULL, NULL),
(4, 3, '2', 'محاسبة', 'Accounting', NULL, NULL),
(5, 4, '1', 'اللغات', 'Languages', NULL, NULL),
(6, 4, '2', 'الترجمة', 'Translation', NULL, NULL);

-- --------------------------------------------------------

--
-- Table structure for table `semesters`
--

CREATE TABLE `semesters` (
  `id` bigint(20) UNSIGNED NOT NULL,
  `name_ar` varchar(255) NOT NULL,
  `name_en` varchar(255) NOT NULL,
  `level_id` bigint(20) UNSIGNED NOT NULL,
  `created_at` timestamp NULL DEFAULT NULL,
  `updated_at` timestamp NULL DEFAULT NULL
) ENGINE=InnoDB DEFAULT CHARSET=utf8mb4 COLLATE=utf8mb4_unicode_ci;

--
-- Dumping data for table `semesters`
--

INSERT INTO `semesters` (`id`, `name_ar`, `name_en`, `level_id`, `created_at`, `updated_at`) VALUES
(1, 'الاول', 'First', 1, NULL, NULL),
(2, 'الثاني', 'Second', 1, NULL, NULL),
(3, 'الثالث', 'Third', 2, NULL, NULL),
(4, 'الرابع', 'Fourth', 2, NULL, NULL),
(5, 'الخامس', 'Fifth', 3, NULL, NULL),
(6, 'السادس', 'Sixth', 3, NULL, NULL),
(7, 'السابع', 'Seventh', 4, NULL, NULL),
(8, 'الثامن', 'Eighth', 4, NULL, NULL);

-- --------------------------------------------------------

--
-- Table structure for table `students`
--

CREATE TABLE `students` (
  `id` bigint(20) UNSIGNED NOT NULL,
  `student_id` varchar(255) NOT NULL,
  `password` varchar(255) NOT NULL,
  `student_status_id` bigint(20) UNSIGNED NOT NULL DEFAULT 1,
  `level_id` bigint(20) UNSIGNED NOT NULL DEFAULT 1,
  `major_id` bigint(20) UNSIGNED NOT NULL,
  `college_id` bigint(20) UNSIGNED NOT NULL,
  `academic_year_id` bigint(20) UNSIGNED NOT NULL,
  `name_ar` varchar(255) NOT NULL,
  `name_en` varchar(255) DEFAULT NULL,
  `gender` tinyint(4) NOT NULL,
  `phone` varchar(255) DEFAULT NULL,
  `email` varchar(255) DEFAULT NULL,
  `nationality` varchar(255) DEFAULT NULL,
  `birth_date` date DEFAULT NULL,
  `birth_place` varchar(255) DEFAULT NULL,
  `marital_status` varchar(255) DEFAULT NULL,
  `blood_type` varchar(255) DEFAULT NULL,
  `current_governorate` varchar(255) DEFAULT NULL,
  `current_directorate` varchar(255) DEFAULT NULL,
  `current_district_village` varchar(255) DEFAULT NULL,
  `id_type` varchar(255) DEFAULT NULL,
  `national_id_number` varchar(255) DEFAULT NULL,
  `national_id_issue_date` date DEFAULT NULL,
  `national_id_issuing_authority` varchar(255) DEFAULT NULL,
  `student_landline_phone` varchar(255) DEFAULT NULL,
  `hs_certificate_section` enum('علمي','أدبي') DEFAULT NULL,
  `hs_graduation_year_text` varchar(255) DEFAULT NULL,
  `hs_seat_number` varchar(255) DEFAULT NULL,
  `hs_total_marks` double(8,2) DEFAULT NULL,
  `hs_max_marks` double(8,2) DEFAULT NULL,
  `hs_certificate_gpa` double(8,2) DEFAULT NULL,
  `hs_certificate_issue_date` date DEFAULT NULL,
  `hs_certificate_school_name` varchar(255) DEFAULT NULL,
  `hs_certificate_governorate` varchar(255) DEFAULT NULL,
  `hs_certificate_directorate` varchar(255) DEFAULT NULL,
  `high_school_branch` varchar(255) DEFAULT NULL,
  `photo_student` varchar(255) DEFAULT NULL,
  `photo_identity` varchar(255) DEFAULT NULL,
  `photo_certificate_high_school` varchar(255) DEFAULT NULL,
  `photo_registration_fee` varchar(255) DEFAULT NULL,
  `created_at` timestamp NULL DEFAULT NULL,
  `updated_at` timestamp NULL DEFAULT NULL
) ENGINE=InnoDB DEFAULT CHARSET=utf8mb4 COLLATE=utf8mb4_unicode_ci;

--
-- Dumping data for table `students`
--

INSERT INTO `students` (`id`, `student_id`, `password`, `student_status_id`, `level_id`, `major_id`, `college_id`, `academic_year_id`, `name_ar`, `name_en`, `gender`, `phone`, `email`, `nationality`, `birth_date`, `birth_place`, `marital_status`, `blood_type`, `current_governorate`, `current_directorate`, `current_district_village`, `id_type`, `national_id_number`, `national_id_issue_date`, `national_id_issuing_authority`, `student_landline_phone`, `hs_certificate_section`, `hs_graduation_year_text`, `hs_seat_number`, `hs_total_marks`, `hs_max_marks`, `hs_certificate_gpa`, `hs_certificate_issue_date`, `hs_certificate_school_name`, `hs_certificate_governorate`, `hs_certificate_directorate`, `high_school_branch`, `photo_student`, `photo_identity`, `photo_certificate_high_school`, `photo_registration_fee`, `created_at`, `updated_at`) VALUES
(1, '2511101', '3125', 4, 1, 1, 1, 1, 'محمد سالم سعيد سالم الطيري', NULL, 1, '778486075-772629557', NULL, NULL, '2005-12-13', 'لحج', NULL, NULL, 'لحج', 'الحوطه', NULL, NULL, NULL, NULL, NULL, NULL, 'علمي', '2023/2024', '41110158', NULL, NULL, 89.63, NULL, 'عباس الحبيشي', 'لحج', 'تبن', NULL, 'Arabian Gulf University for Science and Technology/College of Health Sciences/2024-2025/Laboratories/first/2511101/photo_student_2511101.jpg', NULL, NULL, NULL, '2025-10-29 04:11:57', '2025-10-30 06:49:32'),
(2, '2511202', '3226', 2, 2, 1, 1, 1, 'غيداء غازي أحمد علي باغازي', NULL, 2, '783488067-774915108', NULL, NULL, '2005-11-06', 'لحج', NULL, NULL, 'لحج', 'تبن', NULL, NULL, NULL, NULL, NULL, NULL, 'علمي', '2022/2023', '31113864', NULL, NULL, 96.88, NULL, 'مجمع السعيد التربوية', 'لحج', 'لحج', NULL, 'Arabian Gulf University for Science and Technology/College of Health Sciences/2024-2025/Laboratories/first/2511202/photo_student_2511202.png', NULL, NULL, NULL, '2025-10-29 04:11:57', '2025-11-03 06:07:43'),
(3, '2511203', '3227', 2, 2, 1, 1, 1, 'لول نجيب عبدالله سالم', NULL, 2, '777240854-782441039', NULL, NULL, '2006-10-26', 'لحج', NULL, NULL, 'لحج', 'تبن', NULL, NULL, NULL, NULL, NULL, NULL, 'علمي', '2023/2024', '41110472', NULL, NULL, 95.63, NULL, 'محمد علي حامد', 'لحج', 'تبن', NULL, 'Arabian Gulf University for Science and Technology/College of Health Sciences/2024-2025/Laboratories/first/2511203/photo_student_2511203.png', NULL, NULL, NULL, '2025-10-29 04:11:57', '2025-11-03 06:07:43'),
(4, '2511204', '3228', 2, 2, 1, 1, 1, 'ياسمين سمير صالح عبدالله', NULL, 2, '781163791-773273605', NULL, NULL, '2002-01-01', 'لحج', NULL, NULL, 'لحج', 'تبن', NULL, NULL, NULL, NULL, NULL, NULL, 'علمي', '2020/2021', '21110172', NULL, NULL, 93.00, NULL, 'مجمع السعيد التربوية', 'لحج', 'تبن', NULL, 'Arabian Gulf University for Science and Technology/College of Health Sciences/2024-2025/Laboratories/first/2511204/photo_student_2511204.png', NULL, NULL, NULL, '2025-10-29 04:11:57', '2025-11-03 06:07:43'),
(5, '2511205', '3229', 2, 2, 1, 1, 1, 'رقية أحمد محمد صويلح', NULL, 2, '778302781-778302781', NULL, NULL, '2002-03-04', 'لحج', NULL, NULL, 'لحج', 'تبن', NULL, NULL, NULL, NULL, NULL, NULL, 'علمي', '2021/2022', '21114393', NULL, NULL, 83.00, NULL, 'علي بن أبي طالب', 'لحج', 'المسيمير', NULL, 'Arabian Gulf University for Science and Technology/College of Health Sciences/2024-2025/Laboratories/first/2511205/photo_student_2511205.jpg', NULL, NULL, NULL, '2025-10-29 04:11:57', '2025-11-03 06:07:43'),
(6, '2511106', '3130', 2, 2, 1, 1, 1, 'عبدالقادر آفاق عبدالقادر أحمد', NULL, 1, '777139847-775683589', NULL, NULL, '2005-12-24', 'لحج', NULL, NULL, 'لحج', 'الحوطه', NULL, NULL, NULL, NULL, NULL, NULL, 'علمي', '2023/2024', '41110134', NULL, NULL, 98.38, NULL, 'عباس الحسيني', 'لحج', 'الحوطه', NULL, 'Arabian Gulf University for Science and Technology/College of Health Sciences/2024-2025/Laboratories/first/2511106/photo_student_2511106.jpg', NULL, NULL, NULL, '2025-10-29 04:11:57', '2025-11-03 06:07:43'),
(7, '2511207', '3231', 2, 2, 1, 1, 1, 'مسك سامي محمد عبدالله حسن', NULL, 2, '775691927', NULL, NULL, '2005-10-21', 'لحج', NULL, NULL, 'لحج', 'تبن', NULL, NULL, NULL, NULL, NULL, NULL, 'علمي', '2023/2024', '41110704', NULL, NULL, 97.75, NULL, 'مجمع السعيد التربوية', 'لحج', 'تبن', NULL, 'Arabian Gulf University for Science and Technology/College of Health Sciences/2024-2025/Laboratories/first/2511207/photo_student_2511207.png', NULL, NULL, NULL, '2025-10-29 04:11:57', '2025-11-03 06:07:43'),
(8, '2511108', '3132', 2, 2, 1, 1, 1, 'حسين طلال أحمد علي', NULL, 1, '773873613-773960643', NULL, NULL, '2005-11-19', 'لحج', NULL, NULL, 'لحج', 'الحوطه', NULL, NULL, NULL, NULL, NULL, NULL, 'علمي', '2022/2023', '31111854', NULL, NULL, 98.13, NULL, 'الفاروق', 'لحج', 'الحوطه', NULL, 'Arabian Gulf University for Science and Technology/College of Health Sciences/2024-2025/Laboratories/first/2511108/photo_student_2511108.png', NULL, NULL, NULL, '2025-10-29 04:11:57', '2025-11-03 06:07:43'),
(9, '2511109', '3133', 2, 2, 1, 1, 1, 'همام عصام سيل صالح', NULL, 1, '772607019-771478523', NULL, NULL, '2004-11-29', 'لحج', NULL, NULL, 'لحج', 'تبن', NULL, NULL, NULL, NULL, NULL, NULL, 'علمي', '2022/2023', '31112685', NULL, NULL, 95.75, NULL, 'معاذ بن جبل', 'لحج', 'تبن', NULL, 'Arabian Gulf University for Science and Technology/College of Health Sciences/2024-2025/Laboratories/first/2511109/photo_student_2511109.png', NULL, NULL, NULL, '2025-10-29 04:11:57', '2025-11-03 06:07:43'),
(10, '2511210', '3234', 2, 2, 1, 1, 1, 'فاطمة علي محسن العبد المنتصر', NULL, 2, '779046146-771083994', NULL, NULL, '2005-11-15', 'لحج', NULL, NULL, 'لحج', 'تبن', NULL, NULL, NULL, NULL, NULL, NULL, 'علمي', '2022/2023', '31111767', NULL, NULL, 96.63, NULL, 'الزهراء', 'لحج', 'الحوطه', NULL, 'Arabian Gulf University for Science and Technology/College of Health Sciences/2024-2025/Laboratories/first/2511210/photo_student_2511210.png', NULL, NULL, NULL, '2025-10-29 04:11:57', '2025-11-03 06:07:43'),
(11, '2511211', '3235', 2, 2, 1, 1, 1, 'جواهر عبدالحكيم عبدالله عبدالحبيب', NULL, 2, '775635904-770761748', NULL, NULL, '2006-09-09', 'لحج', NULL, NULL, 'لحج', 'تبن', NULL, NULL, NULL, NULL, NULL, NULL, 'علمي', '2023/2024', '41109373', NULL, NULL, 97.13, NULL, 'الشهيدة أقبال/ الوهط', 'لحج', 'تبن', NULL, 'Arabian Gulf University for Science and Technology/College of Health Sciences/2024-2025/Laboratories/first/2511211/photo_student_2511211.png', NULL, NULL, NULL, '2025-10-29 04:11:57', '2025-11-03 06:07:43'),
(12, '2511212', '3236', 2, 2, 1, 1, 1, 'إيلاف شوقي محمد عبدالله صلاح', NULL, 2, '773060129-779351269', NULL, NULL, '2006-03-28', 'لحج', NULL, NULL, 'لحج', 'تبن', NULL, NULL, NULL, NULL, NULL, NULL, 'علمي', '2023/2024', '41110353', NULL, NULL, 98.88, NULL, 'عمر بن عبدالعزيز', 'لحج', 'تبن', NULL, 'Arabian Gulf University for Science and Technology/College of Health Sciences/2025-2026/Laboratories/second/2511212/photo_student_2511212.png', NULL, NULL, NULL, '2025-10-29 04:11:57', '2025-11-18 03:45:25'),
(13, '2511213', '3237', 2, 2, 1, 1, 1, 'آيه أبو بكر عيدروس محمد', NULL, 2, '779527121-773610855', NULL, NULL, '2005-03-16', 'لحج', NULL, NULL, 'لحج', 'تبن', NULL, NULL, NULL, NULL, NULL, NULL, 'علمي', '2021/2022', '21108559', NULL, NULL, 83.88, NULL, 'الشهيدة أقبال/ الوهط', 'لحج', 'تبن', NULL, 'Arabian Gulf University for Science and Technology/College of Health Sciences/2024-2025/Laboratories/first/2511213/photo_student_2511213.png', NULL, NULL, NULL, '2025-10-29 04:11:57', '2025-11-03 06:07:43'),
(14, '2511214', '3238', 2, 2, 1, 1, 1, 'روان ناصر صالح ناصرأحمد', NULL, 2, '738199804-778288918', NULL, NULL, '2004-01-19', 'لحج', NULL, NULL, 'لحج', 'تبن', NULL, NULL, NULL, NULL, NULL, NULL, 'علمي', '2022/2023', '31111717', NULL, NULL, 86.00, NULL, 'الزهراء', 'لحج', 'تبن', NULL, 'Arabian Gulf University for Science and Technology/College of Health Sciences/2024-2025/Laboratories/first/2511214/photo_student_2511214.png', NULL, NULL, NULL, '2025-10-29 04:11:57', '2025-11-03 06:07:43'),
(15, '2511215', '3239', 2, 2, 1, 1, 1, 'غدير عبدالحكيم صالح مقبل', NULL, 2, '738227820-770447854', NULL, NULL, '2004-05-23', 'لحج', NULL, NULL, 'لحج', 'تبن', NULL, NULL, NULL, NULL, NULL, NULL, 'علمي', '2021/2022', '21110188', NULL, NULL, 93.13, NULL, 'الامل الااهليه', 'لحج', 'تبن', NULL, 'Arabian Gulf University for Science and Technology/College of Health Sciences/2024-2025/Laboratories/first/2511215/photo_student_2511215.png', NULL, NULL, NULL, '2025-10-29 04:11:57', '2025-11-03 06:07:43'),
(16, '2511216', '3240', 2, 2, 1, 1, 1, 'سلى باجل قاسم مهيوب', NULL, 2, '772946855/778857090', NULL, NULL, '2003-01-01', 'لحج', NULL, NULL, 'لحج', 'تبن', NULL, NULL, NULL, NULL, NULL, NULL, 'علمي', '2022/2023', '31113829', NULL, NULL, 96.88, NULL, 'مجمع السعيد التربوية', 'لحج', 'تبن', NULL, 'Arabian Gulf University for Science and Technology/College of Health Sciences/2024-2025/Laboratories/first/2511216/photo_student_2511216.png', NULL, NULL, NULL, '2025-10-29 04:11:57', '2025-11-03 06:07:43'),
(17, '2511217', '3241', 4, 1, 1, 1, 1, 'سمر علي أحمد يحيى', NULL, 2, '783178425/775741364', NULL, NULL, '2005-07-19', 'لحج', NULL, NULL, 'لحج', 'تبن', NULL, NULL, NULL, NULL, NULL, NULL, 'علمي', '2022/2023', '31112510', NULL, NULL, 81.38, NULL, 'الخنساء', 'لحج', 'تبن', NULL, 'Arabian Gulf University for Science and Technology/College of Health Sciences/2024-2025/Laboratories/first/2511217/photo_student_2511217.png', NULL, NULL, NULL, '2025-10-29 04:11:57', '2025-10-30 06:49:32'),
(18, '2511218', '3242', 2, 2, 1, 1, 1, 'اقدار عادل عبده أمين', NULL, 2, '770821625', NULL, NULL, '2007-07-06', 'لحج', NULL, NULL, 'لحج', 'تبن', NULL, NULL, NULL, NULL, NULL, NULL, 'علمي', '2023/2024', '4111505', NULL, NULL, 92.00, NULL, 'السعيد', 'لحج', 'تبن', NULL, 'Arabian Gulf University for Science and Technology/College of Health Sciences/2024-2025/Laboratories/first/2511218/photo_student_2511218.png', NULL, NULL, NULL, '2025-10-29 04:11:57', '2025-11-03 06:07:43'),
(19, '2511219', '3243', 2, 2, 1, 1, 1, 'قدرية محمد فضل محمد التيح', NULL, 2, '778599719-505332', NULL, NULL, '2006-10-04', 'لحج', NULL, NULL, 'لحج', 'تبن', NULL, NULL, NULL, NULL, NULL, NULL, 'علمي', '2023/2024', '41108817', NULL, NULL, 93.88, NULL, 'الزهراء', 'لحج', 'الحوطه', NULL, 'Arabian Gulf University for Science and Technology/College of Health Sciences/2024-2025/Laboratories/first/2511219/photo_student_2511219.jpg', NULL, NULL, NULL, '2025-10-29 04:11:57', '2025-11-03 06:07:43'),
(20, '2511220', '3244', 2, 2, 1, 1, 1, 'اماني باجل قاسم مهيوب', NULL, 2, '772946855/778857090', NULL, NULL, '2004-01-01', 'لحج', NULL, NULL, 'لحج', 'تبن', NULL, NULL, NULL, NULL, NULL, NULL, 'علمي', '2023/2024', '41110510', NULL, NULL, 90.13, NULL, 'مجمع السعيد التربوية', 'لحج', 'تبن', NULL, 'Arabian Gulf University for Science and Technology/College of Health Sciences/2024-2025/Laboratories/first/2511220/photo_student_2511220.png', NULL, NULL, NULL, '2025-10-29 04:11:57', '2025-11-03 06:07:43'),
(21, '2511221', '3245', 2, 2, 1, 1, 1, 'مريم فضل سالم علي عبيد', NULL, 2, '772113871-780721935', NULL, NULL, '2000-06-08', 'لحج', NULL, NULL, 'لحج', 'الحوطه', NULL, NULL, NULL, NULL, NULL, NULL, 'علمي', '2023/2024', '41108835', NULL, NULL, 82.25, NULL, 'الزهراء للبنات', 'لحج', 'الحوطه', NULL, 'Arabian Gulf University for Science and Technology/College of Health Sciences/2024-2025/Laboratories/first/2511221/photo_student_2511221.jpg', NULL, NULL, NULL, '2025-10-29 04:11:57', '2025-11-03 06:07:43'),
(22, '2511122', '3146', 4, 1, 1, 1, 1, 'عبدالباري وجدي محمد علي', NULL, 1, '733831399-770109956', NULL, NULL, '2006-12-04', 'لحج', NULL, NULL, 'لحج', 'الحوطه', NULL, NULL, NULL, NULL, NULL, NULL, 'علمي', '2023/2024', '41108946', NULL, NULL, 77.00, NULL, 'الفاروق', 'لحج', 'الحوطه', NULL, 'Arabian Gulf University for Science and Technology/College of Health Sciences/2024-2025/Laboratories/first/2511122/photo_student_2511122.png', NULL, NULL, NULL, '2025-10-29 04:11:57', '2025-10-30 06:49:32'),
(23, '2511123', '3147', 2, 2, 1, 1, 1, 'صالح محمد قاسم محمد فتاح', NULL, 1, '776971511/780271765', NULL, NULL, '2003-07-01', 'لحج', NULL, NULL, 'لحج', 'الحوطه', NULL, NULL, NULL, NULL, NULL, NULL, 'علمي', '2023/2024', '41108935', NULL, NULL, 82.13, NULL, 'الفاروق', 'لحج', 'الحوطه', NULL, 'Arabian Gulf University for Science and Technology/College of Health Sciences/2024-2025/Laboratories/first/2511123/photo_student_2511123.png', NULL, NULL, NULL, '2025-10-29 04:11:57', '2025-11-03 06:07:43'),
(24, '2511224', '3248', 6, 2, 1, 1, 1, 'نعمه سامي عبدالكريم عبدالله', NULL, 2, '770755104/774937540', NULL, NULL, '2006-09-16', 'لحج', NULL, NULL, 'لحج', 'الحوطه', NULL, NULL, NULL, NULL, NULL, NULL, 'علمي', '2023/2024', '41108847', NULL, NULL, 97.25, NULL, 'الزهراء', 'لحج', 'الحوطه', NULL, 'Arabian Gulf University for Science and Technology/College of Health Sciences/2024-2025/Laboratories/first/2511224/photo_student_2511224.png', NULL, NULL, NULL, '2025-10-29 04:11:57', '2025-11-03 06:07:43'),
(25, '2521101', '3125', 2, 2, 2, 2, 1, 'عبدالرحمن عزالدين أبوبكر عبده', NULL, 1, '776655417', NULL, NULL, '2004-10-19', 'لحج', NULL, NULL, 'لحج', 'تبن', NULL, NULL, NULL, NULL, NULL, NULL, 'علمي', '2021/2022', '21108623', NULL, NULL, 85.50, NULL, 'الشوكاني', 'لحج', 'تبن', NULL, 'Arabian Gulf University for Science and Technology/College of Engineering and Computing/2024-2025/Information Technology/first/2521101/photo_student_2521101.png', NULL, NULL, NULL, '2025-10-29 04:16:39', '2025-11-03 06:07:43'),
(26, '2521102', '3126', 2, 2, 2, 2, 1, 'عبدالله عزالدين أبوبكر عبده', NULL, 1, 'لا يوجد', NULL, NULL, '2006-12-08', 'لحج', NULL, NULL, 'لحج', 'تبن', NULL, NULL, NULL, NULL, NULL, NULL, 'علمي', '2022/2023', '31112430', NULL, NULL, 90.00, NULL, 'الشوكاني', 'لحج', 'تبن', NULL, 'Arabian Gulf University for Science and Technology/College of Engineering and Computing/2024-2025/Information Technology/first/2521102/photo_student_2521102.png', NULL, NULL, NULL, '2025-10-29 04:16:39', '2025-11-03 06:07:43'),
(27, '2521103', '3127', 3, 1, 2, 2, 1, 'عزالدين مناف أبوبكر عبده', NULL, 1, 'لا يوجد', NULL, NULL, '2006-01-26', 'لحج', NULL, NULL, 'لحج', 'تبن', NULL, NULL, NULL, NULL, NULL, NULL, 'علمي', '2021/2022', '21108629', NULL, NULL, 86.75, NULL, 'الشوكاني', 'لحج', 'تبن', NULL, 'Arabian Gulf University for Science and Technology/College of Engineering and Computing/2024-2025/Information Technology/first/2521103/photo_student_2521103.png', NULL, NULL, NULL, '2025-10-29 04:16:39', '2025-10-30 06:49:32'),
(28, '2521104', '3128', 2, 2, 2, 2, 1, 'بديع عزالدين أبوبكر عبده', NULL, 1, 'لا يوجد', NULL, NULL, '2005-08-22', 'لحج', NULL, NULL, 'لحج', 'تبن', NULL, NULL, NULL, NULL, NULL, NULL, 'علمي', '2021/2022', '21108609', NULL, NULL, 86.13, NULL, 'الشوكاني', 'لحج', 'تبن', NULL, 'Arabian Gulf University for Science and Technology/College of Engineering and Computing/2024-2025/Information Technology/first/2521104/photo_student_2521104.png', NULL, NULL, NULL, '2025-10-29 04:16:39', '2025-11-03 06:07:43'),
(29, '2521105', '3129', 2, 2, 2, 2, 1, 'عمر عيدروس علي عبدالرحمن السقاف', NULL, 1, '771534813-773971220-776971929', NULL, NULL, '2004-12-26', 'لحج', NULL, NULL, 'لحج', 'تبن', NULL, NULL, NULL, NULL, NULL, NULL, 'علمي', '2021/2022', '21108635', NULL, NULL, 88.13, NULL, 'الشوكاني', 'لحج', 'تبن', NULL, 'Arabian Gulf University for Science and Technology/College of Engineering and Computing/2024-2025/Information Technology/first/2521105/photo_student_2521105.png', NULL, NULL, NULL, '2025-10-29 04:16:39', '2025-11-03 06:07:43'),
(30, '2521106', '3130', 4, 1, 2, 2, 1, 'علي أبوبكر أبوبكر علي مفتاح', NULL, 1, '773702938 - 773181066', NULL, NULL, '2004-10-08', 'لحج', NULL, NULL, 'لحج', 'الحوطه', NULL, NULL, NULL, NULL, NULL, NULL, 'علمي', '2021/2022', '21108129', NULL, NULL, 85.25, NULL, 'الفاروق', 'لحج', 'الحوطه', NULL, 'Arabian Gulf University for Science and Technology/College of Engineering and Computing/2024-2025/Information Technology/first/2521106/photo_student_2521106.jpg', NULL, NULL, NULL, '2025-10-29 04:16:40', '2025-10-30 06:49:32'),
(31, '2521107', '3131', 2, 2, 2, 2, 1, 'محمد مارسيل محمد علي العامري', NULL, 1, '770370437-778968189-772709125', NULL, NULL, '2006-11-25', 'لحج', NULL, NULL, 'لحج', 'تبن', NULL, NULL, NULL, NULL, NULL, NULL, 'علمي', '2023/2024', '41109664', NULL, NULL, 96.00, NULL, 'معذ بن جبل', 'لحج', 'تبن', NULL, 'Arabian Gulf University for Science and Technology/College of Engineering and Computing/2025-2026/Information Technology/second/2521107/photo_student_2521107.png', NULL, NULL, NULL, '2025-10-29 04:16:40', '2025-11-18 03:47:13'),
(32, '2521108', '3132', 2, 2, 2, 2, 1, 'ناصر مقبل أحمد محمد', NULL, 1, '773880119', NULL, NULL, '2006-08-03', 'لحج', NULL, NULL, 'لحج', 'تبن', NULL, NULL, NULL, NULL, NULL, NULL, 'علمي', '2023/2024', '41109737', NULL, 800.00, 93.38, NULL, 'الصديق', 'لحج', 'تبن', NULL, 'Arabian Gulf University for Science and Technology/College of Engineering and Computing/2024-2025/Information Technology/first/2521108/photo_student_2521108.png', NULL, NULL, NULL, '2025-10-29 04:16:40', '2025-11-17 04:27:10'),
(33, '2521109', '3133', 4, 1, 2, 2, 1, 'عبدالعزيز أبوبكر ثابت عبدالحق', NULL, 1, '717627670', NULL, NULL, '2004-05-29', 'لحج', NULL, NULL, 'لحج', 'تبن', NULL, NULL, NULL, NULL, NULL, NULL, 'علمي', '2022/2023', '31114047', NULL, NULL, 87.25, NULL, 'ثانوية صبر للبنين', 'لحج', 'تبن', NULL, 'Arabian Gulf University for Science and Technology/College of Engineering and Computing/2024-2025/Information Technology/first/2521109/photo_student_2521109.png', NULL, NULL, NULL, '2025-10-29 04:16:40', '2025-10-30 06:49:32'),
(34, '2521110', '3134', 2, 2, 2, 2, 1, 'أبوبكر عبدالمجيد أبوبكر علي', NULL, 1, '778451034', NULL, NULL, '2005-05-24', 'لحج', NULL, NULL, 'لحج', 'تبن', NULL, NULL, NULL, NULL, NULL, NULL, 'علمي', '2022/2023', '31113002', NULL, NULL, 92.38, NULL, 'المدينة الخضراء', 'لحج', 'تبن', NULL, 'Arabian Gulf University for Science and Technology/College of Engineering and Computing/2024-2025/Information Technology/first/2521110/photo_student_2521110.png', NULL, NULL, NULL, '2025-10-29 04:16:40', '2025-11-03 06:07:43'),
(35, '2521111', '3135', 2, 2, 2, 2, 1, 'مازن عمار يحيىي سعيد علي', NULL, 1, '781588932-781102196-774768292', NULL, NULL, '2006-10-13', 'لحج', NULL, NULL, 'لحج', 'تبن', NULL, NULL, NULL, NULL, NULL, NULL, 'علمي', '2023/2024', '41111248', NULL, NULL, 90.75, NULL, 'الراية', 'لحج', 'تبن', NULL, 'Arabian Gulf University for Science and Technology/College of Engineering and Computing/2024-2025/Information Technology/first/2521111/photo_student_2521111.png', NULL, NULL, NULL, '2025-10-29 04:16:40', '2025-11-03 06:07:43'),
(36, '2521112', '3136', 2, 2, 2, 2, 1, 'أحمد فخري أحمد سعيد', NULL, 1, '773238005-777069896', NULL, NULL, '2004-08-12', 'لحج', NULL, NULL, 'لحج', 'تبن', NULL, NULL, NULL, NULL, NULL, NULL, 'علمي', '2020/2021', '2142408', NULL, NULL, 80.00, NULL, 'ثانوية صبر للبنين', 'لحج', 'تبن', NULL, 'Arabian Gulf University for Science and Technology/College of Engineering and Computing/2024-2025/Information Technology/first/2521112/photo_student_2521112.png', NULL, NULL, NULL, '2025-10-29 04:16:40', '2025-11-03 06:07:43'),
(37, '2521113', '3137', 2, 2, 2, 2, 1, 'يعقوب جمعان درويش علي حسن', NULL, 1, '770951870- 774171596-778021238-779318229', NULL, NULL, '2005-09-05', 'لحج', NULL, NULL, 'لحج', 'تبن', NULL, NULL, NULL, NULL, NULL, NULL, 'علمي', '2023/2024', '41110177', NULL, NULL, 87.63, NULL, 'عباس الحسيني', 'لحج', 'تبن', NULL, 'Arabian Gulf University for Science and Technology/College of Engineering and Computing/2024-2025/Information Technology/first/2521113/photo_student_2521113.png', NULL, NULL, NULL, '2025-10-29 04:16:40', '2025-11-03 06:07:43'),
(38, '2521114', '3138', 2, 2, 2, 2, 1, 'عمار خالد عمر حسن', NULL, 1, '776257009- 776257009-774768292-777013944', NULL, NULL, '2006-03-19', 'لحج', NULL, NULL, 'لحج', 'تبن', NULL, NULL, NULL, NULL, NULL, NULL, 'علمي', '2023/2024', '41109442', NULL, NULL, 97.38, NULL, 'الشوكاني', 'لحج', 'تبن', NULL, 'Arabian Gulf University for Science and Technology/College of Engineering and Computing/2024-2025/Information Technology/first/2521114/photo_student_2521114.png', NULL, NULL, NULL, '2025-10-29 04:16:40', '2025-11-03 06:07:43'),
(39, '2521215', '3239', 2, 2, 2, 2, 1, 'أسماء صالح سالم حمود', NULL, 2, '772566737-774940135', NULL, NULL, '2005-08-17', 'لحج', NULL, NULL, 'لحج', 'تبن', NULL, NULL, NULL, NULL, NULL, NULL, 'علمي', '2023/2024', '41110492', NULL, NULL, 78.50, NULL, 'مجمع السعيد', 'لحج', 'تبن', NULL, 'Arabian Gulf University for Science and Technology/College of Engineering and Computing/2024-2025/Information Technology/first/2521215/photo_student_2521215.png', NULL, NULL, NULL, '2025-10-29 04:16:40', '2025-11-03 06:07:43'),
(40, '2521216', '3240', 2, 2, 2, 2, 1, 'بشائر بندر عبدالقوي مثنى', NULL, 2, '773302000', NULL, NULL, '2002-10-04', 'لحج', NULL, NULL, 'لحج', 'تبن', NULL, NULL, NULL, NULL, NULL, NULL, 'علمي', '2019/2020', '539094', NULL, NULL, 94.38, NULL, 'مجمع السعيد', 'لحج', 'تبن', NULL, 'Arabian Gulf University for Science and Technology/College of Engineering and Computing/2024-2025/Information Technology/first/2521216/photo_student_2521216.png', NULL, NULL, NULL, '2025-10-29 04:16:40', '2025-11-03 06:07:43'),
(41, '2521217', '3241', 2, 2, 2, 2, 1, 'لطيفة فاروق عبدالرزاق حسين قاسم', NULL, 2, '773769658-778177994-770474970', NULL, NULL, '2005-12-31', 'لحج', NULL, NULL, 'لحج', 'الحوطه', NULL, NULL, NULL, NULL, NULL, NULL, 'علمي', '2023/2024', '41108823', NULL, NULL, 89.25, NULL, 'الزهراء للبنات', 'لحج', 'الحوطه', NULL, 'Arabian Gulf University for Science and Technology/College of Engineering and Computing/2024-2025/Information Technology/first/2521217/photo_student_2521217.png', NULL, NULL, NULL, '2025-10-29 04:16:40', '2025-11-03 06:07:43'),
(42, '2521118', '3142', 2, 2, 2, 2, 1, 'عبدالله محسن عبداللأه عوض', NULL, 1, '779712881/774947881', NULL, NULL, '2006-04-01', 'لحج', NULL, NULL, 'لحج', 'تبن', NULL, NULL, NULL, NULL, NULL, NULL, 'علمي', '2023/2024', '41110826', NULL, NULL, 95.13, NULL, 'ثانوية صبر للبنين', 'لحج', 'تبن', NULL, 'Arabian Gulf University for Science and Technology/College of Engineering and Computing/2024-2025/Information Technology/first/2521118/photo_student_2521118.png', NULL, NULL, NULL, '2025-10-29 04:16:40', '2025-11-03 06:07:43'),
(43, '2521119', '3143', 2, 2, 2, 2, 1, 'أمين عبدالمجيد عبداللاه مقبل', NULL, 1, '780290341/777850887', NULL, NULL, '2004-01-03', 'لحج', NULL, NULL, 'لحج', 'تبن', NULL, NULL, NULL, NULL, NULL, NULL, 'علمي', '2023/2024', '21109705', NULL, NULL, 85.00, NULL, 'الامل', 'لحج', 'تبن', NULL, 'Arabian Gulf University for Science and Technology/College of Engineering and Computing/2024-2025/Information Technology/first/2521119/photo_student_2521119.png', NULL, NULL, NULL, '2025-10-29 04:16:40', '2025-11-03 06:07:43'),
(44, '2521220', '3244', 2, 2, 2, 2, 1, 'منارعادل عبده أمين', NULL, 2, '772184176-770821625', NULL, NULL, '2006-06-07', 'لحج', NULL, NULL, 'لحج', 'تبن', NULL, NULL, NULL, NULL, NULL, NULL, 'علمي', '2023/2024', '31113904', NULL, NULL, 98.50, NULL, 'مجمع السعيد التربوي', 'لحج', 'تبن', NULL, 'Arabian Gulf University for Science and Technology/College of Engineering and Computing/2024-2025/Information Technology/first/2521220/photo_student_2521220.png', NULL, NULL, NULL, '2025-10-29 04:16:40', '2025-11-03 06:07:43'),
(45, '2521221', '3245', 2, 2, 2, 2, 1, 'أسماء منصورعبدالرحمن ناصر', NULL, 2, '774732917', NULL, NULL, '2006-01-01', 'لحج', NULL, NULL, 'لحج', 'تبن', NULL, NULL, NULL, NULL, NULL, NULL, 'علمي', '2022/2023', '31113715', NULL, NULL, 79.13, NULL, 'مجمع السعيد', 'لحج', 'تبن', NULL, 'Arabian Gulf University for Science and Technology/College of Engineering and Computing/2024-2025/Information Technology/first/2521221/photo_student_2521221.png', NULL, NULL, NULL, '2025-10-29 04:16:40', '2025-11-03 06:07:43'),
(46, '2521122', '3146', 4, 1, 2, 2, 1, 'فاروق عارف عبدالرزاق حسين', NULL, 1, '770217993', NULL, NULL, '2005-10-01', 'لحج', NULL, NULL, 'لحج', 'الحوطه', NULL, NULL, NULL, NULL, NULL, NULL, 'علمي', '2023/2024', '41109002', NULL, NULL, 95.38, NULL, 'الفاروق', 'لحج', 'الحوطه', NULL, NULL, NULL, NULL, NULL, '2025-10-29 04:16:40', '2025-10-30 06:49:32'),
(47, '2521123', '3147', 4, 1, 2, 2, 1, 'سعيد علي أبوبكر يحيى', NULL, 1, '779478051/775741364', NULL, NULL, '2003-12-28', 'لحج', NULL, NULL, 'لحج', 'تبن', NULL, NULL, NULL, NULL, NULL, NULL, 'علمي', '2022/2023', '31112602', NULL, NULL, 77.63, NULL, 'معاذ بن جبل', 'لحج', 'تبن', NULL, 'Arabian Gulf University for Science and Technology/College of Engineering and Computing/2024-2025/Information Technology/first/2521123/photo_student_2521123.png', NULL, NULL, NULL, '2025-10-29 04:16:40', '2025-10-30 06:49:32'),
(48, '2521124', '3148', 2, 2, 2, 2, 1, 'ردفان هديل سيف محمد', NULL, 1, '773337479/770899189', NULL, NULL, '2004-10-14', 'الشعوب', NULL, NULL, 'صنعاء', 'الشعوب', NULL, NULL, NULL, NULL, NULL, NULL, 'علمي', '2021/2022', '424731', NULL, NULL, 65.88, NULL, 'عمر بن عبدالعزيز', 'صنعاء', 'الشعوب', NULL, 'Arabian Gulf University for Science and Technology/College of Engineering and Computing/2025-2026/Information Technology/second/2521124/photo_student_2521124.PNG', NULL, NULL, NULL, '2025-10-29 04:16:40', '2025-12-22 09:29:26'),
(49, '2532101', '4125', 2, 2, 4, 3, 1, 'زكريا إيفان محمد ناصر', NULL, 1, '776843805 - 771554813', NULL, NULL, '2006-03-01', 'لحج', NULL, NULL, 'لحج', 'صبر', NULL, NULL, NULL, NULL, NULL, NULL, 'علمي', '2023/2024', '41110006', NULL, NULL, 89.50, NULL, 'ثانوية صبر', 'لحج', 'تبن', NULL, 'Arabian Gulf University for Science and Technology/College of Administrative and Human Sciences/2024-2025/Accounting/first/2532101/photo_student_2532101.png', NULL, NULL, NULL, '2025-10-29 04:20:57', '2025-11-03 06:07:43'),
(50, '2532102', '4126', 2, 2, 4, 3, 1, 'علي محمد علي محمد', NULL, 1, '770485161-774694053', NULL, NULL, '2006-03-23', 'لحج', NULL, NULL, 'لحج', 'تبن', NULL, NULL, NULL, NULL, NULL, NULL, 'علمي', '2022/2023', '31111906', NULL, NULL, 95.88, NULL, 'الفاروق', 'لحج', 'تبن', NULL, 'Arabian Gulf University for Science and Technology/College of Administrative and Human Sciences/2024-2025/Accounting/first/2532102/photo_student_2532102.png', NULL, NULL, NULL, '2025-10-29 04:20:57', '2025-11-03 06:07:43'),
(51, '2531203', '3227', 2, 2, 4, 3, 1, 'زينب سمير ثابت شائع', NULL, 2, '778916840', NULL, NULL, '2007-01-10', 'لحج', NULL, NULL, 'لحج', 'تبن', NULL, NULL, NULL, NULL, NULL, NULL, 'علمي', '2022/2023', '41110607', NULL, NULL, 93.75, NULL, 'مجمع السعيد', 'لحج', 'تبن', NULL, 'Arabian Gulf University for Science and Technology/College of Administrative and Human Sciences/2024-2025/Business Administration/first/2531203/photo_student_2531203.png', NULL, NULL, NULL, '2025-10-29 04:20:57', '2025-11-03 06:07:43'),
(52, '2532104', '4128', 2, 2, 4, 3, 1, 'عمر مختار محسن سالم', NULL, 1, '780969569/771962094', NULL, NULL, '2005-09-03', 'لحج', NULL, NULL, 'لحج', 'الحوطه', NULL, NULL, NULL, NULL, NULL, NULL, 'علمي', '2023/2024', '41108996', NULL, NULL, 87.25, NULL, 'الفاروق', 'لحج', 'الحوطه', NULL, 'Arabian Gulf University for Science and Technology/College of Administrative and Human Sciences/2024-2025/Accounting/first/2532104/photo_student_2532104.png', NULL, NULL, NULL, '2025-10-29 04:20:57', '2025-11-03 06:07:43'),
(53, '2532105', '4129', 2, 2, 4, 3, 1, 'علي محمد علي صالح يحيىى', NULL, 1, '780573412/773810319', NULL, NULL, '2006-06-28', 'لحج', NULL, NULL, 'لحج', 'الحوطه', NULL, NULL, NULL, NULL, NULL, NULL, 'علمي', '2023/2024', '41108984', NULL, NULL, 90.63, NULL, 'الفاروق', 'لحج', 'الحوطه', NULL, 'Arabian Gulf University for Science and Technology/College of Administrative and Human Sciences/2024-2025/Accounting/first/2532105/photo_student_2532105.png', NULL, NULL, NULL, '2025-10-29 04:20:57', '2025-11-03 06:07:43'),
(54, '2532106', '4130', 3, 1, 4, 3, 1, 'مازن مبارك رمضان مبارك', NULL, 1, '772528249/772078954', NULL, NULL, '2006-10-21', 'لحج', NULL, NULL, 'لحج', 'الحوطه', NULL, NULL, NULL, NULL, NULL, NULL, 'علمي', '2023/2024', '41109007', NULL, NULL, 86.50, NULL, 'الفاروق', 'لحج', 'الحوطه', NULL, 'Arabian Gulf University for Science and Technology/College of Administrative and Human Sciences/2024-2025/Accounting/first/2532106/photo_student_2532106.png', NULL, NULL, NULL, '2025-10-29 04:20:57', '2025-10-30 06:49:33'),
(55, '2532107', '4131', 2, 2, 4, 3, 1, 'عبدالرحمن أنور ناصر هادي', NULL, 1, '779795303/770523907', NULL, NULL, '2004-07-02', 'لحج', NULL, NULL, 'لحج', 'الحوطه', NULL, NULL, NULL, NULL, NULL, NULL, 'علمي', '2022/2023', '31111880', NULL, NULL, 80.63, NULL, 'الفاروق', 'لحج', 'الحوطه', NULL, 'Arabian Gulf University for Science and Technology/College of Administrative and Human Sciences/2024-2025/Accounting/first/2532107/photo_student_2532107.png', NULL, NULL, NULL, '2025-10-29 04:20:57', '2025-11-03 06:07:43'),
(56, '2532108', '4132', 4, 1, 4, 3, 1, 'عبدالرحمن محمد علي محمد', NULL, 1, '505677', NULL, NULL, '1999-12-28', 'لحج', NULL, NULL, 'لحج', 'الحوطه', NULL, NULL, NULL, NULL, NULL, NULL, 'علمي', '2016/2017', '128357', NULL, NULL, 80.00, NULL, 'الفاروق', 'لحج', 'الحوطه', NULL, 'Arabian Gulf University for Science and Technology/College of Administrative and Human Sciences/2024-2025/Accounting/first/2532108/photo_student_2532108.png', NULL, NULL, NULL, '2025-10-29 04:20:57', '2025-10-30 06:49:33'),
(57, '2531109', '3133', 2, 2, 4, 3, 1, 'عمار حيدره حماده مثنى', NULL, 1, '770408584/775750245', NULL, NULL, '1999-02-02', 'لحج', NULL, NULL, 'لحج', 'تبن', NULL, NULL, NULL, NULL, NULL, NULL, 'علمي', '2017/2018', '336770', NULL, NULL, 87.75, NULL, 'علي بن ابي طالب', 'لحج', 'المسيمير', NULL, 'Arabian Gulf University for Science and Technology/College of Administrative and Human Sciences/2024-2025/Business Administration/first/2531109/photo_student_2531109.png', NULL, NULL, NULL, '2025-10-29 04:20:57', '2025-11-03 06:07:43'),
(58, '2532110', '4134', 2, 2, 4, 3, 1, 'أمين فاروق عبدالرزاق حسين', NULL, 1, '775585609/773769685', NULL, NULL, '1999-03-04', 'لحج', NULL, NULL, 'لحج', 'الحوطه', NULL, NULL, NULL, NULL, NULL, NULL, 'علمي', '2016/2017', '128304', NULL, NULL, 78.13, NULL, 'الفاروق', 'لحج', 'الحوطه', NULL, 'Arabian Gulf University for Science and Technology/College of Administrative and Human Sciences/2024-2025/Accounting/first/2532110/photo_student_2532110.png', NULL, NULL, NULL, '2025-10-29 04:20:57', '2025-11-03 06:07:43'),
(59, '2532211', '4235', 2, 2, 4, 3, 1, 'مرام محمد بن محمد سالم', NULL, 2, '781246655-773359312', NULL, NULL, '2006-11-22', 'لحج', NULL, NULL, 'لحج', 'الحوطه', NULL, NULL, NULL, NULL, NULL, NULL, 'علمي', '2023/2024', '41203294', NULL, NULL, 85.63, NULL, 'الزهراء', 'لحج', 'الحوطه', NULL, 'Arabian Gulf University for Science and Technology/College of Administrative and Human Sciences/2024-2025/Accounting/first/2532211/photo_student_2532211.png', NULL, NULL, NULL, '2025-10-29 04:20:57', '2025-11-03 06:07:43'),
(60, '2532212', '4236', 2, 2, 4, 3, 1, 'نسرين حسن قاسم محسن حسن', NULL, 2, '770440107-772799621', NULL, NULL, '2004-03-15', 'لحج', NULL, NULL, 'لحج', 'تبن', NULL, NULL, NULL, NULL, NULL, NULL, 'علمي', '2020/2021', '2143102', NULL, NULL, 84.63, NULL, 'مجمع السعيد', 'لحج', 'تبن', NULL, 'Arabian Gulf University for Science and Technology/College of Administrative and Human Sciences/2024-2025/Accounting/first/2532212/photo_student_2532212.png', NULL, NULL, NULL, '2025-10-29 04:20:57', '2025-11-03 06:07:43'),
(61, '2532113', '4137', 2, 2, 4, 3, 1, 'زيد عادل زين يحيى', NULL, 1, '718331634-716463678', NULL, NULL, '2006-03-03', 'لحج', NULL, NULL, 'لحج', 'يهر', NULL, NULL, NULL, NULL, NULL, NULL, 'علمي', '2023/2024', '41118226', NULL, NULL, 92.72, NULL, 'سعيد عبدالمحسن', 'لحج', 'يهر', NULL, 'Arabian Gulf University for Science and Technology/College of Administrative and Human Sciences/2024-2025/Accounting/first/2532113/photo_student_2532113.png', NULL, NULL, NULL, '2025-10-29 04:20:57', '2025-11-03 06:07:43'),
(62, '2531114', '3138', 5, 1, 3, 3, 1, 'اياد عبدالله حسن عبدالرحمن الذري', NULL, 1, '775196866-782137684', NULL, NULL, '2006-01-01', 'لحج', NULL, NULL, 'لحج', 'تبن', NULL, NULL, NULL, NULL, NULL, NULL, 'علمي', '2023/2024', '41109944', NULL, NULL, 85.63, NULL, 'ثانوية صبر', 'لحج', 'تبن', NULL, 'Arabian Gulf University for Science and Technology/College of Administrative and Human Sciences/2024-2025/Business Administration/first/2531114/photo_student_2531114.png', NULL, NULL, NULL, '2025-10-29 04:20:57', '2025-10-30 06:49:33'),
(63, '2532115', '4139', 2, 2, 4, 3, 1, 'علي إدريس سعيد علي', NULL, 1, '778523162', NULL, NULL, '2004-09-23', 'لحج', NULL, NULL, 'لحج', 'تبن', NULL, NULL, NULL, NULL, NULL, NULL, 'علمي', '2023/2024', '41113225', NULL, NULL, 71.25, NULL, 'معاذ بن جبل', 'لحج', 'تبن', NULL, 'Arabian Gulf University for Science and Technology/College of Administrative and Human Sciences/2024-2025/Accounting/first/2532115/photo_student_2532115.png', NULL, NULL, NULL, '2025-10-29 04:20:57', '2025-11-03 06:07:43'),
(64, '2531116', '3140', 4, 1, 3, 3, 1, 'علي محمد علي حيدره دلهم', NULL, 1, '782428731', NULL, NULL, '2005-01-16', 'عدن', NULL, NULL, 'عدن', 'خورمكسر', NULL, NULL, NULL, NULL, NULL, NULL, 'علمي', '2022/2023', '31102064', NULL, NULL, 87.13, NULL, 'عبده غانم', 'عدن', 'خورمكسر', NULL, 'Arabian Gulf University for Science and Technology/College of Administrative and Human Sciences/2024-2025/Business Administration/first/2531116/photo_student_2531116.png', NULL, NULL, NULL, '2025-10-29 04:20:57', '2025-10-30 06:49:33'),
(65, '2532117', '4141', 2, 2, 4, 3, 1, 'طلال عبدالحافظ أحمد مثنى', NULL, 1, '782775396-772852843', NULL, NULL, '2007-10-16', 'لحج', NULL, NULL, 'لحج', 'تبن', NULL, NULL, NULL, NULL, NULL, NULL, 'علمي', '2023/2024', '41110058', NULL, NULL, 86.25, NULL, 'ثانوية صبر', 'لحج', 'تبن', NULL, 'Arabian Gulf University for Science and Technology/College of Administrative and Human Sciences/2024-2025/Accounting/first/2532117/photo_student_2532117.png', NULL, NULL, NULL, '2025-10-29 04:20:57', '2025-11-03 06:07:43'),
(66, '2532218', '4242', 2, 2, 4, 3, 1, 'حواء وضاح عوض عباد', NULL, 2, '770917606-514329', NULL, NULL, '2006-06-09', 'لحج', NULL, NULL, 'لحج', 'تبن', NULL, NULL, NULL, NULL, NULL, NULL, 'علمي', '2023/2024', '41109376', NULL, NULL, 98.13, NULL, 'اقبال', 'لحج', 'تبن', NULL, 'Arabian Gulf University for Science and Technology/College of Administrative and Human Sciences/2024-2025/Accounting/first/2532218/photo_student_2532218.png', NULL, NULL, NULL, '2025-10-29 04:20:57', '2025-11-03 06:07:43'),
(67, '2532119', '4143', 2, 2, 4, 3, 1, 'أحمد أنيس محمد سالم', NULL, 1, '775610021-74554588', NULL, NULL, '2006-07-15', 'لحج', NULL, NULL, 'لحج', 'تبن', NULL, NULL, NULL, NULL, NULL, NULL, 'علمي', '2023/2024', '41109411', NULL, NULL, 97.38, NULL, 'ثانوية الشوكاني', 'لحج', 'تبن', NULL, 'Arabian Gulf University for Science and Technology/College of Administrative and Human Sciences/2024-2025/Accounting/first/2532119/photo_student_2532119.png', NULL, NULL, NULL, '2025-10-29 04:20:57', '2025-11-03 06:07:43'),
(68, '2532220', '4244', 2, 2, 4, 3, 1, 'هوازن زين قحطان عقيل', NULL, 2, '774948704-775656229', NULL, NULL, '1993-01-01', 'لحج', NULL, NULL, 'لحج', 'تبن', NULL, NULL, NULL, NULL, NULL, NULL, 'علمي', '2012/2013', '433733', NULL, NULL, 92.63, NULL, 'ش- سعيد عبدالمحسن', 'لحج', 'يهر', NULL, 'Arabian Gulf University for Science and Technology/College of Administrative and Human Sciences/2024-2025/Accounting/first/2532220/photo_student_2532220.png', NULL, NULL, NULL, '2025-10-29 04:20:57', '2025-11-03 06:07:43'),
(69, '2531121', '3145', 4, 1, 3, 3, 1, 'عبدالرؤوف محمد أحمد محمد طه', NULL, 1, '772213519-77271202', NULL, NULL, '1999-05-06', 'لحج', NULL, NULL, 'لحج', 'تبن', NULL, NULL, NULL, NULL, NULL, NULL, 'علمي', '2017/2018', '331287', NULL, NULL, 69.00, NULL, 'ثانوية صبر', 'لحج', 'تبن', NULL, 'Arabian Gulf University for Science and Technology/College of Administrative and Human Sciences/2024-2025/Business Administration/first/2531121/photo_student_2531121.png', NULL, NULL, NULL, '2025-10-29 04:20:57', '2025-10-30 06:49:33'),
(70, '2611201', '3225', 1, 1, 1, 1, 2, 'نور حسان عياش فضل العزيبي', NULL, 2, '783215257', NULL, NULL, '2006-05-11', 'لحج', NULL, NULL, 'عدن', 'دار سعد', NULL, 'شهادة ميلاد', '519', NULL, NULL, NULL, 'علمي', '2024-2023', '41110735', NULL, NULL, 87.13, NULL, 'مجمع السعيد', 'لحج', 'تبن', NULL, 'Arabian Gulf University for Science and Technology/College of Health Sciences/2025-2026/Laboratories/first/2611201/photo_student_2611201.jpg', 'Arabian Gulf University for Science and Technology/College of Health Sciences/2025-2026/Laboratories/first/2611201/photo_identity_2611201.jpg', 'Arabian Gulf University for Science and Technology/College of Health Sciences/2025-2026/Laboratories/first/2611201/photo_certificate_high_school_2611201.jpg', NULL, '2025-11-03 06:49:40', '2025-11-03 06:50:57'),
(71, '2611202', '3226', 1, 1, 1, 1, 2, 'قمر اسكاف ورسماء يسلم', NULL, 2, '771369031', NULL, NULL, '2005-05-10', 'ابين', NULL, NULL, 'ابين', 'خنفر', NULL, 'شهادة ميلاد', '1177', NULL, NULL, NULL, 'علمي', '2023-2022', '31109481', NULL, NULL, 87.25, NULL, 'مجمع اروى', 'ابين', 'خنفر', NULL, 'Arabian Gulf University for Science and Technology/College of Health Sciences/2025-2026/Laboratories/first/2611202/photo_student_2611202.jpg', 'Arabian Gulf University for Science and Technology/College of Health Sciences/2025-2026/Laboratories/first/2611202/photo_identity_2611202.jpg', 'Arabian Gulf University for Science and Technology/College of Health Sciences/2025-2026/Laboratories/first/2611202/photo_certificate_high_school_2611202.jpg', NULL, '2025-11-03 06:49:40', '2025-11-03 06:50:57'),
(72, '2611203', '3227', 1, 1, 1, 1, 2, 'منى جمال الدين عبدالعزيز شائف', NULL, 2, '771851065', NULL, NULL, '2003-10-19', 'عدن', NULL, NULL, 'عدن', 'صيرة', NULL, 'بطاقة شخصية', '6000100100', NULL, NULL, NULL, 'علمي', '2024-2023', '41109562', NULL, NULL, 96.50, NULL, 'الخنساء', 'لحج', 'تبن', NULL, 'Arabian Gulf University for Science and Technology/College of Health Sciences/2025-2026/Laboratories/first/2611203/photo_student_2611203.jpg', 'Arabian Gulf University for Science and Technology/College of Health Sciences/2025-2026/Laboratories/first/2611203/photo_identity_2611203.jpg', 'Arabian Gulf University for Science and Technology/College of Health Sciences/2025-2026/Laboratories/first/2611203/photo_certificate_high_school_2611203.jpg', NULL, '2025-11-03 06:49:40', '2025-11-03 06:50:57'),
(73, '2611104', '3128', 1, 1, 1, 1, 2, 'سعيد ناصر سعيد محمد', NULL, 1, '771183966', NULL, NULL, '2006-12-13', 'لحج', NULL, NULL, 'لحج', 'تبن', NULL, 'بطاقة شخصية', '6010185534', NULL, NULL, NULL, 'علمي', '2024-2023', '41109422', NULL, NULL, 86.88, NULL, 'الشوكاني', 'لحج', 'تبن', NULL, 'Arabian Gulf University for Science and Technology/College of Health Sciences/2025-2026/Laboratories/first/2611104/photo_student_2611104.jpg', 'Arabian Gulf University for Science and Technology/College of Health Sciences/2025-2026/Laboratories/first/2611104/photo_identity_2611104.jpg', 'Arabian Gulf University for Science and Technology/College of Health Sciences/2025-2026/Laboratories/first/2611104/photo_certificate_high_school_2611104.jpg', NULL, '2025-11-03 06:49:40', '2025-11-03 06:50:57'),
(74, '2611205', '3229', 1, 1, 1, 1, 2, 'فايدة محمد علي علي قريع', NULL, 2, '783352863', NULL, NULL, '2005-02-13', 'الضالع', NULL, NULL, 'الضالع', 'الحصين', NULL, 'بطاقة شخصية', '3000165034', NULL, NULL, NULL, 'علمي', '2025-2024', '51111075', NULL, NULL, 88.25, NULL, 'مجمع السعيد', 'لحج', 'تبن', NULL, 'Arabian Gulf University for Science and Technology/College of Health Sciences/2025-2026/Laboratories/first/2611205/photo_student_2611205.jpg', 'Arabian Gulf University for Science and Technology/College of Health Sciences/2025-2026/Laboratories/first/2611205/photo_identity_2611205.jpg', 'Arabian Gulf University for Science and Technology/College of Health Sciences/2025-2026/Laboratories/first/2611205/photo_certificate_high_school_2611205.jpg', NULL, '2025-11-03 06:49:40', '2025-11-03 06:50:57'),
(75, '2611206', '3230', 1, 1, 1, 1, 2, 'سارة محمد عبده محمود حسن', NULL, 2, '781814726', NULL, NULL, '2005-03-30', 'لحج', NULL, NULL, 'لحج', 'تبن - طور الباحة', NULL, 'بطاقة شخصية', '6000100089', NULL, NULL, NULL, 'علمي', '2024-2023', '41110614', NULL, NULL, 93.88, NULL, 'مجمع السعيد', 'لحج', 'تبن', NULL, 'Arabian Gulf University for Science and Technology/College of Health Sciences/2025-2026/Laboratories/first/2611206/photo_student_2611206.jpg', 'Arabian Gulf University for Science and Technology/College of Health Sciences/2025-2026/Laboratories/first/2611206/photo_identity_2611206.jpg', 'Arabian Gulf University for Science and Technology/College of Health Sciences/2025-2026/Laboratories/first/2611206/photo_certificate_high_school_2611206.jpg', NULL, '2025-11-03 06:49:40', '2025-11-03 06:50:57'),
(76, '2611207', '3231', 1, 1, 1, 1, 2, 'ميادة وضاح عبدالباقي محمد صالح', NULL, 2, '783524350', NULL, NULL, '2007-01-05', 'لحج', NULL, NULL, 'لحج', 'لحج', NULL, 'بطاقة شخصية الكتروني', '8731-9204-30-91', NULL, NULL, NULL, 'علمي', '2024-2023', '41110718', NULL, NULL, 92.63, NULL, 'مجمع السعيد', 'لحج', 'تبن', NULL, 'Arabian Gulf University for Science and Technology/College of Health Sciences/2025-2026/Laboratories/first/2611207/photo_student_2611207.jpg', 'Arabian Gulf University for Science and Technology/College of Health Sciences/2025-2026/Laboratories/first/2611207/photo_identity_2611207.jpg', 'Arabian Gulf University for Science and Technology/College of Health Sciences/2025-2026/Laboratories/first/2611207/photo_certificate_high_school_2611207.jpg', NULL, '2025-11-03 06:49:40', '2025-11-03 06:50:57'),
(77, '2611208', '3232', 1, 1, 1, 1, 2, 'سجى إيهاب علي العبد', NULL, 2, '781652161', NULL, NULL, '2006-04-11', 'لحج', NULL, NULL, 'لحج', 'لحج', NULL, 'بطاقة شخصية الكتروني', '6635-8955-1966', NULL, NULL, NULL, 'علمي', '2025-2024', '51109642', NULL, NULL, 96.50, NULL, 'الخنساء', 'لحج', 'تبن', NULL, 'Arabian Gulf University for Science and Technology/College of Health Sciences/2025-2026/Laboratories/first/2611208/photo_student_2611208.jpg', 'Arabian Gulf University for Science and Technology/College of Health Sciences/2025-2026/Laboratories/first/2611208/photo_identity_2611208.jpg', 'Arabian Gulf University for Science and Technology/College of Health Sciences/2025-2026/Laboratories/first/2611208/photo_certificate_high_school_2611208.jpg', NULL, '2025-11-03 06:49:40', '2025-11-03 06:50:57'),
(78, '2611209', '3233', 1, 1, 1, 1, 2, 'محاسن عبده صالح علي', NULL, 2, '738117313 - 782488045', NULL, NULL, '2006-03-25', 'لحج', NULL, NULL, 'لحج', 'لحج', NULL, 'بطاقة شخصية الكتروني', '0709-9955-2113', NULL, NULL, NULL, 'علمي', '2024-2023', '41115943', NULL, NULL, 95.50, NULL, 'علي بن ابي طالب', 'لحج', 'المسيمير', NULL, 'Arabian Gulf University for Science and Technology/College of Health Sciences/2025-2026/Laboratories/first/2611209/photo_student_2611209.jpg', 'Arabian Gulf University for Science and Technology/College of Health Sciences/2025-2026/Laboratories/first/2611209/photo_identity_2611209.jpg', 'Arabian Gulf University for Science and Technology/College of Health Sciences/2025-2026/Laboratories/first/2611209/photo_certificate_high_school_2611209.jpg', NULL, '2025-11-03 06:49:40', '2025-11-03 06:50:57'),
(79, '2611110', '3134', 1, 1, 1, 1, 2, 'عبدالله بسام صالح طالب', NULL, 1, '779892921', NULL, NULL, '2007-08-24', 'لحج', NULL, NULL, 'لحج', 'تبن', NULL, 'رقم جلوس', '51111208', NULL, NULL, NULL, 'علمي', '2025-2024', '51111208', NULL, NULL, 86.13, NULL, 'ثانوية صبر للبنين', 'لحج', 'تبن', NULL, 'Arabian Gulf University for Science and Technology/College of Health Sciences/2025-2026/Laboratories/first/2611110/photo_student_2611110.jpg', 'Arabian Gulf University for Science and Technology/College of Health Sciences/2025-2026/Laboratories/first/2611110/photo_identity_2611110.jpg', 'Arabian Gulf University for Science and Technology/College of Health Sciences/2025-2026/Laboratories/first/2611110/photo_certificate_high_school_2611110.jpg', NULL, '2025-11-03 06:49:40', '2025-11-03 06:50:57'),
(80, '2611111', '3135', 1, 1, 1, 1, 2, 'محمد سالم سعيد سالم الطيري', NULL, 1, '778486075-772629557', NULL, NULL, '2005-12-13', 'لحج', NULL, NULL, 'لحج', 'الحوطه', NULL, 'بطاقة شخصية', '6010169478', NULL, NULL, NULL, 'علمي', '2024-2023', '41110158', NULL, NULL, 89.63, NULL, 'عباس الحبيشي', 'لحج', 'تبن', NULL, 'Arabian Gulf University for Science and Technology/College of Health Sciences/2025-2026/Laboratories/first/2611111/photo_student_2611111.jpg', 'Arabian Gulf University for Science and Technology/College of Health Sciences/2025-2026/Laboratories/first/2611111/photo_identity_2611111.jpg', 'Arabian Gulf University for Science and Technology/College of Health Sciences/2025-2026/Laboratories/first/2611111/photo_certificate_high_school_2611111.jpg', NULL, '2025-11-03 06:49:40', '2025-11-03 06:50:57'),
(81, '2611212', '3236', 1, 1, 1, 1, 2, 'هديل فيصل سالم حيدرة راجح سويلم', NULL, 2, '775545744 - 784941061', NULL, NULL, '2007-01-29', 'لحج', NULL, NULL, 'لحج', 'لحج', NULL, 'بطاقة شخصية الكتروني', '4207-0905-2011', NULL, NULL, NULL, 'علمي', '2025-2024', '51111145', NULL, NULL, 97.63, NULL, 'مجمع السعيد', 'لحج', 'تبن', NULL, 'Arabian Gulf University for Science and Technology/College of Health Sciences/2025-2026/Laboratories/first/2611212/photo_student_2611212.jpg', 'Arabian Gulf University for Science and Technology/College of Health Sciences/2025-2026/Laboratories/first/2611212/photo_identity_2611212.jpg', 'Arabian Gulf University for Science and Technology/College of Health Sciences/2025-2026/Laboratories/first/2611212/photo_certificate_high_school_2611212.jpg', NULL, '2025-11-03 06:49:40', '2025-11-03 06:50:57'),
(82, '2611213', '3237', 1, 1, 1, 1, 2, 'سالي عبدالله محمد عبدالله', NULL, 2, '774544290', NULL, NULL, '2004-05-20', 'عدن', NULL, NULL, 'عدن', 'دار سعد', NULL, 'بطاقة شخصية', '3000168451', NULL, NULL, NULL, 'علمي', '2023-2022', '31103692', NULL, NULL, 86.50, NULL, 'ثانوية زينب علي قاسم', 'عدن', 'دار سعد', NULL, 'Arabian Gulf University for Science and Technology/College of Health Sciences/2025-2026/Laboratories/first/2611213/photo_student_2611213.jpg', 'Arabian Gulf University for Science and Technology/College of Health Sciences/2025-2026/Laboratories/first/2611213/photo_identity_2611213.jpg', 'Arabian Gulf University for Science and Technology/College of Health Sciences/2025-2026/Laboratories/first/2611213/photo_certificate_high_school_2611213.jpg', NULL, '2025-11-03 06:49:40', '2025-11-03 06:50:57'),
(83, '2611214', '3238', 1, 1, 1, 1, 2, 'فاطمة انيس احمد خميس', NULL, 2, '777809944', NULL, NULL, '2008-05-29', 'عدن', NULL, NULL, 'عدن', 'عدن', NULL, 'بطاقة شخصية الكتروني', '7622-9345-2237', NULL, NULL, NULL, 'علمي', '2025-2024', '51104708', NULL, NULL, 95.38, NULL, 'مجمع دار منصور', 'عدن', 'دار سعد', NULL, 'Arabian Gulf University for Science and Technology/College of Health Sciences/2025-2026/Laboratories/first/2611214/photo_student_2611214.jpg', 'Arabian Gulf University for Science and Technology/College of Health Sciences/2025-2026/Laboratories/first/2611214/photo_identity_2611214.jpg', 'Arabian Gulf University for Science and Technology/College of Health Sciences/2025-2026/Laboratories/first/2611214/photo_certificate_high_school_2611214.jpg', NULL, '2025-11-03 06:49:40', '2025-11-03 06:50:57'),
(84, '2611215', '3239', 1, 1, 1, 1, 2, 'انهار طلال احمد علي فارع', NULL, 2, '778329364', NULL, NULL, '2004-01-01', 'لحج', NULL, NULL, 'لحج', 'الحوطة', NULL, 'بطاقة شخصية', '600092021', NULL, NULL, NULL, 'علمي', '2022-2021', '21107878', NULL, NULL, 97.63, NULL, 'الزهراء', 'لحج', 'الحوطة', NULL, 'Arabian Gulf University for Science and Technology/College of Health Sciences/2025-2026/Laboratories/first/2611215/photo_student_2611215.jpg', 'Arabian Gulf University for Science and Technology/College of Health Sciences/2025-2026/Laboratories/first/2611215/photo_identity_2611215.jpg', 'Arabian Gulf University for Science and Technology/College of Health Sciences/2025-2026/Laboratories/first/2611215/photo_certificate_high_school_2611215.jpg', NULL, '2025-11-03 06:49:40', '2025-11-03 06:50:57'),
(85, '2611216', '3240', 1, 1, 1, 1, 2, 'ذكريات احمد محمد احمد منصور', NULL, 2, '783678852 - 777642136', NULL, NULL, '2008-03-01', 'لحج', NULL, NULL, 'لحج', 'الحوطة', NULL, 'شهادة ميلاد', '242', NULL, NULL, NULL, 'علمي', '2025-2024', '51108819', NULL, NULL, 97.38, NULL, 'الزهراء', 'لحج', 'الحوطة', NULL, 'Arabian Gulf University for Science and Technology/College of Health Sciences/2025-2026/Laboratories/first/2611216/photo_student_2611216.jpg', 'Arabian Gulf University for Science and Technology/College of Health Sciences/2025-2026/Laboratories/first/2611216/photo_identity_2611216.jpg', 'Arabian Gulf University for Science and Technology/College of Health Sciences/2025-2026/Laboratories/first/2611216/photo_certificate_high_school_2611216.jpg', NULL, '2025-11-03 06:49:40', '2025-11-03 06:50:57'),
(86, '2611117', '3141', 1, 1, 1, 1, 2, 'اصيل وسيم ثابت علي', NULL, 1, '776709268', NULL, NULL, '2005-12-28', 'لحج', NULL, NULL, 'لحج', 'تبن', NULL, 'بطاقة شخصية الكتروني', '6398-8334-1362', NULL, NULL, NULL, 'علمي', '2024-2023', '41109931', NULL, NULL, 87.75, NULL, 'ثانوية صبر للبنين', 'لحج', 'تبن', NULL, 'Arabian Gulf University for Science and Technology/College of Health Sciences/2025-2026/Laboratories/first/2611117/photo_student_2611117.jpg', 'Arabian Gulf University for Science and Technology/College of Health Sciences/2025-2026/Laboratories/first/2611117/photo_identity_2611117.jpg', 'Arabian Gulf University for Science and Technology/College of Health Sciences/2025-2026/Laboratories/first/2611117/photo_certificate_high_school_2611117.jpg', NULL, '2025-11-03 06:49:40', '2025-11-03 06:50:57');
INSERT INTO `students` (`id`, `student_id`, `password`, `student_status_id`, `level_id`, `major_id`, `college_id`, `academic_year_id`, `name_ar`, `name_en`, `gender`, `phone`, `email`, `nationality`, `birth_date`, `birth_place`, `marital_status`, `blood_type`, `current_governorate`, `current_directorate`, `current_district_village`, `id_type`, `national_id_number`, `national_id_issue_date`, `national_id_issuing_authority`, `student_landline_phone`, `hs_certificate_section`, `hs_graduation_year_text`, `hs_seat_number`, `hs_total_marks`, `hs_max_marks`, `hs_certificate_gpa`, `hs_certificate_issue_date`, `hs_certificate_school_name`, `hs_certificate_governorate`, `hs_certificate_directorate`, `high_school_branch`, `photo_student`, `photo_identity`, `photo_certificate_high_school`, `photo_registration_fee`, `created_at`, `updated_at`) VALUES
(87, '2611218', '3242', 1, 1, 1, 1, 2, 'فرح سامي محمد حاصل', NULL, 2, '784802898', NULL, NULL, '2005-05-15', 'لحج', NULL, NULL, 'لحج', 'الحوطة', NULL, 'بطاقة شخصية', '6000095966', NULL, NULL, NULL, 'علمي', '2023-2022', '31113960', NULL, NULL, 81.13, NULL, 'الامل الاهلية', 'لحج', 'تبن', NULL, 'Arabian Gulf University for Science and Technology/College of Health Sciences/2025-2026/Laboratories/first/2611218/photo_student_2611218.png', 'Arabian Gulf University for Science and Technology/College of Health Sciences/2025-2026/Laboratories/first/2611218/photo_identity_2611218.jpg', 'Arabian Gulf University for Science and Technology/College of Health Sciences/2025-2026/Laboratories/first/2611218/photo_certificate_high_school_2611218.jpg', NULL, '2025-11-03 06:49:40', '2025-11-03 06:50:57'),
(88, '2621201', '3225', 1, 1, 2, 2, 2, 'هبه سعيد عبدالله عبدالرحمن مدهش', NULL, 2, '776868355', NULL, NULL, '2006-10-05', 'لحج-تبن', NULL, NULL, 'لحج', 'تبن', NULL, 'رقم جلوس', '41110743', NULL, NULL, NULL, 'علمي', '2024-2023', '41110743', NULL, NULL, 77.88, NULL, 'مجمع السعيد', 'لحج', 'تبن', NULL, 'Arabian Gulf University for Science and Technology/College of Engineering and Computing/2025-2026/Information Technology/first/2621201/photo_student_2621201.png', NULL, 'Arabian Gulf University for Science and Technology/College of Engineering and Computing/2025-2026/Information Technology/first/2621201/photo_certificate_high_school_2621201.jpg', NULL, '2025-11-03 06:54:38', '2025-11-03 06:55:22'),
(89, '2621102', '3126', 1, 1, 2, 2, 2, 'وائل عبدالله عبدالرحمن حسن جلبه', NULL, 1, '775331939', NULL, NULL, '2005-09-08', 'الحديدة-الحوك', NULL, NULL, 'الحديدة', 'الحوك', NULL, 'رقم جلوس', '517540', NULL, NULL, NULL, 'علمي', '2023-2022', '517540', NULL, NULL, 73.88, NULL, 'الصباح', 'الحديدة', 'الحوك', NULL, 'Arabian Gulf University for Science and Technology/College of Engineering and Computing/2025-2026/Information Technology/first/2621102/photo_student_2621102.png', NULL, 'Arabian Gulf University for Science and Technology/College of Engineering and Computing/2025-2026/Information Technology/first/2621102/photo_certificate_high_school_2621102.jpg', NULL, '2025-11-03 06:54:38', '2025-11-03 06:55:22'),
(90, '2621103', '3127', 1, 1, 2, 2, 2, 'عمرو علي هاملي علي', NULL, 1, '779378252', NULL, NULL, '2006-01-01', 'الحديدة', NULL, NULL, 'الحديدة', 'الحديدة', NULL, 'جواز سفر', '15303748', NULL, NULL, NULL, 'علمي', '2024-2023', '41110858', NULL, NULL, 94.00, NULL, 'ثانوية صبر للبنين', 'لحج', 'تبن', NULL, 'Arabian Gulf University for Science and Technology/College of Engineering and Computing/2025-2026/Information Technology/first/2621103/photo_student_2621103.png', NULL, 'Arabian Gulf University for Science and Technology/College of Engineering and Computing/2025-2026/Information Technology/first/2621103/photo_certificate_high_school_2621103.jpg', NULL, '2025-11-03 06:54:38', '2025-11-03 06:55:22'),
(91, '2621204', '3228', 1, 1, 2, 2, 2, 'ابرار هاني عبدالكريم عوض محمد', NULL, 2, '770271705', NULL, NULL, '2007-12-13', 'لحج', NULL, NULL, 'لحج', 'لحج', NULL, 'رقم جلوس', '51108764', NULL, NULL, NULL, 'علمي', '2025-2024', '51108764', NULL, NULL, 87.38, NULL, 'الزهراء', 'لحج', 'الحوطة', NULL, 'Arabian Gulf University for Science and Technology/College of Engineering and Computing/2025-2026/Information Technology/first/2621204/photo_student_2621204.png', NULL, 'Arabian Gulf University for Science and Technology/College of Engineering and Computing/2025-2026/Information Technology/first/2621204/photo_certificate_high_school_2621204.jpg', NULL, '2025-11-03 06:54:38', '2025-11-03 06:55:22'),
(92, '2621105', '3129', 1, 1, 2, 2, 2, 'محمد فضل علي ناجي', NULL, 1, '777826961', NULL, NULL, '2006-09-28', 'الضالع', NULL, NULL, 'الضالع', 'الضالع', NULL, 'بطاقة شخصية الكتروني', '0107-1984-3618', NULL, NULL, NULL, 'علمي', '2024-2023', '41125762', NULL, NULL, 91.63, NULL, 'عديلة مرات', 'الضالع', 'الحصين', NULL, 'Arabian Gulf University for Science and Technology/College of Engineering and Computing/2025-2026/Information Technology/first/2621105/photo_student_2621105.png', NULL, 'Arabian Gulf University for Science and Technology/College of Engineering and Computing/2025-2026/Information Technology/first/2621105/photo_certificate_high_school_2621105.jpg', NULL, '2025-11-03 06:54:38', '2025-11-03 06:55:22'),
(93, '2621106', '3130', 1, 1, 2, 2, 2, 'عبدالله عبده محمد علي', NULL, 1, '784939655', NULL, NULL, '2005-07-10', 'لحج', NULL, NULL, 'لحج', 'طور الباحة', NULL, 'بطاقة شخصية', '6010167645', NULL, NULL, NULL, 'علمي', '2023-2022', '31114341', NULL, NULL, 85.88, NULL, 'الراية الاهلية', 'لحج', 'تبن', NULL, 'Arabian Gulf University for Science and Technology/College of Engineering and Computing/2025-2026/Information Technology/first/2621106/photo_student_2621106.png', NULL, 'Arabian Gulf University for Science and Technology/College of Engineering and Computing/2025-2026/Information Technology/first/2621106/photo_certificate_high_school_2621106.jpg', NULL, '2025-11-03 06:54:38', '2025-11-03 06:55:22'),
(94, '2621207', '3231', 1, 1, 2, 2, 2, 'ضحى إيهاب علي العبد', NULL, 2, '781652165', NULL, NULL, '2007-06-09', 'عدن', NULL, NULL, 'عدن', 'عدن', NULL, 'جواز سفر', '13581693', NULL, NULL, NULL, 'علمي', '2025-2024', '51109655', NULL, NULL, 95.25, NULL, 'الخنساء', 'لحج', 'تبن', NULL, 'Arabian Gulf University for Science and Technology/College of Engineering and Computing/2025-2026/Information Technology/first/2621207/photo_student_2621207.png', NULL, 'Arabian Gulf University for Science and Technology/College of Engineering and Computing/2025-2026/Information Technology/first/2621207/photo_certificate_high_school_2621207.jpg', NULL, '2025-11-03 06:54:38', '2025-11-03 06:55:22'),
(95, '2621108', '3132', 1, 1, 2, 2, 2, 'محمد حسام محمد احمد الفقية', NULL, 1, '783553830', NULL, NULL, '2005-06-08', 'لحج', NULL, NULL, 'لحج', 'لحج', NULL, 'بطاقة شخصية الكتروني', '2017-6815-0964', NULL, NULL, NULL, 'علمي', '2024-2023', '41110903', NULL, NULL, 94.38, NULL, 'ثانوية صبر للبنين', 'لحج', 'تبن', NULL, 'Arabian Gulf University for Science and Technology/College of Engineering and Computing/2025-2026/Information Technology/first/2621108/photo_student_2621108.png', NULL, 'Arabian Gulf University for Science and Technology/College of Engineering and Computing/2025-2026/Information Technology/first/2621108/photo_certificate_high_school_2621108.jpg', NULL, '2025-11-03 06:54:38', '2025-11-03 06:55:22'),
(96, '2621109', '3133', 1, 1, 2, 2, 2, 'زيد عارف زيد احمد', NULL, 1, '778354593', NULL, NULL, '2007-01-02', 'لحج', NULL, NULL, 'لحج', 'المضاربه', NULL, 'بطاقة شخصية الكتروني', '7754-3985-0772', NULL, NULL, NULL, 'علمي', '2025-2024', '51116429', NULL, NULL, 88.88, NULL, 'خالد بن الوليد', 'لحج', 'المضاربه', NULL, 'Arabian Gulf University for Science and Technology/College of Engineering and Computing/2025-2026/Information Technology/first/2621109/photo_student_2621109.png', NULL, 'Arabian Gulf University for Science and Technology/College of Engineering and Computing/2025-2026/Information Technology/first/2621109/photo_certificate_high_school_2621109.jpg', NULL, '2025-11-03 06:54:38', '2025-11-03 06:55:22'),
(97, '2621210', '3234', 1, 1, 2, 2, 2, 'شيماء رشدي محسن أحمد جبران', NULL, 2, '773150570', NULL, NULL, '2006-01-12', 'لحج', NULL, NULL, 'لحج', 'تبن - صبر', NULL, 'شهادة ميلاد', '2788', NULL, NULL, NULL, 'علمي', '2024-2023', '41110642', NULL, NULL, 79.38, NULL, 'مجمع السعيد', 'لحج', 'تبن', NULL, 'Arabian Gulf University for Science and Technology/College of Engineering and Computing/2025-2026/Information Technology/first/2621210/photo_student_2621210.png', NULL, 'Arabian Gulf University for Science and Technology/College of Engineering and Computing/2025-2026/Information Technology/first/2621210/photo_certificate_high_school_2621210.jpg', NULL, '2025-11-03 06:54:38', '2025-11-03 06:55:22'),
(98, '2621111', '3135', 1, 1, 2, 2, 2, 'أسامة عارف سعيد حسن', NULL, 1, '774615974', NULL, NULL, '2007-01-08', 'لحج', NULL, NULL, 'لحج', 'لحج', NULL, 'بطاقة شخصية الكتروني', '0330-6395-0629', NULL, NULL, NULL, 'علمي', '2025-2024', '51108936', NULL, NULL, 96.00, NULL, 'ثانوية الفاروق', 'لحج', 'الحوطة', NULL, 'Arabian Gulf University for Science and Technology/College of Engineering and Computing/2025-2026/Information Technology/first/2621111/photo_student_2621111.png', NULL, 'Arabian Gulf University for Science and Technology/College of Engineering and Computing/2025-2026/Information Technology/first/2621111/photo_certificate_high_school_2621111.jpg', NULL, '2025-11-03 06:54:38', '2025-11-03 06:55:22'),
(99, '2621212', '3236', 1, 1, 2, 2, 2, 'فرح شوقي زين علي', NULL, 2, '781193557', NULL, NULL, '2006-06-28', 'لحج', NULL, NULL, 'لحج', 'لحج', NULL, 'بطاقة شخصية الكتروني', '2104-0475-1102', NULL, NULL, NULL, 'علمي', '2024-2023', '41109396', NULL, NULL, 99.00, NULL, 'الشهيدة اقبال', 'لحج', 'تبن', NULL, 'Arabian Gulf University for Science and Technology/College of Engineering and Computing/2025-2026/Information Technology/first/2621212/photo_student_2621212.png', NULL, 'Arabian Gulf University for Science and Technology/College of Engineering and Computing/2025-2026/Information Technology/first/2621212/photo_certificate_high_school_2621212.jpg', NULL, '2025-11-03 06:54:38', '2025-11-03 06:55:22'),
(100, '2621113', '3137', 1, 1, 2, 2, 2, 'سميح نجيب ياسين احمد', NULL, 1, '783969835', NULL, NULL, '2006-01-02', 'لحج', NULL, NULL, 'لحج', 'المضاربه', NULL, 'بطاقة شخصية الكتروني', '3786-1475-0770', NULL, NULL, NULL, 'علمي', '2025-2024', '51116430', NULL, NULL, 84.13, NULL, 'خالد بن الوليد', 'لحج', 'المضاربه', NULL, 'Arabian Gulf University for Science and Technology/College of Engineering and Computing/2025-2026/Information Technology/first/2621113/photo_student_2621113.png', NULL, 'Arabian Gulf University for Science and Technology/College of Engineering and Computing/2025-2026/Information Technology/first/2621113/photo_certificate_high_school_2621113.jpg', NULL, '2025-11-03 06:54:38', '2025-11-03 06:55:22'),
(101, '2621114', '3138', 1, 1, 2, 2, 2, 'أحمد وجدي حسن محمد مرشد', NULL, 1, '771754134', NULL, NULL, '2007-11-08', 'لحج', NULL, NULL, 'لحج', 'لحج', NULL, 'رقم جلوس', '51108946', NULL, NULL, NULL, 'علمي', '2025-2024', '51108946', NULL, NULL, 86.88, NULL, 'ثانوية الفاروق', 'لحج', 'الحوطة', NULL, 'Arabian Gulf University for Science and Technology/College of Engineering and Computing/2025-2026/Information Technology/first/2621114/photo_student_2621114.png', NULL, 'Arabian Gulf University for Science and Technology/College of Engineering and Computing/2025-2026/Information Technology/first/2621114/photo_certificate_high_school_2621114.jpg', NULL, '2025-11-03 06:54:38', '2025-11-03 06:55:22'),
(102, '2621115', '3139', 1, 1, 2, 2, 2, 'محمد شوقي سعيد سالم الجعدي', NULL, 1, '775141334', NULL, NULL, '2003-04-12', 'لحج', NULL, NULL, 'لحج', 'لحج', NULL, 'بطاقة شخصية الكتروني', '5736-7845-2053', NULL, NULL, NULL, 'علمي', '2022-2021', '21108642', NULL, NULL, 75.88, NULL, 'الشوكاني', 'لحج', 'تبن', NULL, 'Arabian Gulf University for Science and Technology/College of Engineering and Computing/2025-2026/Information Technology/first/2621115/photo_student_2621115.png', NULL, 'Arabian Gulf University for Science and Technology/College of Engineering and Computing/2025-2026/Information Technology/first/2621115/photo_certificate_high_school_2621115.jpg', NULL, '2025-11-03 06:54:38', '2025-11-03 06:55:22'),
(103, '2621116', '3140', 1, 1, 2, 2, 2, 'علي احمد شائف محسن', NULL, 1, '776658729', NULL, NULL, '2004-12-29', 'لحج', NULL, NULL, 'لحج', 'المسيمير', NULL, 'بطاقة شخصية', '6010169395', NULL, NULL, NULL, 'علمي', '2023-2022', '31118373', NULL, NULL, 92.50, NULL, 'علي بن ابي طالب', 'لحج', 'المسيمير', NULL, 'Arabian Gulf University for Science and Technology/College of Engineering and Computing/2025-2026/Information Technology/first/2621116/photo_student_2621116.png', NULL, 'Arabian Gulf University for Science and Technology/College of Engineering and Computing/2025-2026/Information Technology/first/2621116/photo_certificate_high_school_2621116.jpg', NULL, '2025-11-03 06:54:38', '2025-11-03 06:55:22'),
(104, '2632101', '4125', 1, 1, 4, 3, 2, 'اكرامي اكرم فضل محسن سعيد', NULL, 1, '779230212', NULL, NULL, '2003-12-24', 'لحج', NULL, NULL, 'لحج', 'الحوطة', NULL, 'بطاقة شخصية', '6010175935', NULL, NULL, NULL, 'علمي', '2022-2021', '21108057', NULL, 800.00, 92.25, NULL, 'ثانوية الفاروق', 'لحج', 'الحوطة', NULL, 'Arabian Gulf University for Science and Technology/College of Administrative and Human Sciences/2025-2026/Accounting/first/2632101/photo_student_2632101.jpg', NULL, 'Arabian Gulf University for Science and Technology/College of Administrative and Human Sciences/2025-2026/Accounting/first/2632101/photo_certificate_high_school_2632101.jpg', NULL, '2025-11-03 06:57:49', '2025-11-07 09:12:02'),
(105, '2632102', '4126', 1, 1, 4, 3, 2, 'سعيد رائد سعيد ناشر', NULL, 1, '775762402', NULL, NULL, '2008-05-15', 'لحج', NULL, NULL, 'لحج', 'تبن', NULL, 'رقم جلوس', '51110496', NULL, NULL, NULL, 'علمي', '2025-2024', '51110496', NULL, NULL, 84.25, NULL, 'ثانوية صبر للبنين', 'لحج', 'تبن', NULL, 'Arabian Gulf University for Science and Technology/College of Administrative and Human Sciences/2025-2026/Accounting/first/2632102/photo_student_2632102.jpg', NULL, 'Arabian Gulf University for Science and Technology/College of Administrative and Human Sciences/2025-2026/Accounting/first/2632102/photo_certificate_high_school_2632102.jpg', NULL, '2025-11-03 06:57:49', '2025-11-03 06:59:46'),
(106, '2632203', '4227', 1, 1, 4, 3, 2, 'سمر علي احمد يحيى', NULL, 2, '783178425', NULL, NULL, '2005-07-15', 'لحج', NULL, NULL, 'لحج', 'تبن', NULL, 'شهادة ميلاد', '454', NULL, NULL, NULL, 'علمي', '2023-2022', '31112510', NULL, NULL, 81.38, NULL, 'الخنساء', 'لحج', 'تبن', NULL, 'Arabian Gulf University for Science and Technology/College of Administrative and Human Sciences/2025-2026/Accounting/first/2632203/photo_student_2632203.jpg', NULL, 'Arabian Gulf University for Science and Technology/College of Administrative and Human Sciences/2025-2026/Accounting/first/2632203/photo_certificate_high_school_2632203.jpg', NULL, '2025-11-03 06:57:49', '2025-11-03 06:59:46'),
(107, '2632104', '4128', 1, 1, 4, 3, 2, 'إبراهيم عبده محبوب مبارك', NULL, 1, '775805175', NULL, NULL, '2003-05-14', 'لحج', NULL, NULL, 'لحج', 'تبن', NULL, 'بطاقة شخصية', '6010173723', NULL, NULL, NULL, 'علمي', '2022-2021', '21109748', NULL, NULL, 79.88, NULL, 'الشهيد عباس', 'لحج', 'تبن', NULL, 'Arabian Gulf University for Science and Technology/College of Administrative and Human Sciences/2025-2026/Accounting/first/2632104/photo_student_2632104.jpg', NULL, 'Arabian Gulf University for Science and Technology/College of Administrative and Human Sciences/2025-2026/Accounting/first/2632104/photo_certificate_high_school_2632104.jpg', NULL, '2025-11-03 06:57:49', '2025-11-03 06:59:46'),
(108, '2632105', '4129', 1, 1, 4, 3, 2, 'احمد رائد عبود فضل', NULL, 1, '770642170', NULL, NULL, '2006-11-02', 'لحج', NULL, NULL, 'لحج', 'تبن', NULL, 'جواز سفر', '13583513', NULL, NULL, NULL, 'علمي', '2025-2024', '51110364', NULL, NULL, 87.25, NULL, 'ثانوية صبر للبنين', 'لحج', 'تبن', NULL, 'Arabian Gulf University for Science and Technology/College of Administrative and Human Sciences/2025-2026/Accounting/first/2632105/photo_student_2632105.jpg', NULL, 'Arabian Gulf University for Science and Technology/College of Administrative and Human Sciences/2025-2026/Accounting/first/2632105/photo_certificate_high_school_2632105.jpg', NULL, '2025-11-03 06:57:49', '2025-11-03 06:59:46'),
(109, '2632106', '4130', 1, 1, 4, 3, 2, 'سيف بن ذويزن هادي علي', NULL, 1, '772541355', NULL, NULL, '2007-09-16', 'عدن', NULL, NULL, 'عدن', 'عدن', NULL, 'جواز سفر', '13859870', NULL, NULL, NULL, 'علمي', '2025-2024', '51107359', NULL, NULL, 86.88, NULL, 'ثانوية النعمان', 'عدن', 'المنصورة', NULL, 'Arabian Gulf University for Science and Technology/College of Administrative and Human Sciences/2025-2026/Accounting/first/2632106/photo_student_2632106.jpg', NULL, 'Arabian Gulf University for Science and Technology/College of Administrative and Human Sciences/2025-2026/Accounting/first/2632106/photo_certificate_high_school_2632106.jpg', NULL, '2025-11-03 06:57:49', '2025-11-03 06:59:46'),
(110, '2632107', '4131', 1, 1, 4, 3, 2, 'ايمن ياسر صالح عبدالقوي', NULL, 1, '737714210', NULL, NULL, '2004-04-23', 'أبين', NULL, NULL, 'اأبين', 'رصد', NULL, 'بطاقة شخصية الكتروني', '9686-7715-0855', NULL, NULL, NULL, 'علمي', '2023-2022', '31109811', NULL, NULL, 79.38, NULL, 'ثانوية خالد بن الوليد رخمة', 'أبين', 'رصد', NULL, 'Arabian Gulf University for Science and Technology/College of Administrative and Human Sciences/2025-2026/Accounting/first/2632107/photo_student_2632107.jpg', NULL, 'Arabian Gulf University for Science and Technology/College of Administrative and Human Sciences/2025-2026/Accounting/first/2632107/photo_certificate_high_school_2632107.jpg', NULL, '2025-11-03 06:57:49', '2025-11-03 06:59:46'),
(111, '2632108', '4132', 1, 1, 4, 3, 2, 'توهيب صالح سالم حمود', NULL, 1, '781607408', NULL, NULL, '2004-12-28', 'لحج', NULL, NULL, 'لحج', 'المسيمير', NULL, 'بطاقة شخصية الكتروني', '6194-7734-2195', NULL, NULL, NULL, 'علمي', '2024-2023', '41115911', NULL, NULL, 84.50, NULL, 'علي بن ابي طالب', 'لحج', 'المسيمير', NULL, 'Arabian Gulf University for Science and Technology/College of Administrative and Human Sciences/2025-2026/Accounting/first/2632108/photo_student_2632108.jpg', NULL, 'Arabian Gulf University for Science and Technology/College of Administrative and Human Sciences/2025-2026/Accounting/first/2632108/photo_certificate_high_school_2632108.jpg', NULL, '2025-11-03 06:57:49', '2025-11-03 06:59:46'),
(112, '2632109', '4133', 1, 1, 4, 3, 2, 'إبراهيم محسن احمد يوسف', NULL, 1, '776524252', NULL, NULL, '2006-07-01', 'لحج', NULL, NULL, 'لحج', 'الحوطة', NULL, 'بطاقة شخصية الكتروني', '5745-4364-2821', NULL, NULL, NULL, 'علمي', '2024-2023', '41108875', NULL, NULL, 81.50, NULL, 'ثانوية الفاروق', 'لحج', 'الحوطة', NULL, 'Arabian Gulf University for Science and Technology/College of Administrative and Human Sciences/2025-2026/Accounting/first/2632109/photo_student_2632109.jpg', NULL, 'Arabian Gulf University for Science and Technology/College of Administrative and Human Sciences/2025-2026/Accounting/first/2632109/photo_certificate_high_school_2632109.jpg', NULL, '2025-11-03 06:57:49', '2025-11-03 06:59:46'),
(113, '2632110', '4134', 1, 1, 4, 3, 2, 'امين مرشد ناجي زين', NULL, 1, '783168109', NULL, NULL, '2005-01-01', 'لحج', NULL, NULL, 'لحج', 'تبن', NULL, 'بطاقة شخصية الكتروني', '2944-9205-2067', NULL, NULL, NULL, 'علمي', '2025-2024', '51117017', NULL, NULL, 86.75, NULL, 'ثانوية صبر للبنين', 'لحج', 'تبن', NULL, 'Arabian Gulf University for Science and Technology/College of Administrative and Human Sciences/2025-2026/Accounting/first/2632110/photo_student_2632110.jpg', NULL, 'Arabian Gulf University for Science and Technology/College of Administrative and Human Sciences/2025-2026/Accounting/first/2632110/photo_certificate_high_school_2632110.jpg', NULL, '2025-11-03 06:57:49', '2025-11-03 06:59:46'),
(114, '2632111', '4135', 1, 1, 4, 3, 2, 'حسين عارف عبدالرزاق حسين', NULL, 1, '773803690', NULL, NULL, '2006-10-30', 'لحج', NULL, NULL, 'لحج', 'الحوطة', NULL, 'جواز سفر', '6928817', NULL, NULL, NULL, 'علمي', '2025-2024', '51108961', NULL, NULL, 94.88, NULL, 'ثانوية الفاروق', 'لحج', 'الحوطة', NULL, 'Arabian Gulf University for Science and Technology/College of Administrative and Human Sciences/2025-2026/Accounting/first/2632111/photo_student_2632111.jpg', NULL, 'Arabian Gulf University for Science and Technology/College of Administrative and Human Sciences/2025-2026/Accounting/first/2632111/photo_certificate_high_school_2632111.jpg', NULL, '2025-11-03 06:57:49', '2025-11-03 06:59:46'),
(115, '2632112', '4136', 1, 1, 4, 3, 2, 'محمد صادق هادي سالم', NULL, 1, '778389567', NULL, NULL, '2006-04-13', 'لحج', NULL, NULL, 'لحج', 'تبن', NULL, 'بطاقة شخصية', '601018677', NULL, NULL, NULL, 'علمي', '2024-2023', '41109447', NULL, NULL, 83.00, NULL, 'الشوكاني', 'لحج', 'تبن', NULL, 'Arabian Gulf University for Science and Technology/College of Administrative and Human Sciences/2025-2026/Accounting/first/2632112/photo_student_2632112.jpg', NULL, 'Arabian Gulf University for Science and Technology/College of Administrative and Human Sciences/2025-2026/Accounting/first/2632112/photo_certificate_high_school_2632112.jpg', NULL, '2025-11-03 06:57:49', '2025-11-03 06:59:46'),
(116, '2632113', '4137', 1, 1, 4, 3, 2, 'محمد عبدالقوي عمر صالح مساعد', NULL, 1, '781207817', NULL, NULL, '2007-07-01', 'لحج', NULL, NULL, 'لحج', 'تبن', NULL, 'بطاقة شخصية الكتروني', '2176-3515-0812', NULL, NULL, NULL, 'علمي', '2025-2024', '51110148', NULL, NULL, 87.75, NULL, 'ثانوية صبر للبنين', 'لحج', 'تبن', NULL, 'Arabian Gulf University for Science and Technology/College of Administrative and Human Sciences/2025-2026/Accounting/first/2632113/photo_student_2632113.jpg', NULL, 'Arabian Gulf University for Science and Technology/College of Administrative and Human Sciences/2025-2026/Accounting/first/2632113/photo_certificate_high_school_2632113.jpg', NULL, '2025-11-03 06:57:49', '2025-11-03 06:59:46'),
(117, '2632214', '4238', 1, 1, 4, 3, 2, 'مارينا عادل سالم حمود', NULL, 2, '783977282', NULL, NULL, '2004-04-13', 'لحج', NULL, NULL, 'لحج', 'المسيمير', NULL, 'رقم جلوس', '31118397', NULL, NULL, NULL, 'علمي', '2023-2022', '31118397', NULL, NULL, 90.63, NULL, 'علي بن ابي طالب', 'لحج', 'المسيمير', NULL, NULL, NULL, 'Arabian Gulf University for Science and Technology/College of Administrative and Human Sciences/2025-2026/Accounting/first/2632214/photo_certificate_high_school_2632214.jpg', NULL, '2025-11-03 06:57:49', '2025-11-03 06:59:46'),
(118, '2632115', '4139', 1, 1, 4, 3, 2, 'عبدالصمد بشير ناجي إسماعيل', NULL, 1, '771482539', NULL, NULL, '2005-05-16', 'لحج', NULL, NULL, 'لحج', 'المضاربة وراس العارة', NULL, 'بطاقة شخصية', '6010189066', NULL, NULL, NULL, 'علمي', '2024-2023', '41116398', NULL, NULL, 82.13, NULL, 'عمرو بن العاص - ملبية', 'لحج', 'المضاربة', NULL, 'Arabian Gulf University for Science and Technology/College of Administrative and Human Sciences/2025-2026/Accounting/first/2632115/photo_student_2632115.jpg', NULL, 'Arabian Gulf University for Science and Technology/College of Administrative and Human Sciences/2025-2026/Accounting/first/2632115/photo_certificate_high_school_2632115.jpg', NULL, '2025-11-03 06:57:49', '2025-11-03 06:59:46'),
(119, '2632116', '4140', 1, 1, 4, 3, 2, 'سهيل محمد سعيد احمد', NULL, 1, '783388961', NULL, NULL, '2004-10-23', 'لحج', NULL, NULL, 'لحج', 'تبن', NULL, 'بطاقة شخصية الكتروني', '7701-7335-0852', NULL, NULL, NULL, 'علمي', '2023-2022', '31113383', NULL, NULL, 86.50, NULL, 'ثانوية صبر للبنين', 'لحج', 'تبن', NULL, 'Arabian Gulf University for Science and Technology/College of Administrative and Human Sciences/2025-2026/Accounting/first/2632116/photo_student_2632116.png', NULL, 'Arabian Gulf University for Science and Technology/College of Administrative and Human Sciences/2025-2026/Accounting/first/2632116/photo_certificate_high_school_2632116.jpg', NULL, '2025-11-03 06:57:49', '2025-11-03 06:59:46'),
(120, '2621117', '3141', 1, 1, 2, 2, 2, 'عبدالرحمن عمر عبدالله سالم', NULL, 1, '784187560', NULL, NULL, NULL, 'لحج', NULL, NULL, 'لحج', 'تبن', NULL, 'جواز سفر', '9258424', NULL, NULL, NULL, 'علمي', '2024-2023', '41110274', NULL, NULL, 90.00, NULL, '26 سمبتمبر بنين', 'لحج', 'تبن', NULL, 'Arabian Gulf University for Science and Technology/College of Engineering and Computing/2025-2026/Information Technology/first/2621117/photo_student_2621117.png', NULL, 'Arabian Gulf University for Science and Technology/College of Engineering and Computing/2025-2026/Information Technology/first/2621117/photo_certificate_high_school_2621117.jpg', NULL, '2025-11-16 02:33:25', '2025-11-18 03:44:19'),
(121, '2621218', '3242', 1, 1, 2, 2, 2, 'ليلى فضل علي مقبل', NULL, 2, NULL, NULL, NULL, NULL, 'لحج', NULL, NULL, 'لحج', 'تبن', NULL, 'بطاقة شخصية الكتروني', '0580-7334-1801', NULL, NULL, NULL, 'علمي', '2015-2014', '600831', NULL, NULL, 91.13, NULL, 'مجمع السعيد', 'لحج', 'تبن', NULL, 'Arabian Gulf University for Science and Technology/College of Engineering and Computing/2025-2026/Information Technology/first/2621218/photo_student_2621218.png', NULL, 'Arabian Gulf University for Science and Technology/College of Engineering and Computing/2025-2026/Information Technology/first/2621218/photo_certificate_high_school_2621218.jpg', NULL, '2025-11-16 03:37:54', '2025-11-18 03:46:16'),
(122, '2632118', '4142', 1, 1, 4, 3, 2, 'محمد عبدالكريم ناصر الشرفي', NULL, 1, '778404443', NULL, NULL, NULL, 'الحديده', NULL, NULL, 'لحج', 'تبن', NULL, 'جواز سفر', '7779005', NULL, NULL, NULL, 'علمي', '2023-2022', '422691', NULL, NULL, 57.88, NULL, 'الشهيد الكبسي', 'صنعاء', 'الثورة', NULL, NULL, NULL, NULL, NULL, '2025-11-16 03:55:54', '2025-11-16 03:55:54'),
(123, '2632217', '4241', 1, 1, 4, 3, 2, 'حياة حسن حامد حسن', NULL, 2, NULL, NULL, NULL, NULL, NULL, NULL, NULL, NULL, NULL, NULL, NULL, NULL, NULL, NULL, NULL, NULL, NULL, NULL, NULL, NULL, NULL, NULL, NULL, NULL, NULL, NULL, 'Arabian Gulf University for Science and Technology/College of Administrative and Human Sciences/2025-2026/Accounting/first/2632217/photo_student_2632217.png', NULL, 'Arabian Gulf University for Science and Technology/College of Administrative and Human Sciences/2025-2026/Accounting/first/2632217/photo_certificate_high_school_2632217.jpg', NULL, '2025-11-16 04:23:56', '2025-11-18 03:45:52');

-- --------------------------------------------------------

--
-- Table structure for table `student_statuses`
--

CREATE TABLE `student_statuses` (
  `id` bigint(20) UNSIGNED NOT NULL,
  `name_ar` varchar(255) NOT NULL,
  `name_en` varchar(255) NOT NULL,
  `description` text DEFAULT NULL,
  `created_at` timestamp NULL DEFAULT NULL,
  `updated_at` timestamp NULL DEFAULT NULL
) ENGINE=InnoDB DEFAULT CHARSET=utf8mb4 COLLATE=utf8mb4_unicode_ci;

--
-- Dumping data for table `student_statuses`
--

INSERT INTO `student_statuses` (`id`, `name_ar`, `name_en`, `description`, `created_at`, `updated_at`) VALUES
(1, 'مستجد', 'new', 'طالب تم تسجيله حديثًا، لا توجد له درجات', NULL, NULL),
(2, 'مستمر', 'active', 'نجح أو لم يرسب بما يؤثر على تقدمه', NULL, NULL),
(3, 'إعادة_سنة', 'repeating', 'راسب في 4 مواد كحد أقصى بنفص الفصل او بفصول مختلفة (بأي فصل/سنة)', NULL, NULL),
(4, 'مفصول', 'dismissed', 'راسب بجميع المواد في فصل واحد فقط', NULL, NULL),
(5, 'منقطع', 'inactive', 'لديه درجات في سنوات سابقة، ولا شيء في العام الحالي', NULL, NULL),
(6, 'وقف_قيد', 'suspended', 'إداريًا، يتم تحديده يدويًا', NULL, NULL),
(7, 'خريج', 'graduated', 'عند استكمال كل المتطلبات الأكاديمية', NULL, NULL);

--
-- Indexes for dumped tables
--

--
-- Indexes for table `academic_years`
--
ALTER TABLE `academic_years`
  ADD PRIMARY KEY (`id`),
  ADD UNIQUE KEY `academic_years_label_unique` (`label`);

--
-- Indexes for table `colleges`
--
ALTER TABLE `colleges`
  ADD PRIMARY KEY (`id`);

--
-- Indexes for table `college_grading_scales`
--
ALTER TABLE `college_grading_scales`
  ADD PRIMARY KEY (`id`),
  ADD UNIQUE KEY `college_grading_scales_college_id_grade_name_unique` (`college_id`,`grade_name`);

--
-- Indexes for table `courses`
--
ALTER TABLE `courses`
  ADD PRIMARY KEY (`id`),
  ADD KEY `courses_major_id_foreign` (`major_id`),
  ADD KEY `courses_semester_id_foreign` (`semester_id`),
  ADD KEY `courses_course_type_id_foreign` (`course_type_id`);

--
-- Indexes for table `course_types`
--
ALTER TABLE `course_types`
  ADD PRIMARY KEY (`id`);

--
-- Indexes for table `grades`
--
ALTER TABLE `grades`
  ADD PRIMARY KEY (`id`),
  ADD KEY `grades_student_id_foreign` (`student_id`),
  ADD KEY `grades_course_id_foreign` (`course_id`),
  ADD KEY `grades_semester_id_foreign` (`semester_id`),
  ADD KEY `grades_academic_year_id_foreign` (`academic_year_id`);

--
-- Indexes for table `grades_draft`
--
ALTER TABLE `grades_draft`
  ADD PRIMARY KEY (`id`),
  ADD KEY `grades_draft_grade_export_id_foreign` (`grade_export_id`),
  ADD KEY `grades_draft_student_id_foreign` (`student_id`),
  ADD KEY `grades_draft_course_id_foreign` (`course_id`),
  ADD KEY `grades_draft_semester_id_foreign` (`semester_id`),
  ADD KEY `grades_draft_academic_year_id_foreign` (`academic_year_id`);

--
-- Indexes for table `grade_exports`
--
ALTER TABLE `grade_exports`
  ADD PRIMARY KEY (`id`),
  ADD UNIQUE KEY `grade_exports_serial_unique` (`serial`),
  ADD KEY `grade_exports_academic_year_id_foreign` (`academic_year_id`),
  ADD KEY `grade_exports_college_id_foreign` (`college_id`),
  ADD KEY `grade_exports_level_id_foreign` (`level_id`),
  ADD KEY `grade_exports_major_id_foreign` (`major_id`),
  ADD KEY `grade_exports_course_id_foreign` (`course_id`),
  ADD KEY `grade_exports_semester_id_foreign` (`semester_id`),
  ADD KEY `grade_exports_status_id_foreign` (`status_id`);

--
-- Indexes for table `grade_export_statuses`
--
ALTER TABLE `grade_export_statuses`
  ADD PRIMARY KEY (`id`);

--
-- Indexes for table `levels`
--
ALTER TABLE `levels`
  ADD PRIMARY KEY (`id`),
  ADD UNIQUE KEY `levels_name_ar_unique` (`name_ar`),
  ADD UNIQUE KEY `levels_name_en_unique` (`name_en`);

--
-- Indexes for table `majors`
--
ALTER TABLE `majors`
  ADD PRIMARY KEY (`id`),
  ADD KEY `majors_college_id_foreign` (`college_id`);

--
-- Indexes for table `semesters`
--
ALTER TABLE `semesters`
  ADD PRIMARY KEY (`id`),
  ADD UNIQUE KEY `semesters_name_ar_unique` (`name_ar`),
  ADD UNIQUE KEY `semesters_name_en_unique` (`name_en`),
  ADD KEY `semesters_level_id_foreign` (`level_id`);

--
-- Indexes for table `students`
--
ALTER TABLE `students`
  ADD PRIMARY KEY (`id`),
  ADD UNIQUE KEY `students_student_id_unique` (`student_id`),
  ADD KEY `students_student_status_id_foreign` (`student_status_id`),
  ADD KEY `students_level_id_foreign` (`level_id`),
  ADD KEY `students_major_id_foreign` (`major_id`),
  ADD KEY `students_college_id_foreign` (`college_id`),
  ADD KEY `students_academic_year_id_foreign` (`academic_year_id`);

--
-- Indexes for table `student_statuses`
--
ALTER TABLE `student_statuses`
  ADD PRIMARY KEY (`id`),
  ADD UNIQUE KEY `student_statuses_name_ar_unique` (`name_ar`),
  ADD UNIQUE KEY `student_statuses_name_en_unique` (`name_en`);

--
-- AUTO_INCREMENT for dumped tables
--

--
-- AUTO_INCREMENT for table `academic_years`
--
ALTER TABLE `academic_years`
  MODIFY `id` bigint(20) UNSIGNED NOT NULL AUTO_INCREMENT, AUTO_INCREMENT=3;

--
-- AUTO_INCREMENT for table `colleges`
--
ALTER TABLE `colleges`
  MODIFY `id` bigint(20) UNSIGNED NOT NULL AUTO_INCREMENT, AUTO_INCREMENT=5;

--
-- AUTO_INCREMENT for table `college_grading_scales`
--
ALTER TABLE `college_grading_scales`
  MODIFY `id` bigint(20) UNSIGNED NOT NULL AUTO_INCREMENT, AUTO_INCREMENT=21;

--
-- AUTO_INCREMENT for table `courses`
--
ALTER TABLE `courses`
  MODIFY `id` bigint(20) UNSIGNED NOT NULL AUTO_INCREMENT, AUTO_INCREMENT=79;

--
-- AUTO_INCREMENT for table `course_types`
--
ALTER TABLE `course_types`
  MODIFY `id` bigint(20) UNSIGNED NOT NULL AUTO_INCREMENT, AUTO_INCREMENT=3;

--
-- AUTO_INCREMENT for table `grades`
--
ALTER TABLE `grades`
  MODIFY `id` bigint(20) UNSIGNED NOT NULL AUTO_INCREMENT, AUTO_INCREMENT=1630;

--
-- AUTO_INCREMENT for table `grades_draft`
--
ALTER TABLE `grades_draft`
  MODIFY `id` bigint(20) UNSIGNED NOT NULL AUTO_INCREMENT, AUTO_INCREMENT=688;

--
-- AUTO_INCREMENT for table `grade_exports`
--
ALTER TABLE `grade_exports`
  MODIFY `id` bigint(20) UNSIGNED NOT NULL AUTO_INCREMENT, AUTO_INCREMENT=39;

--
-- AUTO_INCREMENT for table `grade_export_statuses`
--
ALTER TABLE `grade_export_statuses`
  MODIFY `id` bigint(20) UNSIGNED NOT NULL AUTO_INCREMENT, AUTO_INCREMENT=8;

--
-- AUTO_INCREMENT for table `levels`
--
ALTER TABLE `levels`
  MODIFY `id` bigint(20) UNSIGNED NOT NULL AUTO_INCREMENT, AUTO_INCREMENT=5;

--
-- AUTO_INCREMENT for table `majors`
--
ALTER TABLE `majors`
  MODIFY `id` bigint(20) UNSIGNED NOT NULL AUTO_INCREMENT, AUTO_INCREMENT=7;

--
-- AUTO_INCREMENT for table `semesters`
--
ALTER TABLE `semesters`
  MODIFY `id` bigint(20) UNSIGNED NOT NULL AUTO_INCREMENT, AUTO_INCREMENT=9;

--
-- AUTO_INCREMENT for table `students`
--
ALTER TABLE `students`
  MODIFY `id` bigint(20) UNSIGNED NOT NULL AUTO_INCREMENT, AUTO_INCREMENT=124;

--
-- AUTO_INCREMENT for table `student_statuses`
--
ALTER TABLE `student_statuses`
  MODIFY `id` bigint(20) UNSIGNED NOT NULL AUTO_INCREMENT, AUTO_INCREMENT=8;

--
-- Constraints for dumped tables
--

--
-- Constraints for table `college_grading_scales`
--
ALTER TABLE `college_grading_scales`
  ADD CONSTRAINT `college_grading_scales_college_id_foreign` FOREIGN KEY (`college_id`) REFERENCES `colleges` (`id`) ON DELETE CASCADE;

--
-- Constraints for table `courses`
--
ALTER TABLE `courses`
  ADD CONSTRAINT `courses_course_type_id_foreign` FOREIGN KEY (`course_type_id`) REFERENCES `course_types` (`id`),
  ADD CONSTRAINT `courses_major_id_foreign` FOREIGN KEY (`major_id`) REFERENCES `majors` (`id`) ON DELETE CASCADE,
  ADD CONSTRAINT `courses_semester_id_foreign` FOREIGN KEY (`semester_id`) REFERENCES `semesters` (`id`) ON DELETE CASCADE;

--
-- Constraints for table `grades`
--
ALTER TABLE `grades`
  ADD CONSTRAINT `grades_academic_year_id_foreign` FOREIGN KEY (`academic_year_id`) REFERENCES `academic_years` (`id`) ON DELETE CASCADE,
  ADD CONSTRAINT `grades_course_id_foreign` FOREIGN KEY (`course_id`) REFERENCES `courses` (`id`) ON DELETE CASCADE,
  ADD CONSTRAINT `grades_semester_id_foreign` FOREIGN KEY (`semester_id`) REFERENCES `semesters` (`id`) ON DELETE CASCADE,
  ADD CONSTRAINT `grades_student_id_foreign` FOREIGN KEY (`student_id`) REFERENCES `students` (`student_id`) ON DELETE CASCADE;

--
-- Constraints for table `grades_draft`
--
ALTER TABLE `grades_draft`
  ADD CONSTRAINT `grades_draft_academic_year_id_foreign` FOREIGN KEY (`academic_year_id`) REFERENCES `academic_years` (`id`) ON DELETE CASCADE,
  ADD CONSTRAINT `grades_draft_course_id_foreign` FOREIGN KEY (`course_id`) REFERENCES `courses` (`id`) ON DELETE CASCADE,
  ADD CONSTRAINT `grades_draft_grade_export_id_foreign` FOREIGN KEY (`grade_export_id`) REFERENCES `grade_exports` (`id`) ON DELETE CASCADE,
  ADD CONSTRAINT `grades_draft_semester_id_foreign` FOREIGN KEY (`semester_id`) REFERENCES `semesters` (`id`) ON DELETE CASCADE,
  ADD CONSTRAINT `grades_draft_student_id_foreign` FOREIGN KEY (`student_id`) REFERENCES `students` (`student_id`) ON DELETE CASCADE;

--
-- Constraints for table `grade_exports`
--
ALTER TABLE `grade_exports`
  ADD CONSTRAINT `grade_exports_academic_year_id_foreign` FOREIGN KEY (`academic_year_id`) REFERENCES `academic_years` (`id`) ON DELETE CASCADE,
  ADD CONSTRAINT `grade_exports_college_id_foreign` FOREIGN KEY (`college_id`) REFERENCES `colleges` (`id`) ON DELETE CASCADE,
  ADD CONSTRAINT `grade_exports_course_id_foreign` FOREIGN KEY (`course_id`) REFERENCES `courses` (`id`) ON DELETE CASCADE,
  ADD CONSTRAINT `grade_exports_level_id_foreign` FOREIGN KEY (`level_id`) REFERENCES `levels` (`id`) ON DELETE CASCADE,
  ADD CONSTRAINT `grade_exports_major_id_foreign` FOREIGN KEY (`major_id`) REFERENCES `majors` (`id`) ON DELETE CASCADE,
  ADD CONSTRAINT `grade_exports_semester_id_foreign` FOREIGN KEY (`semester_id`) REFERENCES `semesters` (`id`) ON DELETE CASCADE,
  ADD CONSTRAINT `grade_exports_status_id_foreign` FOREIGN KEY (`status_id`) REFERENCES `grade_export_statuses` (`id`) ON DELETE CASCADE;

--
-- Constraints for table `majors`
--
ALTER TABLE `majors`
  ADD CONSTRAINT `majors_college_id_foreign` FOREIGN KEY (`college_id`) REFERENCES `colleges` (`id`) ON DELETE CASCADE;

--
-- Constraints for table `semesters`
--
ALTER TABLE `semesters`
  ADD CONSTRAINT `semesters_level_id_foreign` FOREIGN KEY (`level_id`) REFERENCES `levels` (`id`) ON DELETE CASCADE;

--
-- Constraints for table `students`
--
ALTER TABLE `students`
  ADD CONSTRAINT `students_academic_year_id_foreign` FOREIGN KEY (`academic_year_id`) REFERENCES `academic_years` (`id`) ON DELETE CASCADE,
  ADD CONSTRAINT `students_college_id_foreign` FOREIGN KEY (`college_id`) REFERENCES `colleges` (`id`) ON DELETE CASCADE,
  ADD CONSTRAINT `students_level_id_foreign` FOREIGN KEY (`level_id`) REFERENCES `levels` (`id`) ON DELETE CASCADE,
  ADD CONSTRAINT `students_major_id_foreign` FOREIGN KEY (`major_id`) REFERENCES `majors` (`id`) ON DELETE CASCADE,
  ADD CONSTRAINT `students_student_status_id_foreign` FOREIGN KEY (`student_status_id`) REFERENCES `student_statuses` (`id`) ON DELETE CASCADE;
COMMIT;

/*!40101 SET CHARACTER_SET_CLIENT=@OLD_CHARACTER_SET_CLIENT */;
/*!40101 SET CHARACTER_SET_RESULTS=@OLD_CHARACTER_SET_RESULTS */;
/*!40101 SET COLLATION_CONNECTION=@OLD_COLLATION_CONNECTION */;
